{
"type": "FeatureCollection",
"name": "cities",
"features": [
{ "type": "Feature", "properties": { "N03_001": "福岡県", "N03_002": null, "N03_003": null, "N03_004": "所属未定地", "N03_005": null, "N03_007": "40000", "city": "所属未定地" }, "geometry": null },
{ "type": "Feature", "properties": { "N03_001": "福岡県", "N03_002": null, "N03_003": null, "N03_004": "北九州市", "N03_005": "門司区", "N03_007": "40101", "city": "北九州市門司区" }, "geometry": { "type": "Polygon", "coordinates": [ [ [ 130.977422581000013, 33.844443973 ], [ 130.978316226, 33.842516468 ], [ 130.983767613, 33.844116919 ], [ 130.982972866000011, 33.845614892 ], [ 130.987469274, 33.849457586 ], [ 130.987907639000014, 33.852155279 ], [ 130.986794253999989, 33.854882162 ], [ 130.988555913999988, 33.854750532 ], [ 130.98967799, 33.851312477 ], [ 130.993452205000011, 33.851032505 ], [ 130.998221660000013, 33.868323613 ], [ 130.988736161, 33.868712198 ], [ 130.984239300000013, 33.863978721 ], [ 130.982111608, 33.867060865 ], [ 130.986884721, 33.872286559 ], [ 130.986612309, 33.88146397300001 ], [ 130.988129689, 33.883485865 ], [ 130.989394527, 33.880122865 ], [ 130.990544994, 33.885627 ], [ 130.995195771999988, 33.885061333 ], [ 130.993584306, 33.87926236 ], [ 130.994022529, 33.875145414 ], [ 130.995461659999989, 33.873813027 ], [ 130.999752244, 33.873652162 ], [ 131.004027782, 33.889539514 ], [ 131.001572425, 33.890245739 ], [ 131.002031193, 33.892088225 ], [ 130.989123411, 33.894637225 ], [ 130.990874942, 33.895767586 ], [ 130.989796977999987, 33.899370414 ], [ 130.98720856, 33.899956252 ], [ 130.993590804, 33.902287919 ], [ 130.994926744, 33.904002279 ], [ 130.993722166, 33.905375775 ], [ 130.996857328, 33.907266802 ], [ 130.999907108, 33.903510081 ], [ 131.0020107, 33.903040495 ], [ 131.005275356999988, 33.904187721 ], [ 131.006120441, 33.906034865 ], [ 131.003766641, 33.905585946 ], [ 131.00192044100001, 33.909459865 ], [ 131.005234306, 33.915290108 ], [ 131.008527445, 33.915098414 ], [ 131.01321968900001, 33.915821829 ], [ 131.014560117, 33.919267081 ], [ 131.011374306, 33.920222613 ], [ 131.010384085999988, 33.922140468 ], [ 131.007391803, 33.921549135 ], [ 131.002285836999988, 33.921596586 ], [ 131.000888275, 33.923122865 ], [ 131.006673774, 33.92709158600001 ], [ 131.008458585999989, 33.929634 ], [ 131.010814968, 33.930669892 ], [ 131.00797153, 33.934258865 ], [ 131.008170272, 33.936890279000011 ], [ 131.010048469999987, 33.937654694 ], [ 131.009542503, 33.940165775 ], [ 131.010773333, 33.941890054 ], [ 131.017270169, 33.942228775 ], [ 131.021085279, 33.941867441 ], [ 131.021938975000012, 33.947122414 ], [ 131.018109611, 33.94976844100001 ], [ 131.019793696, 33.953438081 ], [ 131.022641193, 33.955204586 ], [ 131.023941893999989, 33.957687162 ], [ 131.023635422000012, 33.959857802 ], [ 131.017343969, 33.960006973 ], [ 131.020095694, 33.962294441 ], [ 131.010846109, 33.965459414 ], [ 131.006441051, 33.962131802 ], [ 131.000888833, 33.964022414 ], [ 131.003119494, 33.965898306 ], [ 131.005352918, 33.965164495 ], [ 131.008364747, 33.967755775 ], [ 131.002155550999987, 33.969884414 ], [ 130.993818417999989, 33.963519333 ], [ 130.994954228000012, 33.962545919 ], [ 130.989547756, 33.957746667 ], [ 130.992243307, 33.961751892 ], [ 130.976337717, 33.959556279 ], [ 130.977483774, 33.957675694 ], [ 130.975434968, 33.95742880200001 ], [ 130.974486004999989, 33.959072 ], [ 130.97080847, 33.961460946 ], [ 130.968050169, 33.961035973 ], [ 130.963007562, 33.962196667 ], [ 130.96172847, 33.959998829 ], [ 130.961655837, 33.956698667 ], [ 130.963631854999988, 33.956986532 ], [ 130.965756835, 33.952273333 ], [ 130.962124695, 33.953896108 ], [ 130.962426278, 33.947662612999984 ], [ 130.958227639, 33.944568108 ], [ 130.957395227, 33.945524468 ], [ 130.953605772, 33.943224829 ], [ 130.954590415000013, 33.942104306 ], [ 130.946244137, 33.938376495 ], [ 130.942439196, 33.931745441 ], [ 130.942781829000012, 33.930815748 ], [ 130.941187834, 33.924164198 ], [ 130.93941856, 33.922663748 ], [ 130.937107951, 33.91718436 ], [ 130.934095422000013, 33.912458667 ], [ 130.933441971, 33.909617279 ], [ 130.926245161999987, 33.902722333 ], [ 130.917089663000013, 33.896100865 ], [ 130.91506677000001, 33.895776766 ], [ 130.916780558, 33.892187775 ], [ 130.915321659999989, 33.888317225 ], [ 130.916915279, 33.886528333 ], [ 130.91592917, 33.882978333 ], [ 130.919083891000014, 33.877874162 ], [ 130.922571659999988, 33.873900559 ], [ 130.927188612, 33.872625279 ], [ 130.929127497, 33.869361667 ], [ 130.935201115000012, 33.869265829 ], [ 130.938818884999989, 33.868122225 ], [ 130.941277224, 33.868966946 ], [ 130.947476394, 33.867814721 ], [ 130.94975138800001, 33.863813892 ], [ 130.951560558000011, 33.863222495 ], [ 130.952411388, 33.860836667 ], [ 130.955874720999986, 33.858577495 ], [ 130.957268327, 33.859424721000011 ], [ 130.958388054000011, 33.854325559 ], [ 130.962801946000013, 33.854242775 ], [ 130.964704993999987, 33.857357495 ], [ 130.966388327, 33.857713333 ], [ 130.964665837000013, 33.854186387 ], [ 130.968755279, 33.850785559 ], [ 130.970045836999986, 33.848906108 ], [ 130.972813061000011, 33.848546108 ], [ 130.97732083, 33.846001108 ], [ 130.977422581000013, 33.844443973 ] ] ] } },
{ "type": "Feature", "properties": { "N03_001": "福岡県", "N03_002": null, "N03_003": null, "N03_004": "北九州市", "N03_005": "門司区", "N03_007": "40101", "city": "北九州市門司区" }, "geometry": null },
{ "type": "Feature", "properties": { "N03_001": "福岡県", "N03_002": null, "N03_003": null, "N03_004": "北九州市", "N03_005": "門司区", "N03_007": "40101", "city": "北九州市門司区" }, "geometry": null },
{ "type": "Feature", "properties": { "N03_001": "福岡県", "N03_002": null, "N03_003": null, "N03_004": "北九州市", "N03_005": "門司区", "N03_007": "40101", "city": "北九州市門司区" }, "geometry": null },
{ "type": "Feature", "properties": { "N03_001": "福岡県", "N03_002": null, "N03_003": null, "N03_004": "北九州市", "N03_005": "門司区", "N03_007": "40101", "city": "北九州市門司区" }, "geometry": null },
{ "type": "Feature", "properties": { "N03_001": "福岡県", "N03_002": null, "N03_003": null, "N03_004": "北九州市", "N03_005": "門司区", "N03_007": "40101", "city": "北九州市門司区" }, "geometry": null },
{ "type": "Feature", "properties": { "N03_001": "福岡県", "N03_002": null, "N03_003": null, "N03_004": "北九州市", "N03_005": "門司区", "N03_007": "40101", "city": "北九州市門司区" }, "geometry": null },
{ "type": "Feature", "properties": { "N03_001": "福岡県", "N03_002": null, "N03_003": null, "N03_004": "北九州市", "N03_005": "門司区", "N03_007": "40101", "city": "北九州市門司区" }, "geometry": null },
{ "type": "Feature", "properties": { "N03_001": "福岡県", "N03_002": null, "N03_003": null, "N03_004": "北九州市", "N03_005": "門司区", "N03_007": "40101", "city": "北九州市門司区" }, "geometry": null },
{ "type": "Feature", "properties": { "N03_001": "福岡県", "N03_002": null, "N03_003": null, "N03_004": "北九州市", "N03_005": "門司区", "N03_007": "40101", "city": "北九州市門司区" }, "geometry": null },
{ "type": "Feature", "properties": { "N03_001": "福岡県", "N03_002": null, "N03_003": null, "N03_004": "北九州市", "N03_005": "門司区", "N03_007": "40101", "city": "北九州市門司区" }, "geometry": null },
{ "type": "Feature", "properties": { "N03_001": "福岡県", "N03_002": null, "N03_003": null, "N03_004": "北九州市", "N03_005": "門司区", "N03_007": "40101", "city": "北九州市門司区" }, "geometry": null },
{ "type": "Feature", "properties": { "N03_001": "福岡県", "N03_002": null, "N03_003": null, "N03_004": "北九州市", "N03_005": "門司区", "N03_007": "40101", "city": "北九州市門司区" }, "geometry": null },
{ "type": "Feature", "properties": { "N03_001": "福岡県", "N03_002": null, "N03_003": null, "N03_004": "北九州市", "N03_005": "門司区", "N03_007": "40101", "city": "北九州市門司区" }, "geometry": null },
{ "type": "Feature", "properties": { "N03_001": "福岡県", "N03_002": null, "N03_003": null, "N03_004": "北九州市", "N03_005": "門司区", "N03_007": "40101", "city": "北九州市門司区" }, "geometry": null },
{ "type": "Feature", "properties": { "N03_001": "福岡県", "N03_002": null, "N03_003": null, "N03_004": "北九州市", "N03_005": "門司区", "N03_007": "40101", "city": "北九州市門司区" }, "geometry": null },
{ "type": "Feature", "properties": { "N03_001": "福岡県", "N03_002": null, "N03_003": null, "N03_004": "北九州市", "N03_005": "門司区", "N03_007": "40101", "city": "北九州市門司区" }, "geometry": null },
{ "type": "Feature", "properties": { "N03_001": "福岡県", "N03_002": null, "N03_003": null, "N03_004": "北九州市", "N03_005": "門司区", "N03_007": "40101", "city": "北九州市門司区" }, "geometry": null },
{ "type": "Feature", "properties": { "N03_001": "福岡県", "N03_002": null, "N03_003": null, "N03_004": "北九州市", "N03_005": "門司区", "N03_007": "40101", "city": "北九州市門司区" }, "geometry": null },
{ "type": "Feature", "properties": { "N03_001": "福岡県", "N03_002": null, "N03_003": null, "N03_004": "北九州市", "N03_005": "門司区", "N03_007": "40101", "city": "北九州市門司区" }, "geometry": null },
{ "type": "Feature", "properties": { "N03_001": "福岡県", "N03_002": null, "N03_003": null, "N03_004": "北九州市", "N03_005": "門司区", "N03_007": "40101", "city": "北九州市門司区" }, "geometry": null },
{ "type": "Feature", "properties": { "N03_001": "福岡県", "N03_002": null, "N03_003": null, "N03_004": "北九州市", "N03_005": "若松区", "N03_007": "40103", "city": "北九州市若松区" }, "geometry": { "type": "Polygon", "coordinates": [ [ [ 130.673197847000012, 33.91868045 ], [ 130.676707782, 33.916200279 ], [ 130.677964994, 33.912248892 ], [ 130.675468612, 33.906783613 ], [ 130.681468054, 33.902023892 ], [ 130.681755278999987, 33.900039721 ], [ 130.683948612, 33.899624162 ], [ 130.685510271999988, 33.897380829 ], [ 130.684045837000014, 33.894564441 ], [ 130.685228612, 33.89335972100001 ], [ 130.681669441999986, 33.888811667 ], [ 130.682343333, 33.88807 ], [ 130.687866109, 33.885130829 ], [ 130.69231832700001, 33.883880559000012 ], [ 130.696299442, 33.884781387 ], [ 130.698519728, 33.888419441 ], [ 130.699828884999988, 33.888365829 ], [ 130.701152218, 33.88473 ], [ 130.705026393999987, 33.884016387 ], [ 130.706982218, 33.886358613 ], [ 130.711263061000011, 33.885919721 ], [ 130.71226083, 33.884345559 ], [ 130.715191388, 33.885266946 ], [ 130.715286939, 33.887705279 ], [ 130.718543606, 33.888540559 ], [ 130.72151138800001, 33.892823333 ], [ 130.721033891, 33.894511387 ], [ 130.722701388, 33.898944721 ], [ 130.729821388, 33.896466387 ], [ 130.735714449, 33.892103333 ], [ 130.742544163, 33.890028892 ], [ 130.744441712, 33.887740991 ], [ 130.746329637, 33.888395108 ], [ 130.746729974, 33.886341225 ], [ 130.750399857, 33.879069532 ], [ 130.75370856, 33.878175721 ], [ 130.783798171, 33.885922495 ], [ 130.782840636, 33.888483721 ], [ 130.775633307, 33.887620586 ], [ 130.769217639, 33.887752532 ], [ 130.763693502, 33.884877829 ], [ 130.762916524, 33.885893306 ], [ 130.769286355, 33.889127919 ], [ 130.775031971, 33.889317532 ], [ 130.78055328100001, 33.890430721 ], [ 130.785471855, 33.890857829 ], [ 130.795795668000011, 33.890377495 ], [ 130.800291141, 33.892709279 ], [ 130.807462386999987, 33.899738027000012 ], [ 130.810711894, 33.901661198 ], [ 130.814333087, 33.902178829 ], [ 130.816731025, 33.914221747999989 ], [ 130.810196472, 33.914664559 ], [ 130.808150661000013, 33.912451306 ], [ 130.806213645000014, 33.912723279 ], [ 130.807156225999989, 33.91652 ], [ 130.809733217, 33.91805336 ], [ 130.817396005, 33.917014721 ], [ 130.818565253, 33.922962559 ], [ 130.815128716, 33.926950829 ], [ 130.812506719, 33.926391198 ], [ 130.806521946, 33.929621054 ], [ 130.807435499, 33.93154764 ], [ 130.777514578, 33.934266946 ], [ 130.775319805, 33.927181721 ], [ 130.774552918000012, 33.92706836 ], [ 130.757062671999989, 33.920423532 ], [ 130.754367302, 33.920412586 ], [ 130.755383554, 33.922330586 ], [ 130.751525279, 33.92305336 ], [ 130.752469948, 33.925923892 ], [ 130.755527081999986, 33.924746414 ], [ 130.757807639, 33.924920892 ], [ 130.768801193, 33.929123135 ], [ 130.768791946, 33.933949278999989 ], [ 130.760102049000011, 33.933930748 ], [ 130.76007703, 33.939614748 ], [ 130.768785772, 33.940629694 ], [ 130.768692529, 33.947311198 ], [ 130.752603255999986, 33.945248468 ], [ 130.752614578, 33.939156027 ], [ 130.739781582, 33.939134973 ], [ 130.743035798, 33.938807198 ], [ 130.743035798, 33.935083829 ], [ 130.739674603999987, 33.934230432 ], [ 130.738013696, 33.927008108 ], [ 130.732472698, 33.928922613 ], [ 130.729679948000012, 33.931789027 ], [ 130.72790192, 33.930999694 ], [ 130.729087029999988, 33.934366559 ], [ 130.721650026, 33.934889865 ], [ 130.718920921, 33.937056027 ], [ 130.71499569400001, 33.937518198 ], [ 130.713761089, 33.938914027 ], [ 130.709809416000013, 33.937549559 ], [ 130.701656537, 33.93857370300001 ], [ 130.699906822, 33.939276054 ], [ 130.694789442, 33.937578054 ], [ 130.69218275, 33.935293802000011 ], [ 130.687410921, 33.934428919 ], [ 130.682900558, 33.937605198 ], [ 130.681635447, 33.937191333 ], [ 130.681951492, 33.933258793 ], [ 130.685436536999987, 33.933119874 ], [ 130.685298755, 33.929648 ], [ 130.682389441999987, 33.924268054 ], [ 130.679314501, 33.921759198 ], [ 130.673197847000012, 33.91868045 ] ] ] } },
{ "type": "Feature", "properties": { "N03_001": "福岡県", "N03_002": null, "N03_003": null, "N03_004": "北九州市", "N03_005": "若松区", "N03_007": "40103", "city": "北九州市若松区" }, "geometry": { "type": "Polygon", "coordinates": [ [ [ 130.780667470999987, 33.935213 ], [ 130.809851388, 33.932669135 ], [ 130.815745032, 33.929470387 ], [ 130.818659222, 33.925669108 ], [ 130.820738975000012, 33.926835613 ], [ 130.812305810999987, 33.931361667 ], [ 130.81452014300001, 33.934218135 ], [ 130.822255058, 33.930374919 ], [ 130.822807665, 33.931006027 ], [ 130.831543385, 33.934411586 ], [ 130.845046226, 33.939238252 ], [ 130.832291634, 33.949843613 ], [ 130.825221946, 33.947835495 ], [ 130.823755447, 33.946797721 ], [ 130.814318418, 33.943436081 ], [ 130.81204847, 33.947854946 ], [ 130.809756809, 33.947035559 ], [ 130.808648444, 33.949198 ], [ 130.799705642, 33.946113108 ], [ 130.77742111500001, 33.946073865 ], [ 130.777433087, 33.940475387 ], [ 130.784141997, 33.940508721 ], [ 130.784083087, 33.935049613 ], [ 130.780667470999987, 33.935213 ] ] ] } },
{ "type": "Feature", "properties": { "N03_001": "福岡県", "N03_002": null, "N03_003": null, "N03_004": "北九州市", "N03_005": "若松区", "N03_007": "40103", "city": "北九州市若松区" }, "geometry": { "type": "Polygon", "coordinates": [ [ [ 130.724295837, 34.013253892 ], [ 130.724307782000011, 34.012039162 ], [ 130.726973332999989, 34.008905 ], [ 130.728707496999988, 34.008715279 ], [ 130.731655550999989, 34.016199441 ], [ 130.727019442, 34.015572775 ], [ 130.726016394, 34.018903892 ], [ 130.722255837, 34.018182225 ], [ 130.722121115, 34.016641387 ], [ 130.724295837, 34.013253892 ] ] ] } },
{ "type": "Feature", "properties": { "N03_001": "福岡県", "N03_002": null, "N03_003": null, "N03_004": "北九州市", "N03_005": "若松区", "N03_007": "40103", "city": "北九州市若松区" }, "geometry": { "type": "Polygon", "coordinates": [ [ [ 130.708140272, 34.003982775 ], [ 130.71424083, 34.002437225 ], [ 130.717286394000013, 34.000465279 ], [ 130.71756083, 34.002374441 ], [ 130.714782218000011, 34.002815 ], [ 130.711244994, 34.005431946 ], [ 130.708140272, 34.003982775 ] ] ] } },
{ "type": "Feature", "properties": { "N03_001": "福岡県", "N03_002": null, "N03_003": null, "N03_004": "北九州市", "N03_005": "若松区", "N03_007": "40103", "city": "北九州市若松区" }, "geometry": null },
{ "type": "Feature", "properties": { "N03_001": "福岡県", "N03_002": null, "N03_003": null, "N03_004": "北九州市", "N03_005": "若松区", "N03_007": "40103", "city": "北九州市若松区" }, "geometry": null },
{ "type": "Feature", "properties": { "N03_001": "福岡県", "N03_002": null, "N03_003": null, "N03_004": "北九州市", "N03_005": "若松区", "N03_007": "40103", "city": "北九州市若松区" }, "geometry": null },
{ "type": "Feature", "properties": { "N03_001": "福岡県", "N03_002": null, "N03_003": null, "N03_004": "北九州市", "N03_005": "若松区", "N03_007": "40103", "city": "北九州市若松区" }, "geometry": null },
{ "type": "Feature", "properties": { "N03_001": "福岡県", "N03_002": null, "N03_003": null, "N03_004": "北九州市", "N03_005": "若松区", "N03_007": "40103", "city": "北九州市若松区" }, "geometry": null },
{ "type": "Feature", "properties": { "N03_001": "福岡県", "N03_002": null, "N03_003": null, "N03_004": "北九州市", "N03_005": "若松区", "N03_007": "40103", "city": "北九州市若松区" }, "geometry": null },
{ "type": "Feature", "properties": { "N03_001": "福岡県", "N03_002": null, "N03_003": null, "N03_004": "北九州市", "N03_005": "若松区", "N03_007": "40103", "city": "北九州市若松区" }, "geometry": null },
{ "type": "Feature", "properties": { "N03_001": "福岡県", "N03_002": null, "N03_003": null, "N03_004": "北九州市", "N03_005": "若松区", "N03_007": "40103", "city": "北九州市若松区" }, "geometry": null },
{ "type": "Feature", "properties": { "N03_001": "福岡県", "N03_002": null, "N03_003": null, "N03_004": "北九州市", "N03_005": "若松区", "N03_007": "40103", "city": "北九州市若松区" }, "geometry": null },
{ "type": "Feature", "properties": { "N03_001": "福岡県", "N03_002": null, "N03_003": null, "N03_004": "北九州市", "N03_005": "若松区", "N03_007": "40103", "city": "北九州市若松区" }, "geometry": null },
{ "type": "Feature", "properties": { "N03_001": "福岡県", "N03_002": null, "N03_003": null, "N03_004": "北九州市", "N03_005": "若松区", "N03_007": "40103", "city": "北九州市若松区" }, "geometry": null },
{ "type": "Feature", "properties": { "N03_001": "福岡県", "N03_002": null, "N03_003": null, "N03_004": "北九州市", "N03_005": "若松区", "N03_007": "40103", "city": "北九州市若松区" }, "geometry": null },
{ "type": "Feature", "properties": { "N03_001": "福岡県", "N03_002": null, "N03_003": null, "N03_004": "北九州市", "N03_005": "若松区", "N03_007": "40103", "city": "北九州市若松区" }, "geometry": null },
{ "type": "Feature", "properties": { "N03_001": "福岡県", "N03_002": null, "N03_003": null, "N03_004": "北九州市", "N03_005": "若松区", "N03_007": "40103", "city": "北九州市若松区" }, "geometry": null },
{ "type": "Feature", "properties": { "N03_001": "福岡県", "N03_002": null, "N03_003": null, "N03_004": "北九州市", "N03_005": "若松区", "N03_007": "40103", "city": "北九州市若松区" }, "geometry": null },
{ "type": "Feature", "properties": { "N03_001": "福岡県", "N03_002": null, "N03_003": null, "N03_004": "北九州市", "N03_005": "若松区", "N03_007": "40103", "city": "北九州市若松区" }, "geometry": null },
{ "type": "Feature", "properties": { "N03_001": "福岡県", "N03_002": null, "N03_003": null, "N03_004": "北九州市", "N03_005": "若松区", "N03_007": "40103", "city": "北九州市若松区" }, "geometry": null },
{ "type": "Feature", "properties": { "N03_001": "福岡県", "N03_002": null, "N03_003": null, "N03_004": "北九州市", "N03_005": "若松区", "N03_007": "40103", "city": "北九州市若松区" }, "geometry": null },
{ "type": "Feature", "properties": { "N03_001": "福岡県", "N03_002": null, "N03_003": null, "N03_004": "北九州市", "N03_005": "若松区", "N03_007": "40103", "city": "北九州市若松区" }, "geometry": null },
{ "type": "Feature", "properties": { "N03_001": "福岡県", "N03_002": null, "N03_003": null, "N03_004": "北九州市", "N03_005": "若松区", "N03_007": "40103", "city": "北九州市若松区" }, "geometry": null },
{ "type": "Feature", "properties": { "N03_001": "福岡県", "N03_002": null, "N03_003": null, "N03_004": "北九州市", "N03_005": "若松区", "N03_007": "40103", "city": "北九州市若松区" }, "geometry": null },
{ "type": "Feature", "properties": { "N03_001": "福岡県", "N03_002": null, "N03_003": null, "N03_004": "北九州市", "N03_005": "若松区", "N03_007": "40103", "city": "北九州市若松区" }, "geometry": null },
{ "type": "Feature", "properties": { "N03_001": "福岡県", "N03_002": null, "N03_003": null, "N03_004": "北九州市", "N03_005": "若松区", "N03_007": "40103", "city": "北九州市若松区" }, "geometry": null },
{ "type": "Feature", "properties": { "N03_001": "福岡県", "N03_002": null, "N03_003": null, "N03_004": "北九州市", "N03_005": "若松区", "N03_007": "40103", "city": "北九州市若松区" }, "geometry": null },
{ "type": "Feature", "properties": { "N03_001": "福岡県", "N03_002": null, "N03_003": null, "N03_004": "北九州市", "N03_005": "若松区", "N03_007": "40103", "city": "北九州市若松区" }, "geometry": null },
{ "type": "Feature", "properties": { "N03_001": "福岡県", "N03_002": null, "N03_003": null, "N03_004": "北九州市", "N03_005": "若松区", "N03_007": "40103", "city": "北九州市若松区" }, "geometry": null },
{ "type": "Feature", "properties": { "N03_001": "福岡県", "N03_002": null, "N03_003": null, "N03_004": "北九州市", "N03_005": "若松区", "N03_007": "40103", "city": "北九州市若松区" }, "geometry": null },
{ "type": "Feature", "properties": { "N03_001": "福岡県", "N03_002": null, "N03_003": null, "N03_004": "北九州市", "N03_005": "若松区", "N03_007": "40103", "city": "北九州市若松区" }, "geometry": null },
{ "type": "Feature", "properties": { "N03_001": "福岡県", "N03_002": null, "N03_003": null, "N03_004": "北九州市", "N03_005": "若松区", "N03_007": "40103", "city": "北九州市若松区" }, "geometry": null },
{ "type": "Feature", "properties": { "N03_001": "福岡県", "N03_002": null, "N03_003": null, "N03_004": "北九州市", "N03_005": "若松区", "N03_007": "40103", "city": "北九州市若松区" }, "geometry": null },
{ "type": "Feature", "properties": { "N03_001": "福岡県", "N03_002": null, "N03_003": null, "N03_004": "北九州市", "N03_005": "若松区", "N03_007": "40103", "city": "北九州市若松区" }, "geometry": null },
{ "type": "Feature", "properties": { "N03_001": "福岡県", "N03_002": null, "N03_003": null, "N03_004": "北九州市", "N03_005": "若松区", "N03_007": "40103", "city": "北九州市若松区" }, "geometry": null },
{ "type": "Feature", "properties": { "N03_001": "福岡県", "N03_002": null, "N03_003": null, "N03_004": "北九州市", "N03_005": "若松区", "N03_007": "40103", "city": "北九州市若松区" }, "geometry": null },
{ "type": "Feature", "properties": { "N03_001": "福岡県", "N03_002": null, "N03_003": null, "N03_004": "北九州市", "N03_005": "若松区", "N03_007": "40103", "city": "北九州市若松区" }, "geometry": null },
{ "type": "Feature", "properties": { "N03_001": "福岡県", "N03_002": null, "N03_003": null, "N03_004": "北九州市", "N03_005": "若松区", "N03_007": "40103", "city": "北九州市若松区" }, "geometry": null },
{ "type": "Feature", "properties": { "N03_001": "福岡県", "N03_002": null, "N03_003": null, "N03_004": "北九州市", "N03_005": "若松区", "N03_007": "40103", "city": "北九州市若松区" }, "geometry": null },
{ "type": "Feature", "properties": { "N03_001": "福岡県", "N03_002": null, "N03_003": null, "N03_004": "北九州市", "N03_005": "若松区", "N03_007": "40103", "city": "北九州市若松区" }, "geometry": null },
{ "type": "Feature", "properties": { "N03_001": "福岡県", "N03_002": null, "N03_003": null, "N03_004": "北九州市", "N03_005": "若松区", "N03_007": "40103", "city": "北九州市若松区" }, "geometry": null },
{ "type": "Feature", "properties": { "N03_001": "福岡県", "N03_002": null, "N03_003": null, "N03_004": "北九州市", "N03_005": "若松区", "N03_007": "40103", "city": "北九州市若松区" }, "geometry": null },
{ "type": "Feature", "properties": { "N03_001": "福岡県", "N03_002": null, "N03_003": null, "N03_004": "北九州市", "N03_005": "若松区", "N03_007": "40103", "city": "北九州市若松区" }, "geometry": null },
{ "type": "Feature", "properties": { "N03_001": "福岡県", "N03_002": null, "N03_003": null, "N03_004": "北九州市", "N03_005": "若松区", "N03_007": "40103", "city": "北九州市若松区" }, "geometry": null },
{ "type": "Feature", "properties": { "N03_001": "福岡県", "N03_002": null, "N03_003": null, "N03_004": "北九州市", "N03_005": "若松区", "N03_007": "40103", "city": "北九州市若松区" }, "geometry": null },
{ "type": "Feature", "properties": { "N03_001": "福岡県", "N03_002": null, "N03_003": null, "N03_004": "北九州市", "N03_005": "若松区", "N03_007": "40103", "city": "北九州市若松区" }, "geometry": null },
{ "type": "Feature", "properties": { "N03_001": "福岡県", "N03_002": null, "N03_003": null, "N03_004": "北九州市", "N03_005": "若松区", "N03_007": "40103", "city": "北九州市若松区" }, "geometry": null },
{ "type": "Feature", "properties": { "N03_001": "福岡県", "N03_002": null, "N03_003": null, "N03_004": "北九州市", "N03_005": "若松区", "N03_007": "40103", "city": "北九州市若松区" }, "geometry": null },
{ "type": "Feature", "properties": { "N03_001": "福岡県", "N03_002": null, "N03_003": null, "N03_004": "北九州市", "N03_005": "若松区", "N03_007": "40103", "city": "北九州市若松区" }, "geometry": null },
{ "type": "Feature", "properties": { "N03_001": "福岡県", "N03_002": null, "N03_003": null, "N03_004": "北九州市", "N03_005": "若松区", "N03_007": "40103", "city": "北九州市若松区" }, "geometry": null },
{ "type": "Feature", "properties": { "N03_001": "福岡県", "N03_002": null, "N03_003": null, "N03_004": "北九州市", "N03_005": "若松区", "N03_007": "40103", "city": "北九州市若松区" }, "geometry": null },
{ "type": "Feature", "properties": { "N03_001": "福岡県", "N03_002": null, "N03_003": null, "N03_004": "北九州市", "N03_005": "若松区", "N03_007": "40103", "city": "北九州市若松区" }, "geometry": null },
{ "type": "Feature", "properties": { "N03_001": "福岡県", "N03_002": null, "N03_003": null, "N03_004": "北九州市", "N03_005": "若松区", "N03_007": "40103", "city": "北九州市若松区" }, "geometry": null },
{ "type": "Feature", "properties": { "N03_001": "福岡県", "N03_002": null, "N03_003": null, "N03_004": "北九州市", "N03_005": "若松区", "N03_007": "40103", "city": "北九州市若松区" }, "geometry": null },
{ "type": "Feature", "properties": { "N03_001": "福岡県", "N03_002": null, "N03_003": null, "N03_004": "北九州市", "N03_005": "若松区", "N03_007": "40103", "city": "北九州市若松区" }, "geometry": null },
{ "type": "Feature", "properties": { "N03_001": "福岡県", "N03_002": null, "N03_003": null, "N03_004": "北九州市", "N03_005": "若松区", "N03_007": "40103", "city": "北九州市若松区" }, "geometry": null },
{ "type": "Feature", "properties": { "N03_001": "福岡県", "N03_002": null, "N03_003": null, "N03_004": "北九州市", "N03_005": "若松区", "N03_007": "40103", "city": "北九州市若松区" }, "geometry": null },
{ "type": "Feature", "properties": { "N03_001": "福岡県", "N03_002": null, "N03_003": null, "N03_004": "北九州市", "N03_005": "若松区", "N03_007": "40103", "city": "北九州市若松区" }, "geometry": null },
{ "type": "Feature", "properties": { "N03_001": "福岡県", "N03_002": null, "N03_003": null, "N03_004": "北九州市", "N03_005": "若松区", "N03_007": "40103", "city": "北九州市若松区" }, "geometry": null },
{ "type": "Feature", "properties": { "N03_001": "福岡県", "N03_002": null, "N03_003": null, "N03_004": "北九州市", "N03_005": "若松区", "N03_007": "40103", "city": "北九州市若松区" }, "geometry": null },
{ "type": "Feature", "properties": { "N03_001": "福岡県", "N03_002": null, "N03_003": null, "N03_004": "北九州市", "N03_005": "若松区", "N03_007": "40103", "city": "北九州市若松区" }, "geometry": null },
{ "type": "Feature", "properties": { "N03_001": "福岡県", "N03_002": null, "N03_003": null, "N03_004": "北九州市", "N03_005": "若松区", "N03_007": "40103", "city": "北九州市若松区" }, "geometry": null },
{ "type": "Feature", "properties": { "N03_001": "福岡県", "N03_002": null, "N03_003": null, "N03_004": "北九州市", "N03_005": "若松区", "N03_007": "40103", "city": "北九州市若松区" }, "geometry": null },
{ "type": "Feature", "properties": { "N03_001": "福岡県", "N03_002": null, "N03_003": null, "N03_004": "北九州市", "N03_005": "若松区", "N03_007": "40103", "city": "北九州市若松区" }, "geometry": null },
{ "type": "Feature", "properties": { "N03_001": "福岡県", "N03_002": null, "N03_003": null, "N03_004": "北九州市", "N03_005": "若松区", "N03_007": "40103", "city": "北九州市若松区" }, "geometry": null },
{ "type": "Feature", "properties": { "N03_001": "福岡県", "N03_002": null, "N03_003": null, "N03_004": "北九州市", "N03_005": "若松区", "N03_007": "40103", "city": "北九州市若松区" }, "geometry": null },
{ "type": "Feature", "properties": { "N03_001": "福岡県", "N03_002": null, "N03_003": null, "N03_004": "北九州市", "N03_005": "若松区", "N03_007": "40103", "city": "北九州市若松区" }, "geometry": null },
{ "type": "Feature", "properties": { "N03_001": "福岡県", "N03_002": null, "N03_003": null, "N03_004": "北九州市", "N03_005": "若松区", "N03_007": "40103", "city": "北九州市若松区" }, "geometry": null },
{ "type": "Feature", "properties": { "N03_001": "福岡県", "N03_002": null, "N03_003": null, "N03_004": "北九州市", "N03_005": "若松区", "N03_007": "40103", "city": "北九州市若松区" }, "geometry": null },
{ "type": "Feature", "properties": { "N03_001": "福岡県", "N03_002": null, "N03_003": null, "N03_004": "北九州市", "N03_005": "若松区", "N03_007": "40103", "city": "北九州市若松区" }, "geometry": null },
{ "type": "Feature", "properties": { "N03_001": "福岡県", "N03_002": null, "N03_003": null, "N03_004": "北九州市", "N03_005": "若松区", "N03_007": "40103", "city": "北九州市若松区" }, "geometry": null },
{ "type": "Feature", "properties": { "N03_001": "福岡県", "N03_002": null, "N03_003": null, "N03_004": "北九州市", "N03_005": "若松区", "N03_007": "40103", "city": "北九州市若松区" }, "geometry": null },
{ "type": "Feature", "properties": { "N03_001": "福岡県", "N03_002": null, "N03_003": null, "N03_004": "北九州市", "N03_005": "若松区", "N03_007": "40103", "city": "北九州市若松区" }, "geometry": null },
{ "type": "Feature", "properties": { "N03_001": "福岡県", "N03_002": null, "N03_003": null, "N03_004": "北九州市", "N03_005": "若松区", "N03_007": "40103", "city": "北九州市若松区" }, "geometry": null },
{ "type": "Feature", "properties": { "N03_001": "福岡県", "N03_002": null, "N03_003": null, "N03_004": "北九州市", "N03_005": "戸畑区", "N03_007": "40105", "city": "北九州市戸畑区" }, "geometry": { "type": "Polygon", "coordinates": [ [ [ 130.843536109000013, 33.872998333 ], [ 130.840576938999988, 33.874429721 ], [ 130.842166939, 33.878450279 ], [ 130.843515837000012, 33.889064162 ], [ 130.844813606, 33.88985 ], [ 130.846583891, 33.893910829 ], [ 130.850056939000012, 33.896010279 ], [ 130.848992775999989, 33.899070279 ], [ 130.851154955, 33.906563351 ], [ 130.850593774, 33.905138532 ], [ 130.848204864, 33.905454613 ], [ 130.849230415, 33.909689775 ], [ 130.852022698000013, 33.910067694 ], [ 130.869134616999986, 33.917498225 ], [ 130.866588858999989, 33.920496559 ], [ 130.852694527000011, 33.915425721 ], [ 130.850490532, 33.914921775 ], [ 130.848289105, 33.919315892 ], [ 130.860744501, 33.923890775 ], [ 130.859503217, 33.925106225 ], [ 130.857551140999988, 33.924419532000016 ], [ 130.856313995, 33.928237586 ], [ 130.855030921, 33.929487 ], [ 130.844995356999988, 33.927899919 ], [ 130.824763165, 33.920518359999988 ], [ 130.823587224, 33.919522279 ], [ 130.823121945999986, 33.914964306 ], [ 130.821563333, 33.910819054 ], [ 130.823914306, 33.906728027 ], [ 130.822709675999988, 33.903621631 ], [ 130.820256109000013, 33.907118667 ], [ 130.819370389, 33.905007532 ], [ 130.821048301, 33.902621829000012 ], [ 130.815819468, 33.899742928 ], [ 130.816060078, 33.897353 ], [ 130.8069307, 33.893178252 ], [ 130.805765331, 33.891348162 ], [ 130.806885214, 33.884844108 ], [ 130.810323891, 33.884493613 ], [ 130.811113060999986, 33.883403892 ], [ 130.814305551, 33.884403054 ], [ 130.813972503, 33.887243892 ], [ 130.815847497, 33.887401108 ], [ 130.821262776, 33.885536108 ], [ 130.82262166000001, 33.883233054 ], [ 130.82228111500001, 33.877245 ], [ 130.826189728, 33.875451387 ], [ 130.824400272, 33.872601108 ], [ 130.825155837000011, 33.869634441 ], [ 130.834984994, 33.870875279 ], [ 130.836406667, 33.874763054 ], [ 130.843536109000013, 33.872998333 ] ] ] } },
{ "type": "Feature", "properties": { "N03_001": "福岡県", "N03_002": null, "N03_003": null, "N03_004": "北九州市", "N03_005": "戸畑区", "N03_007": "40105", "city": "北九州市戸畑区" }, "geometry": null },
{ "type": "Feature", "properties": { "N03_001": "福岡県", "N03_002": null, "N03_003": null, "N03_004": "北九州市", "N03_005": "戸畑区", "N03_007": "40105", "city": "北九州市戸畑区" }, "geometry": null },
{ "type": "Feature", "properties": { "N03_001": "福岡県", "N03_002": null, "N03_003": null, "N03_004": "北九州市", "N03_005": "小倉北区", "N03_007": "40106", "city": "北九州市小倉北区" }, "geometry": { "type": "Polygon", "coordinates": [ [ [ 130.84116083, 33.840648333 ], [ 130.84613499400001, 33.839292225 ], [ 130.849155551, 33.839419162 ], [ 130.852358054, 33.842050279 ], [ 130.857601945999988, 33.842595 ], [ 130.858285551, 33.845762225 ], [ 130.860254449, 33.845428892 ], [ 130.861636667, 33.848027225 ], [ 130.864497782, 33.85010972100001 ], [ 130.866080272, 33.848773054000013 ], [ 130.871627224, 33.84725055900001 ], [ 130.873884721, 33.850940559 ], [ 130.873767781999987, 33.854400559 ], [ 130.875555551, 33.856809441 ], [ 130.876173606, 33.859556667 ], [ 130.87496083, 33.862197225 ], [ 130.876667223999988, 33.864623892 ], [ 130.877720829999987, 33.863745559 ], [ 130.893684162999989, 33.853586387 ], [ 130.898388054, 33.847839721 ], [ 130.898417782, 33.851477225 ], [ 130.899689169999988, 33.852358333 ], [ 130.903744994, 33.852525279 ], [ 130.907223333, 33.855216108 ], [ 130.907703333, 33.856681946 ], [ 130.913246109, 33.858436946 ], [ 130.920886939000013, 33.860016667 ], [ 130.921846109, 33.863089721 ], [ 130.924246667, 33.866906946 ], [ 130.92785111500001, 33.867411946 ], [ 130.929127497, 33.869361667 ], [ 130.927188612, 33.872625279 ], [ 130.922571659999988, 33.873900559 ], [ 130.919083891000014, 33.877874162 ], [ 130.91592917, 33.882978333 ], [ 130.916915279, 33.886528333 ], [ 130.915321659999989, 33.888317225 ], [ 130.916780558, 33.892187775 ], [ 130.91506677000001, 33.895776766 ], [ 130.905482892, 33.894208081 ], [ 130.904946355, 33.892389054 ], [ 130.90115655, 33.890760054 ], [ 130.902386861, 33.894032721 ], [ 130.900676835000013, 33.894047586 ], [ 130.898203645, 33.892189559 ], [ 130.894697134000012, 33.892137 ], [ 130.892080921, 33.888095054 ], [ 130.887804254, 33.888489225 ], [ 130.890091167, 33.892007667 ], [ 130.892549027, 33.893189441 ], [ 130.888109611, 33.893417468 ], [ 130.884633696, 33.89196616200001 ], [ 130.881506589, 33.891918027 ], [ 130.880945499, 33.890097892 ], [ 130.877663061, 33.889432748 ], [ 130.880754306, 33.893395333 ], [ 130.884125772, 33.896110586 ], [ 130.89304708200001, 33.896266694 ], [ 130.893025188, 33.897504559 ], [ 130.887785810999986, 33.902062892 ], [ 130.880756394, 33.90022236 ], [ 130.873569948000011, 33.897130333 ], [ 130.874003722, 33.894922306 ], [ 130.865940856, 33.899382108 ], [ 130.866953113, 33.900811135 ], [ 130.871044461999986, 33.899376207 ], [ 130.884171802999987, 33.905177306 ], [ 130.881300999, 33.907716 ], [ 130.87706308700001, 33.90608872100001 ], [ 130.875950752, 33.907854081 ], [ 130.879399689, 33.909371 ], [ 130.871811946, 33.915980865 ], [ 130.865946693000012, 33.913364306 ], [ 130.867231634, 33.911343162 ], [ 130.865303748, 33.91049236 ], [ 130.863808807, 33.912872279 ], [ 130.854799948, 33.908712333 ], [ 130.856994332, 33.906623829 ], [ 130.85330847, 33.903870054 ], [ 130.851154955, 33.906563351 ], [ 130.848992775999989, 33.899070279 ], [ 130.850056939000012, 33.896010279 ], [ 130.846583891, 33.893910829 ], [ 130.844813606, 33.88985 ], [ 130.843515837000012, 33.889064162 ], [ 130.842166939, 33.878450279 ], [ 130.840576938999988, 33.874429721 ], [ 130.843536109000013, 33.872998333 ], [ 130.844412503, 33.871229721 ], [ 130.842045551000012, 33.870132225 ], [ 130.843639169999989, 33.869012495 ], [ 130.846440272, 33.870768613 ], [ 130.846864721, 33.86721 ], [ 130.845852503, 33.863542495 ], [ 130.849294163, 33.859619721 ], [ 130.847534163, 33.857109721 ], [ 130.841242776, 33.853063892 ], [ 130.839685837, 33.850495 ], [ 130.839965551, 33.846324441 ], [ 130.842204994000014, 33.843056108 ], [ 130.84116083, 33.840648333 ] ] ] } },
{ "type": "Feature", "properties": { "N03_001": "福岡県", "N03_002": null, "N03_003": null, "N03_004": "北九州市", "N03_005": "小倉北区", "N03_007": "40106", "city": "北九州市小倉北区" }, "geometry": { "type": "Polygon", "coordinates": [ [ [ 130.81633444900001, 33.999797225 ], [ 130.813089170000012, 34.001161946000011 ], [ 130.809463061, 33.999161387 ], [ 130.811352503, 33.997133613 ], [ 130.812913891, 33.997738892 ], [ 130.813213606, 33.995545 ], [ 130.815161115, 33.995364441 ], [ 130.814072775999989, 33.993853892 ], [ 130.817341115, 33.989254162 ], [ 130.821623606, 33.985754441 ], [ 130.822649442, 33.987059441 ], [ 130.820144449, 33.994669162 ], [ 130.816674162999988, 33.997401667 ], [ 130.81633444900001, 33.999797225 ] ] ] } },
{ "type": "Feature", "properties": { "N03_001": "福岡県", "N03_002": null, "N03_003": null, "N03_004": "北九州市", "N03_005": "小倉北区", "N03_007": "40106", "city": "北九州市小倉北区" }, "geometry": { "type": "Polygon", "coordinates": [ [ [ 130.849477497, 33.969148054 ], [ 130.850328612, 33.969406387 ], [ 130.852187496999989, 33.966077775 ], [ 130.85544, 33.965378613 ], [ 130.856921115, 33.966300279 ], [ 130.860353890999988, 33.965246108 ], [ 130.861617497, 33.966022775 ], [ 130.85210917, 33.971398613 ], [ 130.849477497, 33.969148054 ] ] ] } },
{ "type": "Feature", "properties": { "N03_001": "福岡県", "N03_002": null, "N03_003": null, "N03_004": "北九州市", "N03_005": "小倉北区", "N03_007": "40106", "city": "北九州市小倉北区" }, "geometry": { "type": "Polygon", "coordinates": [ [ [ 130.857860272000011, 33.961910829 ], [ 130.855610829999989, 33.962946946 ], [ 130.856382776, 33.960862495 ], [ 130.857860272000011, 33.961910829 ] ] ] } },
{ "type": "Feature", "properties": { "N03_001": "福岡県", "N03_002": null, "N03_003": null, "N03_004": "北九州市", "N03_005": "小倉北区", "N03_007": "40106", "city": "北九州市小倉北区" }, "geometry": null },
{ "type": "Feature", "properties": { "N03_001": "福岡県", "N03_002": null, "N03_003": null, "N03_004": "北九州市", "N03_005": "小倉北区", "N03_007": "40106", "city": "北九州市小倉北区" }, "geometry": null },
{ "type": "Feature", "properties": { "N03_001": "福岡県", "N03_002": null, "N03_003": null, "N03_004": "北九州市", "N03_005": "小倉北区", "N03_007": "40106", "city": "北九州市小倉北区" }, "geometry": null },
{ "type": "Feature", "properties": { "N03_001": "福岡県", "N03_002": null, "N03_003": null, "N03_004": "北九州市", "N03_005": "小倉北区", "N03_007": "40106", "city": "北九州市小倉北区" }, "geometry": null },
{ "type": "Feature", "properties": { "N03_001": "福岡県", "N03_002": null, "N03_003": null, "N03_004": "北九州市", "N03_005": "小倉北区", "N03_007": "40106", "city": "北九州市小倉北区" }, "geometry": null },
{ "type": "Feature", "properties": { "N03_001": "福岡県", "N03_002": null, "N03_003": null, "N03_004": "北九州市", "N03_005": "小倉北区", "N03_007": "40106", "city": "北九州市小倉北区" }, "geometry": null },
{ "type": "Feature", "properties": { "N03_001": "福岡県", "N03_002": null, "N03_003": null, "N03_004": "北九州市", "N03_005": "小倉北区", "N03_007": "40106", "city": "北九州市小倉北区" }, "geometry": null },
{ "type": "Feature", "properties": { "N03_001": "福岡県", "N03_002": null, "N03_003": null, "N03_004": "北九州市", "N03_005": "小倉北区", "N03_007": "40106", "city": "北九州市小倉北区" }, "geometry": null },
{ "type": "Feature", "properties": { "N03_001": "福岡県", "N03_002": null, "N03_003": null, "N03_004": "北九州市", "N03_005": "小倉北区", "N03_007": "40106", "city": "北九州市小倉北区" }, "geometry": null },
{ "type": "Feature", "properties": { "N03_001": "福岡県", "N03_002": null, "N03_003": null, "N03_004": "北九州市", "N03_005": "小倉北区", "N03_007": "40106", "city": "北九州市小倉北区" }, "geometry": null },
{ "type": "Feature", "properties": { "N03_001": "福岡県", "N03_002": null, "N03_003": null, "N03_004": "北九州市", "N03_005": "小倉北区", "N03_007": "40106", "city": "北九州市小倉北区" }, "geometry": null },
{ "type": "Feature", "properties": { "N03_001": "福岡県", "N03_002": null, "N03_003": null, "N03_004": "北九州市", "N03_005": "小倉北区", "N03_007": "40106", "city": "北九州市小倉北区" }, "geometry": null },
{ "type": "Feature", "properties": { "N03_001": "福岡県", "N03_002": null, "N03_003": null, "N03_004": "北九州市", "N03_005": "小倉北区", "N03_007": "40106", "city": "北九州市小倉北区" }, "geometry": null },
{ "type": "Feature", "properties": { "N03_001": "福岡県", "N03_002": null, "N03_003": null, "N03_004": "北九州市", "N03_005": "小倉北区", "N03_007": "40106", "city": "北九州市小倉北区" }, "geometry": null },
{ "type": "Feature", "properties": { "N03_001": "福岡県", "N03_002": null, "N03_003": null, "N03_004": "北九州市", "N03_005": "小倉北区", "N03_007": "40106", "city": "北九州市小倉北区" }, "geometry": null },
{ "type": "Feature", "properties": { "N03_001": "福岡県", "N03_002": null, "N03_003": null, "N03_004": "北九州市", "N03_005": "小倉北区", "N03_007": "40106", "city": "北九州市小倉北区" }, "geometry": null },
{ "type": "Feature", "properties": { "N03_001": "福岡県", "N03_002": null, "N03_003": null, "N03_004": "北九州市", "N03_005": "小倉北区", "N03_007": "40106", "city": "北九州市小倉北区" }, "geometry": null },
{ "type": "Feature", "properties": { "N03_001": "福岡県", "N03_002": null, "N03_003": null, "N03_004": "北九州市", "N03_005": "小倉北区", "N03_007": "40106", "city": "北九州市小倉北区" }, "geometry": null },
{ "type": "Feature", "properties": { "N03_001": "福岡県", "N03_002": null, "N03_003": null, "N03_004": "北九州市", "N03_005": "小倉北区", "N03_007": "40106", "city": "北九州市小倉北区" }, "geometry": null },
{ "type": "Feature", "properties": { "N03_001": "福岡県", "N03_002": null, "N03_003": null, "N03_004": "北九州市", "N03_005": "小倉北区", "N03_007": "40106", "city": "北九州市小倉北区" }, "geometry": null },
{ "type": "Feature", "properties": { "N03_001": "福岡県", "N03_002": null, "N03_003": null, "N03_004": "北九州市", "N03_005": "小倉北区", "N03_007": "40106", "city": "北九州市小倉北区" }, "geometry": null },
{ "type": "Feature", "properties": { "N03_001": "福岡県", "N03_002": null, "N03_003": null, "N03_004": "北九州市", "N03_005": "小倉北区", "N03_007": "40106", "city": "北九州市小倉北区" }, "geometry": null },
{ "type": "Feature", "properties": { "N03_001": "福岡県", "N03_002": null, "N03_003": null, "N03_004": "北九州市", "N03_005": "小倉北区", "N03_007": "40106", "city": "北九州市小倉北区" }, "geometry": null },
{ "type": "Feature", "properties": { "N03_001": "福岡県", "N03_002": null, "N03_003": null, "N03_004": "北九州市", "N03_005": "小倉北区", "N03_007": "40106", "city": "北九州市小倉北区" }, "geometry": null },
{ "type": "Feature", "properties": { "N03_001": "福岡県", "N03_002": null, "N03_003": null, "N03_004": "北九州市", "N03_005": "小倉北区", "N03_007": "40106", "city": "北九州市小倉北区" }, "geometry": null },
{ "type": "Feature", "properties": { "N03_001": "福岡県", "N03_002": null, "N03_003": null, "N03_004": "北九州市", "N03_005": "小倉北区", "N03_007": "40106", "city": "北九州市小倉北区" }, "geometry": null },
{ "type": "Feature", "properties": { "N03_001": "福岡県", "N03_002": null, "N03_003": null, "N03_004": "北九州市", "N03_005": "小倉北区", "N03_007": "40106", "city": "北九州市小倉北区" }, "geometry": null },
{ "type": "Feature", "properties": { "N03_001": "福岡県", "N03_002": null, "N03_003": null, "N03_004": "北九州市", "N03_005": "小倉南区", "N03_007": "40107", "city": "北九州市小倉南区" }, "geometry": { "type": "Polygon", "coordinates": [ [ [ 130.804028612, 33.742035829 ], [ 130.805640558, 33.737855 ], [ 130.805637224, 33.734656108 ], [ 130.810661114999988, 33.73361722500001 ], [ 130.813284721, 33.730570829 ], [ 130.813961388, 33.728093333 ], [ 130.817033060999989, 33.727726667 ], [ 130.820932776, 33.725488613 ], [ 130.819562776, 33.722853613 ], [ 130.822024994, 33.72126389200001 ], [ 130.82693917, 33.72381 ], [ 130.830733060999989, 33.723823613 ], [ 130.837664994, 33.725696387 ], [ 130.84177083, 33.725578054 ], [ 130.844596109, 33.724407495 ], [ 130.847465836999987, 33.72591361300001 ], [ 130.850172776, 33.733224162 ], [ 130.855179170000014, 33.735696946000012 ], [ 130.862943605999988, 33.736373613 ], [ 130.867254721, 33.735323333 ], [ 130.867834994, 33.734292775 ], [ 130.871701115, 33.736836108 ], [ 130.874119728000011, 33.739381667 ], [ 130.876764994000013, 33.739746108 ], [ 130.87819, 33.741714721 ], [ 130.881813606, 33.743991946 ], [ 130.883135837, 33.741493613 ], [ 130.889455837000014, 33.742455279 ], [ 130.890353891, 33.738087775 ], [ 130.89176917, 33.73542 ], [ 130.894338327000014, 33.734143613 ], [ 130.895164449, 33.735066667 ], [ 130.894682776, 33.738993054 ], [ 130.897006108999989, 33.740933892 ], [ 130.898661659999988, 33.747068892 ], [ 130.902258327, 33.753206108 ], [ 130.907226109, 33.746002775 ], [ 130.910040558, 33.748877775 ], [ 130.909246394, 33.750213892 ], [ 130.913416109, 33.756699162 ], [ 130.911821115, 33.760948333 ], [ 130.911859611000011, 33.763836351 ], [ 130.91008677, 33.766833306 ], [ 130.916616732, 33.77122327 ], [ 130.916143606, 33.774557225 ], [ 130.918795837, 33.774735829 ], [ 130.920023061, 33.776502225 ], [ 130.927029728, 33.779932225 ], [ 130.930867782, 33.778646108 ], [ 130.933743891, 33.775846387 ], [ 130.942714994, 33.778453892 ], [ 130.944173060999987, 33.777609721 ], [ 130.947808885, 33.779307495 ], [ 130.953274721000014, 33.780858054 ], [ 130.955311388000013, 33.787094441 ], [ 130.95772083, 33.790810559 ], [ 130.960333061, 33.790791667 ], [ 130.963665279, 33.794859721 ], [ 130.965241115, 33.795686667 ], [ 130.974436394, 33.805244162 ], [ 130.981297133999988, 33.810630342 ], [ 130.980073721999986, 33.811864721 ], [ 130.966556057, 33.809498333 ], [ 130.965566848, 33.812860387 ], [ 130.961148079999987, 33.822358748 ], [ 130.956835668, 33.829355342 ], [ 130.95771978, 33.830480558999987 ], [ 130.960378975, 33.839043081 ], [ 130.963317445, 33.837723387 ], [ 130.976222334999989, 33.834370973 ], [ 130.977154721, 33.837300135 ], [ 130.978977393, 33.837453207 ], [ 130.976255473, 33.841872667 ], [ 130.977422581000013, 33.844443973 ], [ 130.97732083, 33.846001108 ], [ 130.972813061000011, 33.848546108 ], [ 130.970045836999986, 33.848906108 ], [ 130.968755279, 33.850785559 ], [ 130.964665837000013, 33.854186387 ], [ 130.966388327, 33.857713333 ], [ 130.964704993999987, 33.857357495 ], [ 130.962801946000013, 33.854242775 ], [ 130.958388054000011, 33.854325559 ], [ 130.957268327, 33.859424721000011 ], [ 130.955874720999986, 33.858577495 ], [ 130.952411388, 33.860836667 ], [ 130.951560558000011, 33.863222495 ], [ 130.94975138800001, 33.863813892 ], [ 130.947476394, 33.867814721 ], [ 130.941277224, 33.868966946 ], [ 130.938818884999989, 33.868122225 ], [ 130.935201115000012, 33.869265829 ], [ 130.929127497, 33.869361667 ], [ 130.92785111500001, 33.867411946 ], [ 130.924246667, 33.866906946 ], [ 130.921846109, 33.863089721 ], [ 130.920886939000013, 33.860016667 ], [ 130.913246109, 33.858436946 ], [ 130.907703333, 33.856681946 ], [ 130.907223333, 33.855216108 ], [ 130.903744994, 33.852525279 ], [ 130.899689169999988, 33.852358333 ], [ 130.898417782, 33.851477225 ], [ 130.898388054, 33.847839721 ], [ 130.893684162999989, 33.853586387 ], [ 130.877720829999987, 33.863745559 ], [ 130.876667223999988, 33.864623892 ], [ 130.87496083, 33.862197225 ], [ 130.876173606, 33.859556667 ], [ 130.875555551, 33.856809441 ], [ 130.873767781999987, 33.854400559 ], [ 130.873884721, 33.850940559 ], [ 130.871627224, 33.84725055900001 ], [ 130.866080272, 33.848773054000013 ], [ 130.864497782, 33.85010972100001 ], [ 130.861636667, 33.848027225 ], [ 130.860254449, 33.845428892 ], [ 130.858285551, 33.845762225 ], [ 130.857601945999988, 33.842595 ], [ 130.852358054, 33.842050279 ], [ 130.849155551, 33.839419162 ], [ 130.84613499400001, 33.839292225 ], [ 130.84116083, 33.840648333 ], [ 130.84018, 33.839042225 ], [ 130.837252776000014, 33.838453333 ], [ 130.833493890999989, 33.836531387 ], [ 130.832088327, 33.834495829 ], [ 130.829284994, 33.833186387 ], [ 130.828827224, 33.831120829 ], [ 130.826607224000014, 33.829718613 ], [ 130.825178327, 33.82669 ], [ 130.822945551, 33.826741108 ], [ 130.81842917, 33.828531946 ], [ 130.81475, 33.827486108 ], [ 130.807816939, 33.822871667 ], [ 130.809621946, 33.820905829 ], [ 130.808477224, 33.818988054 ], [ 130.804663891, 33.817484441 ], [ 130.803624993999989, 33.814082495 ], [ 130.801482218, 33.811916108 ], [ 130.802021387999986, 33.80947805400001 ], [ 130.804115279, 33.806731946 ], [ 130.804508054, 33.804095829 ], [ 130.802776394, 33.802428892 ], [ 130.801030558, 33.798278054 ], [ 130.800394993999987, 33.793754162 ], [ 130.802004721, 33.792369721 ], [ 130.800048327000013, 33.791038054 ], [ 130.800710272, 33.789848054 ], [ 130.799233891, 33.785778054 ], [ 130.799944721, 33.782008613 ], [ 130.801208054, 33.779873892 ], [ 130.799423606, 33.776793613 ], [ 130.800336394, 33.772906387 ], [ 130.80250722400001, 33.773569721 ], [ 130.802432218, 33.770550559 ], [ 130.800813333, 33.768399162 ], [ 130.80092250300001, 33.766170279 ], [ 130.79940250300001, 33.765185829 ], [ 130.802385550999986, 33.760727775 ], [ 130.801662218, 33.755236386999989 ], [ 130.802922218, 33.753280559 ], [ 130.802134720999987, 33.751116946 ], [ 130.804877782, 33.749812225 ], [ 130.805489169999987, 33.748137495 ], [ 130.803933333, 33.746425829 ], [ 130.804028612, 33.742035829 ] ] ] } },
{ "type": "Feature", "properties": { "N03_001": "福岡県", "N03_002": null, "N03_003": null, "N03_004": "北九州市", "N03_005": "小倉南区", "N03_007": "40107", "city": "北九州市小倉南区" }, "geometry": { "type": "Polygon", "coordinates": [ [ [ 131.038985383000011, 33.835599279 ], [ 131.035289689, 33.853507252 ], [ 131.035477886, 33.856788613 ], [ 131.034329922000012, 33.858030333 ], [ 131.02464594, 33.856663586 ], [ 131.029281336, 33.834218414 ], [ 131.038985383000011, 33.835599279 ] ] ] } },
{ "type": "Feature", "properties": { "N03_001": "福岡県", "N03_002": null, "N03_003": null, "N03_004": "北九州市", "N03_005": "小倉南区", "N03_007": "40107", "city": "北九州市小倉南区" }, "geometry": { "type": "Polygon", "coordinates": [ [ [ 130.974750026, 33.82910336 ], [ 130.97753658900001, 33.82813364 ], [ 130.977475227000014, 33.830141865 ], [ 130.974750026, 33.82910336 ] ] ] } },
{ "type": "Feature", "properties": { "N03_001": "福岡県", "N03_002": null, "N03_003": null, "N03_004": "北九州市", "N03_005": "小倉南区", "N03_007": "40107", "city": "北九州市小倉南区" }, "geometry": null },
{ "type": "Feature", "properties": { "N03_001": "福岡県", "N03_002": null, "N03_003": null, "N03_004": "北九州市", "N03_005": "小倉南区", "N03_007": "40107", "city": "北九州市小倉南区" }, "geometry": null },
{ "type": "Feature", "properties": { "N03_001": "福岡県", "N03_002": null, "N03_003": null, "N03_004": "北九州市", "N03_005": "小倉南区", "N03_007": "40107", "city": "北九州市小倉南区" }, "geometry": null },
{ "type": "Feature", "properties": { "N03_001": "福岡県", "N03_002": null, "N03_003": null, "N03_004": "北九州市", "N03_005": "小倉南区", "N03_007": "40107", "city": "北九州市小倉南区" }, "geometry": null },
{ "type": "Feature", "properties": { "N03_001": "福岡県", "N03_002": null, "N03_003": null, "N03_004": "北九州市", "N03_005": "小倉南区", "N03_007": "40107", "city": "北九州市小倉南区" }, "geometry": null },
{ "type": "Feature", "properties": { "N03_001": "福岡県", "N03_002": null, "N03_003": null, "N03_004": "北九州市", "N03_005": "小倉南区", "N03_007": "40107", "city": "北九州市小倉南区" }, "geometry": null },
{ "type": "Feature", "properties": { "N03_001": "福岡県", "N03_002": null, "N03_003": null, "N03_004": "北九州市", "N03_005": "八幡東区", "N03_007": "40108", "city": "北九州市八幡東区" }, "geometry": { "type": "Polygon", "coordinates": [ [ [ 130.782278534, 33.878187324 ], [ 130.782928612, 33.877737495 ], [ 130.782461115, 33.870874721 ], [ 130.78119722400001, 33.869824162 ], [ 130.782223333, 33.866710279 ], [ 130.779187497, 33.86709 ], [ 130.779741115, 33.864367225 ], [ 130.782645837, 33.860117225 ], [ 130.784508327, 33.860281667 ], [ 130.786484721, 33.857365279 ], [ 130.786633606, 33.854536667 ], [ 130.785491115000013, 33.850111667 ], [ 130.784349442, 33.849093054 ], [ 130.785248884999987, 33.846779441 ], [ 130.783738054, 33.843836946 ], [ 130.78840917, 33.841520279 ], [ 130.790140558, 33.839961108 ], [ 130.786453061, 33.837003892 ], [ 130.784497497, 33.833311387 ], [ 130.78223, 33.831753333 ], [ 130.781889442, 33.829674441 ], [ 130.778653606, 33.825350279 ], [ 130.785105279, 33.820232495 ], [ 130.785804993999989, 33.818319721 ], [ 130.78911917, 33.816549441 ], [ 130.789576109, 33.812140829 ], [ 130.787496393999987, 33.809933332999989 ], [ 130.789758885, 33.805451387 ], [ 130.787427782, 33.802793054 ], [ 130.790946939, 33.800511667 ], [ 130.79242832700001, 33.800974441 ], [ 130.796628327, 33.799838892 ], [ 130.799523606, 33.796501387 ], [ 130.800394993999987, 33.793754162 ], [ 130.801030558, 33.798278054 ], [ 130.802776394, 33.802428892 ], [ 130.804508054, 33.804095829 ], [ 130.804115279, 33.806731946 ], [ 130.802021387999986, 33.80947805400001 ], [ 130.801482218, 33.811916108 ], [ 130.803624993999989, 33.814082495 ], [ 130.804663891, 33.817484441 ], [ 130.808477224, 33.818988054 ], [ 130.809621946, 33.820905829 ], [ 130.807816939, 33.822871667 ], [ 130.81475, 33.827486108 ], [ 130.81842917, 33.828531946 ], [ 130.822945551, 33.826741108 ], [ 130.825178327, 33.82669 ], [ 130.826607224000014, 33.829718613 ], [ 130.828827224, 33.831120829 ], [ 130.829284994, 33.833186387 ], [ 130.832088327, 33.834495829 ], [ 130.833493890999989, 33.836531387 ], [ 130.837252776000014, 33.838453333 ], [ 130.84018, 33.839042225 ], [ 130.84116083, 33.840648333 ], [ 130.842204994000014, 33.843056108 ], [ 130.839965551, 33.846324441 ], [ 130.839685837, 33.850495 ], [ 130.841242776, 33.853063892 ], [ 130.847534163, 33.857109721 ], [ 130.849294163, 33.859619721 ], [ 130.845852503, 33.863542495 ], [ 130.846864721, 33.86721 ], [ 130.846440272, 33.870768613 ], [ 130.843639169999989, 33.869012495 ], [ 130.842045551000012, 33.870132225 ], [ 130.844412503, 33.871229721 ], [ 130.843536109000013, 33.872998333 ], [ 130.836406667, 33.874763054 ], [ 130.834984994, 33.870875279 ], [ 130.825155837000011, 33.869634441 ], [ 130.824400272, 33.872601108 ], [ 130.826189728, 33.875451387 ], [ 130.82228111500001, 33.877245 ], [ 130.82262166000001, 33.883233054 ], [ 130.821262776, 33.885536108 ], [ 130.815847497, 33.887401108 ], [ 130.813972503, 33.887243892 ], [ 130.814305551, 33.884403054 ], [ 130.811113060999986, 33.883403892 ], [ 130.810323891, 33.884493613 ], [ 130.806885214, 33.884844108 ], [ 130.808868948999987, 33.87945494600001 ], [ 130.805045576999987, 33.875139865 ], [ 130.799780999, 33.874121225 ], [ 130.800085746, 33.875410694 ], [ 130.804747951, 33.881620162 ], [ 130.80328255500001, 33.891436108 ], [ 130.799952335, 33.888766225 ], [ 130.797349196, 33.885610414 ], [ 130.79007655, 33.884392279 ], [ 130.784894812, 33.882697027 ], [ 130.782278534, 33.878187324 ] ] ] } },
{ "type": "Feature", "properties": { "N03_001": "福岡県", "N03_002": null, "N03_003": null, "N03_004": "北九州市", "N03_005": "八幡西区", "N03_007": "40109", "city": "北九州市八幡西区" }, "geometry": { "type": "Polygon", "coordinates": [ [ [ 130.707161388, 33.796053892 ], [ 130.714001388000014, 33.787634721000018 ], [ 130.714439442000014, 33.784966387 ], [ 130.720676938999986, 33.774180829 ], [ 130.724902218000011, 33.775369721 ], [ 130.729708054000014, 33.774425279 ], [ 130.733004449, 33.772368892 ], [ 130.738141115, 33.77056166700001 ], [ 130.741928885, 33.771817775 ], [ 130.746001219, 33.772109441 ], [ 130.752433747999987, 33.769839 ], [ 130.753323061, 33.768626387 ], [ 130.757384449, 33.769474162 ], [ 130.760803061, 33.771616946 ], [ 130.761708327, 33.773320829 ], [ 130.766844994, 33.775611946 ], [ 130.768124994, 33.77728027900001 ], [ 130.766637782, 33.782385829 ], [ 130.768221388, 33.784900279 ], [ 130.772662776, 33.786503054 ], [ 130.781749728, 33.785899162 ], [ 130.784555278999989, 33.785173054 ], [ 130.788603061, 33.779851387 ], [ 130.79125250300001, 33.779026946 ], [ 130.794847497, 33.780283892 ], [ 130.799423606, 33.776793613 ], [ 130.801208054, 33.779873892 ], [ 130.799944721, 33.782008613 ], [ 130.799233891, 33.785778054 ], [ 130.800710272, 33.789848054 ], [ 130.800048327000013, 33.791038054 ], [ 130.802004721, 33.792369721 ], [ 130.800394993999987, 33.793754162 ], [ 130.799523606, 33.796501387 ], [ 130.796628327, 33.799838892 ], [ 130.79242832700001, 33.800974441 ], [ 130.790946939, 33.800511667 ], [ 130.787427782, 33.802793054 ], [ 130.789758885, 33.805451387 ], [ 130.787496393999987, 33.809933332999989 ], [ 130.789576109, 33.812140829 ], [ 130.78911917, 33.816549441 ], [ 130.785804993999989, 33.818319721 ], [ 130.785105279, 33.820232495 ], [ 130.778653606, 33.825350279 ], [ 130.781889442, 33.829674441 ], [ 130.78223, 33.831753333 ], [ 130.784497497, 33.833311387 ], [ 130.786453061, 33.837003892 ], [ 130.790140558, 33.839961108 ], [ 130.78840917, 33.841520279 ], [ 130.783738054, 33.843836946 ], [ 130.785248884999987, 33.846779441 ], [ 130.784349442, 33.849093054 ], [ 130.785491115000013, 33.850111667 ], [ 130.786633606, 33.854536667 ], [ 130.786484721, 33.857365279 ], [ 130.784508327, 33.860281667 ], [ 130.782645837, 33.860117225 ], [ 130.779741115, 33.864367225 ], [ 130.779187497, 33.86709 ], [ 130.782223333, 33.866710279 ], [ 130.78119722400001, 33.869824162 ], [ 130.782461115, 33.870874721 ], [ 130.782928612, 33.877737495 ], [ 130.782278534, 33.878187324 ], [ 130.77959275, 33.877124279 ], [ 130.782323671, 33.882004748 ], [ 130.775611387999987, 33.880711559 ], [ 130.772404720999987, 33.87498064 ], [ 130.770325109999987, 33.874725252 ], [ 130.772937886, 33.879660054 ], [ 130.749862218, 33.873939559000014 ], [ 130.748062387, 33.875023198 ], [ 130.742569974, 33.873621495 ], [ 130.741129274, 33.874880414 ], [ 130.747818106000011, 33.876375775 ], [ 130.748925641999989, 33.877907667 ], [ 130.744044306, 33.887431252 ], [ 130.744441712, 33.887740991 ], [ 130.742544163, 33.890028892 ], [ 130.735714449, 33.892103333 ], [ 130.729821388, 33.896466387 ], [ 130.722701388, 33.898944721 ], [ 130.721033891, 33.894511387 ], [ 130.72151138800001, 33.892823333 ], [ 130.718543606, 33.888540559 ], [ 130.715286939, 33.887705279 ], [ 130.715191388, 33.885266946 ], [ 130.71226083, 33.884345559 ], [ 130.711263061000011, 33.885919721 ], [ 130.706982218, 33.886358613 ], [ 130.705026393999987, 33.884016387 ], [ 130.701152218, 33.88473 ], [ 130.699828884999988, 33.888365829 ], [ 130.698519728, 33.888419441 ], [ 130.696299442, 33.884781387 ], [ 130.69231832700001, 33.883880559000012 ], [ 130.687866109, 33.885130829 ], [ 130.682343333, 33.88807 ], [ 130.685706394, 33.882621108 ], [ 130.687766939, 33.880428333 ], [ 130.687764163, 33.878235279 ], [ 130.692338054, 33.878306108 ], [ 130.6934, 33.874442775 ], [ 130.695843606000011, 33.874073333000013 ], [ 130.693304721, 33.86776638700001 ], [ 130.696204449, 33.866336667 ], [ 130.695341388, 33.864389721 ], [ 130.698061946, 33.863201387 ], [ 130.70055832700001, 33.857539721 ], [ 130.704157497000011, 33.857612495 ], [ 130.70614083000001, 33.852724441 ], [ 130.710138054, 33.851004162000017 ], [ 130.713118885, 33.848796667 ], [ 130.713114994, 33.846702225000016 ], [ 130.718462503000012, 33.844152225 ], [ 130.720859442, 33.839138333 ], [ 130.720611115, 33.83554 ], [ 130.718458054, 33.834449441 ], [ 130.72345639400001, 33.832400279 ], [ 130.72613166, 33.834139441 ], [ 130.726990558000011, 33.831492495 ], [ 130.728801659999988, 33.830691667 ], [ 130.728001946, 33.828995 ], [ 130.729747497, 33.827423333 ], [ 130.729709442, 33.825345829 ], [ 130.733194449, 33.824657225 ], [ 130.733253333, 33.822880829 ], [ 130.738207497, 33.821067495 ], [ 130.742847497000014, 33.820014721 ], [ 130.743069728, 33.816076946 ], [ 130.740136939, 33.815409441 ], [ 130.738431946, 33.813775559 ], [ 130.734464163000013, 33.813719162 ], [ 130.731108054, 33.812575559 ], [ 130.725266667, 33.803269721 ], [ 130.720887224, 33.801523054 ], [ 130.719582218, 33.801876108 ], [ 130.721735837000011, 33.806578892 ], [ 130.716750272000013, 33.809758333 ], [ 130.715105551, 33.809986108 ], [ 130.716548885, 33.807296946 ], [ 130.71097, 33.806236108 ], [ 130.706698327, 33.804403333 ], [ 130.703562218, 33.801263613 ], [ 130.704905551, 33.800426946 ], [ 130.707161388, 33.796053892 ] ] ] } },
{ "type": "Feature", "properties": { "N03_001": "福岡県", "N03_002": null, "N03_003": null, "N03_004": "北九州市", "N03_005": "八幡西区", "N03_007": "40109", "city": "北九州市八幡西区" }, "geometry": null },
{ "type": "Feature", "properties": { "N03_001": "福岡県", "N03_002": null, "N03_003": null, "N03_004": "北九州市", "N03_005": "八幡西区", "N03_007": "40109", "city": "北九州市八幡西区" }, "geometry": null },
{ "type": "Feature", "properties": { "N03_001": "福岡県", "N03_002": null, "N03_003": null, "N03_004": "北九州市", "N03_005": "八幡西区", "N03_007": "40109", "city": "北九州市八幡西区" }, "geometry": null },
{ "type": "Feature", "properties": { "N03_001": "福岡県", "N03_002": null, "N03_003": null, "N03_004": "北九州市", "N03_005": "八幡西区", "N03_007": "40109", "city": "北九州市八幡西区" }, "geometry": null },
{ "type": "Feature", "properties": { "N03_001": "福岡県", "N03_002": null, "N03_003": null, "N03_004": "北九州市", "N03_005": "八幡西区", "N03_007": "40109", "city": "北九州市八幡西区" }, "geometry": null },
{ "type": "Feature", "properties": { "N03_001": "福岡県", "N03_002": null, "N03_003": null, "N03_004": "北九州市", "N03_005": "八幡西区", "N03_007": "40109", "city": "北九州市八幡西区" }, "geometry": null },
{ "type": "Feature", "properties": { "N03_001": "福岡県", "N03_002": null, "N03_003": null, "N03_004": "北九州市", "N03_005": "八幡西区", "N03_007": "40109", "city": "北九州市八幡西区" }, "geometry": null },
{ "type": "Feature", "properties": { "N03_001": "福岡県", "N03_002": null, "N03_003": null, "N03_004": "北九州市", "N03_005": "八幡西区", "N03_007": "40109", "city": "北九州市八幡西区" }, "geometry": null },
{ "type": "Feature", "properties": { "N03_001": "福岡県", "N03_002": null, "N03_003": null, "N03_004": "北九州市", "N03_005": "八幡西区", "N03_007": "40109", "city": "北九州市八幡西区" }, "geometry": null },
{ "type": "Feature", "properties": { "N03_001": "福岡県", "N03_002": null, "N03_003": null, "N03_004": "北九州市", "N03_005": "八幡西区", "N03_007": "40109", "city": "北九州市八幡西区" }, "geometry": null },
{ "type": "Feature", "properties": { "N03_001": "福岡県", "N03_002": null, "N03_003": null, "N03_004": "北九州市", "N03_005": "八幡西区", "N03_007": "40109", "city": "北九州市八幡西区" }, "geometry": null },
{ "type": "Feature", "properties": { "N03_001": "福岡県", "N03_002": null, "N03_003": null, "N03_004": "北九州市", "N03_005": "八幡西区", "N03_007": "40109", "city": "北九州市八幡西区" }, "geometry": null },
{ "type": "Feature", "properties": { "N03_001": "福岡県", "N03_002": null, "N03_003": null, "N03_004": "福岡市", "N03_005": "東区", "N03_007": "40131", "city": "福岡市東区" }, "geometry": { "type": "Polygon", "coordinates": [ [ [ 130.399642296, 33.613637216 ], [ 130.40565933900001, 33.609667 ], [ 130.40858297, 33.610802468 ], [ 130.412023554, 33.609573865 ], [ 130.411452477000012, 33.608715198 ], [ 130.415838611999988, 33.606032495 ], [ 130.417843606, 33.608527775 ], [ 130.422719339, 33.606344054 ], [ 130.423872218000014, 33.609733333 ], [ 130.425642218, 33.607920559 ], [ 130.42899917, 33.608675 ], [ 130.428985084, 33.611108829 ], [ 130.433857782, 33.607854162 ], [ 130.438824449, 33.606332495 ], [ 130.442278327, 33.606394721 ], [ 130.44241083, 33.606677775 ], [ 130.444753061, 33.608883613 ], [ 130.441085550999986, 33.612690829 ], [ 130.45036527900001, 33.618674162 ], [ 130.451614694999989, 33.618863721 ], [ 130.45409693900001, 33.624927225 ], [ 130.45710182900001, 33.624484586 ], [ 130.459672776, 33.628820559 ], [ 130.466444994, 33.630807495 ], [ 130.468667497000013, 33.633258054 ], [ 130.467801388, 33.634056108 ], [ 130.471206394, 33.635465829 ], [ 130.472161946, 33.637198613 ], [ 130.475164721, 33.634186108 ], [ 130.478494993999988, 33.633556387 ], [ 130.482493774, 33.630278586 ], [ 130.48216444900001, 33.627998333 ], [ 130.485798327, 33.626791108 ], [ 130.486585551, 33.629320279 ], [ 130.487961946000013, 33.628581108 ], [ 130.494494163000013, 33.631890279 ], [ 130.494289831, 33.634703081 ], [ 130.492814449, 33.636514162 ], [ 130.493757497, 33.640502775 ], [ 130.492175837, 33.641823054 ], [ 130.494535279, 33.646347225 ], [ 130.490449442, 33.649385279 ], [ 130.487268885, 33.647233892 ], [ 130.484254163, 33.651322225 ], [ 130.483182776, 33.649646667 ], [ 130.479056667, 33.648738613 ], [ 130.479595837, 33.653774721 ], [ 130.474682776, 33.659580559 ], [ 130.47445, 33.660840279 ], [ 130.468968327, 33.667130829 ], [ 130.470573333, 33.669949721 ], [ 130.46717, 33.673503054 ], [ 130.467039728, 33.676198054 ], [ 130.468770557999989, 33.679537225 ], [ 130.466065551000014, 33.682294441 ], [ 130.464056394000011, 33.682846108 ], [ 130.460276939000011, 33.680482775 ], [ 130.455160557999989, 33.679529441 ], [ 130.454512502999989, 33.682077495 ], [ 130.450138611999989, 33.690306946 ], [ 130.448323606, 33.692126387 ], [ 130.447843891, 33.697818613 ], [ 130.441683891, 33.701073333 ], [ 130.44123221800001, 33.698869441 ], [ 130.438835278999989, 33.702216108 ], [ 130.436462218, 33.702445279 ], [ 130.432424721, 33.706168892 ], [ 130.430035279, 33.706964441 ], [ 130.428241946000014, 33.709795559 ], [ 130.423143333000013, 33.709117495 ], [ 130.424364994, 33.710724162 ], [ 130.418002451, 33.712548216 ], [ 130.416008223, 33.707073865 ], [ 130.416285383, 33.702829865 ], [ 130.410347393, 33.696843946 ], [ 130.40574224400001, 33.693612279 ], [ 130.40422725, 33.691410081 ], [ 130.399660337, 33.687236892 ], [ 130.386933969000012, 33.67879141400001 ], [ 130.38100572, 33.675449306 ], [ 130.373118366, 33.671529586 ], [ 130.367284137000013, 33.669208414 ], [ 130.355814968, 33.665928495 ], [ 130.353187977, 33.665781108 ], [ 130.346266977999989, 33.661882414 ], [ 130.33540939, 33.660391802 ], [ 130.324956329, 33.660140829 ], [ 130.318183358999988, 33.661064297 ], [ 130.326088003, 33.659074468 ], [ 130.332102217999989, 33.652020387 ], [ 130.333845188, 33.649336108 ], [ 130.339352464, 33.65194682 ], [ 130.342812866, 33.650963252 ], [ 130.345901284, 33.649152 ], [ 130.350083891, 33.648445333 ], [ 130.354485525, 33.644269414 ], [ 130.357283476, 33.64332464 ], [ 130.361282776, 33.644167667 ], [ 130.359002632999989, 33.648540135 ], [ 130.360314228, 33.65827764 ], [ 130.36376406, 33.659951946 ], [ 130.367305888, 33.663209027 ], [ 130.367313476, 33.664507279 ], [ 130.371663579999989, 33.666141865 ], [ 130.384785642, 33.668470441 ], [ 130.393730143, 33.669608748 ], [ 130.398463475999989, 33.670988414 ], [ 130.402141167, 33.673668829 ], [ 130.405084527000014, 33.674674946 ], [ 130.405284669, 33.675901775 ], [ 130.402761777, 33.679143225 ], [ 130.403505577, 33.681084802 ], [ 130.408823165, 33.68360036 ], [ 130.414903476, 33.684034775 ], [ 130.418142139999986, 33.686301387 ], [ 130.422507056, 33.686951108 ], [ 130.427545810999987, 33.686470748 ], [ 130.427947652, 33.68815382 ], [ 130.432047834, 33.684756559 ], [ 130.432794578, 33.679522919 ], [ 130.428498585999989, 33.67638774800001 ], [ 130.42641075200001, 33.676431919 ], [ 130.425607613000011, 33.674956135 ], [ 130.42739869, 33.673229495 ], [ 130.430258885, 33.667301414 ], [ 130.433364773, 33.66584180200001 ], [ 130.434477781999988, 33.662237667 ], [ 130.43253166, 33.659019775 ], [ 130.425515084000011, 33.660599721 ], [ 130.405016446, 33.652172 ], [ 130.406370195, 33.649904892 ], [ 130.413441479, 33.647975198 ], [ 130.415767004, 33.649079829 ], [ 130.420905642, 33.648277721 ], [ 130.421692114, 33.646200559 ], [ 130.420532711, 33.641213622 ], [ 130.411305357, 33.643743946 ], [ 130.41043144, 33.641604748 ], [ 130.407356887, 33.642462054 ], [ 130.404104942, 33.634433135 ], [ 130.409564475, 33.632890441 ], [ 130.408178716, 33.629485027 ], [ 130.405447302, 33.628908027 ], [ 130.403227756, 33.623351333 ], [ 130.412428612000014, 33.620467892 ], [ 130.414941479, 33.620819081 ], [ 130.413976641, 33.617013829 ], [ 130.404499442, 33.619367892 ], [ 130.401335188, 33.618469721 ], [ 130.399642296, 33.613637216 ] ] ] } },
{ "type": "Feature", "properties": { "N03_001": "福岡県", "N03_002": null, "N03_003": null, "N03_004": "福岡市", "N03_005": "東区", "N03_007": "40131", "city": "福岡市東区" }, "geometry": { "type": "Polygon", "coordinates": [ [ [ 130.29379255500001, 33.666916081 ], [ 130.294552918, 33.663710441 ], [ 130.2976662, 33.662557333 ], [ 130.29855808, 33.660322532 ], [ 130.309422166, 33.658838414 ], [ 130.311968885, 33.660790667 ], [ 130.312178210000013, 33.662321486 ], [ 130.317136315999988, 33.661209649 ], [ 130.314669831, 33.665868532 ], [ 130.315919274, 33.666019414 ], [ 130.313423645, 33.668721306 ], [ 130.313599364, 33.671238279 ], [ 130.309985331, 33.678531135 ], [ 130.306859533, 33.681959694 ], [ 130.30638144, 33.684449919 ], [ 130.304446498, 33.687181775 ], [ 130.299383645, 33.689341198 ], [ 130.296361088999987, 33.688059306 ], [ 130.290063476, 33.687714892 ], [ 130.289585253000013, 33.683847441 ], [ 130.286169883000014, 33.679958198 ], [ 130.288839754, 33.677858973 ], [ 130.288817886, 33.674158973 ], [ 130.289736978, 33.671386054 ], [ 130.291845032, 33.66902897300001 ], [ 130.292209922000012, 33.666899829 ], [ 130.29379255500001, 33.666916081 ] ] ] } },
{ "type": "Feature", "properties": { "N03_001": "福岡県", "N03_002": null, "N03_003": null, "N03_004": "福岡市", "N03_005": "東区", "N03_007": "40131", "city": "福岡市東区" }, "geometry": { "type": "Polygon", "coordinates": [ [ [ 130.42824869, 33.664898468 ], [ 130.424935473, 33.671907054 ], [ 130.422457808, 33.674529495 ], [ 130.420211763999987, 33.675447315 ], [ 130.415767030000012, 33.675221892 ], [ 130.401719883, 33.667351081 ], [ 130.395135888, 33.664646198 ], [ 130.39426083, 33.662156414 ], [ 130.398170454, 33.655521495 ], [ 130.399513139, 33.655610703 ], [ 130.414081556000014, 33.661400333 ], [ 130.417500169, 33.658296333 ], [ 130.42617, 33.661871279 ], [ 130.42824869, 33.664898468 ] ] ] } },
{ "type": "Feature", "properties": { "N03_001": "福岡県", "N03_002": null, "N03_003": null, "N03_004": "福岡市", "N03_005": "東区", "N03_007": "40131", "city": "福岡市東区" }, "geometry": null },
{ "type": "Feature", "properties": { "N03_001": "福岡県", "N03_002": null, "N03_003": null, "N03_004": "福岡市", "N03_005": "東区", "N03_007": "40131", "city": "福岡市東区" }, "geometry": null },
{ "type": "Feature", "properties": { "N03_001": "福岡県", "N03_002": null, "N03_003": null, "N03_004": "福岡市", "N03_005": "東区", "N03_007": "40131", "city": "福岡市東区" }, "geometry": null },
{ "type": "Feature", "properties": { "N03_001": "福岡県", "N03_002": null, "N03_003": null, "N03_004": "福岡市", "N03_005": "東区", "N03_007": "40131", "city": "福岡市東区" }, "geometry": null },
{ "type": "Feature", "properties": { "N03_001": "福岡県", "N03_002": null, "N03_003": null, "N03_004": "福岡市", "N03_005": "東区", "N03_007": "40131", "city": "福岡市東区" }, "geometry": null },
{ "type": "Feature", "properties": { "N03_001": "福岡県", "N03_002": null, "N03_003": null, "N03_004": "福岡市", "N03_005": "東区", "N03_007": "40131", "city": "福岡市東区" }, "geometry": null },
{ "type": "Feature", "properties": { "N03_001": "福岡県", "N03_002": null, "N03_003": null, "N03_004": "福岡市", "N03_005": "東区", "N03_007": "40131", "city": "福岡市東区" }, "geometry": null },
{ "type": "Feature", "properties": { "N03_001": "福岡県", "N03_002": null, "N03_003": null, "N03_004": "福岡市", "N03_005": "東区", "N03_007": "40131", "city": "福岡市東区" }, "geometry": null },
{ "type": "Feature", "properties": { "N03_001": "福岡県", "N03_002": null, "N03_003": null, "N03_004": "福岡市", "N03_005": "東区", "N03_007": "40131", "city": "福岡市東区" }, "geometry": null },
{ "type": "Feature", "properties": { "N03_001": "福岡県", "N03_002": null, "N03_003": null, "N03_004": "福岡市", "N03_005": "東区", "N03_007": "40131", "city": "福岡市東区" }, "geometry": null },
{ "type": "Feature", "properties": { "N03_001": "福岡県", "N03_002": null, "N03_003": null, "N03_004": "福岡市", "N03_005": "東区", "N03_007": "40131", "city": "福岡市東区" }, "geometry": null },
{ "type": "Feature", "properties": { "N03_001": "福岡県", "N03_002": null, "N03_003": null, "N03_004": "福岡市", "N03_005": "東区", "N03_007": "40131", "city": "福岡市東区" }, "geometry": null },
{ "type": "Feature", "properties": { "N03_001": "福岡県", "N03_002": null, "N03_003": null, "N03_004": "福岡市", "N03_005": "東区", "N03_007": "40131", "city": "福岡市東区" }, "geometry": null },
{ "type": "Feature", "properties": { "N03_001": "福岡県", "N03_002": null, "N03_003": null, "N03_004": "福岡市", "N03_005": "東区", "N03_007": "40131", "city": "福岡市東区" }, "geometry": null },
{ "type": "Feature", "properties": { "N03_001": "福岡県", "N03_002": null, "N03_003": null, "N03_004": "福岡市", "N03_005": "東区", "N03_007": "40131", "city": "福岡市東区" }, "geometry": null },
{ "type": "Feature", "properties": { "N03_001": "福岡県", "N03_002": null, "N03_003": null, "N03_004": "福岡市", "N03_005": "東区", "N03_007": "40131", "city": "福岡市東区" }, "geometry": null },
{ "type": "Feature", "properties": { "N03_001": "福岡県", "N03_002": null, "N03_003": null, "N03_004": "福岡市", "N03_005": "東区", "N03_007": "40131", "city": "福岡市東区" }, "geometry": null },
{ "type": "Feature", "properties": { "N03_001": "福岡県", "N03_002": null, "N03_003": null, "N03_004": "福岡市", "N03_005": "東区", "N03_007": "40131", "city": "福岡市東区" }, "geometry": null },
{ "type": "Feature", "properties": { "N03_001": "福岡県", "N03_002": null, "N03_003": null, "N03_004": "福岡市", "N03_005": "東区", "N03_007": "40131", "city": "福岡市東区" }, "geometry": null },
{ "type": "Feature", "properties": { "N03_001": "福岡県", "N03_002": null, "N03_003": null, "N03_004": "福岡市", "N03_005": "東区", "N03_007": "40131", "city": "福岡市東区" }, "geometry": null },
{ "type": "Feature", "properties": { "N03_001": "福岡県", "N03_002": null, "N03_003": null, "N03_004": "福岡市", "N03_005": "東区", "N03_007": "40131", "city": "福岡市東区" }, "geometry": null },
{ "type": "Feature", "properties": { "N03_001": "福岡県", "N03_002": null, "N03_003": null, "N03_004": "福岡市", "N03_005": "東区", "N03_007": "40131", "city": "福岡市東区" }, "geometry": null },
{ "type": "Feature", "properties": { "N03_001": "福岡県", "N03_002": null, "N03_003": null, "N03_004": "福岡市", "N03_005": "東区", "N03_007": "40131", "city": "福岡市東区" }, "geometry": null },
{ "type": "Feature", "properties": { "N03_001": "福岡県", "N03_002": null, "N03_003": null, "N03_004": "福岡市", "N03_005": "東区", "N03_007": "40131", "city": "福岡市東区" }, "geometry": null },
{ "type": "Feature", "properties": { "N03_001": "福岡県", "N03_002": null, "N03_003": null, "N03_004": "福岡市", "N03_005": "東区", "N03_007": "40131", "city": "福岡市東区" }, "geometry": null },
{ "type": "Feature", "properties": { "N03_001": "福岡県", "N03_002": null, "N03_003": null, "N03_004": "福岡市", "N03_005": "東区", "N03_007": "40131", "city": "福岡市東区" }, "geometry": null },
{ "type": "Feature", "properties": { "N03_001": "福岡県", "N03_002": null, "N03_003": null, "N03_004": "福岡市", "N03_005": "東区", "N03_007": "40131", "city": "福岡市東区" }, "geometry": null },
{ "type": "Feature", "properties": { "N03_001": "福岡県", "N03_002": null, "N03_003": null, "N03_004": "福岡市", "N03_005": "東区", "N03_007": "40131", "city": "福岡市東区" }, "geometry": null },
{ "type": "Feature", "properties": { "N03_001": "福岡県", "N03_002": null, "N03_003": null, "N03_004": "福岡市", "N03_005": "東区", "N03_007": "40131", "city": "福岡市東区" }, "geometry": null },
{ "type": "Feature", "properties": { "N03_001": "福岡県", "N03_002": null, "N03_003": null, "N03_004": "福岡市", "N03_005": "東区", "N03_007": "40131", "city": "福岡市東区" }, "geometry": null },
{ "type": "Feature", "properties": { "N03_001": "福岡県", "N03_002": null, "N03_003": null, "N03_004": "福岡市", "N03_005": "東区", "N03_007": "40131", "city": "福岡市東区" }, "geometry": null },
{ "type": "Feature", "properties": { "N03_001": "福岡県", "N03_002": null, "N03_003": null, "N03_004": "福岡市", "N03_005": "東区", "N03_007": "40131", "city": "福岡市東区" }, "geometry": null },
{ "type": "Feature", "properties": { "N03_001": "福岡県", "N03_002": null, "N03_003": null, "N03_004": "福岡市", "N03_005": "東区", "N03_007": "40131", "city": "福岡市東区" }, "geometry": null },
{ "type": "Feature", "properties": { "N03_001": "福岡県", "N03_002": null, "N03_003": null, "N03_004": "福岡市", "N03_005": "東区", "N03_007": "40131", "city": "福岡市東区" }, "geometry": null },
{ "type": "Feature", "properties": { "N03_001": "福岡県", "N03_002": null, "N03_003": null, "N03_004": "福岡市", "N03_005": "東区", "N03_007": "40131", "city": "福岡市東区" }, "geometry": null },
{ "type": "Feature", "properties": { "N03_001": "福岡県", "N03_002": null, "N03_003": null, "N03_004": "福岡市", "N03_005": "東区", "N03_007": "40131", "city": "福岡市東区" }, "geometry": null },
{ "type": "Feature", "properties": { "N03_001": "福岡県", "N03_002": null, "N03_003": null, "N03_004": "福岡市", "N03_005": "東区", "N03_007": "40131", "city": "福岡市東区" }, "geometry": null },
{ "type": "Feature", "properties": { "N03_001": "福岡県", "N03_002": null, "N03_003": null, "N03_004": "福岡市", "N03_005": "東区", "N03_007": "40131", "city": "福岡市東区" }, "geometry": null },
{ "type": "Feature", "properties": { "N03_001": "福岡県", "N03_002": null, "N03_003": null, "N03_004": "福岡市", "N03_005": "東区", "N03_007": "40131", "city": "福岡市東区" }, "geometry": null },
{ "type": "Feature", "properties": { "N03_001": "福岡県", "N03_002": null, "N03_003": null, "N03_004": "福岡市", "N03_005": "東区", "N03_007": "40131", "city": "福岡市東区" }, "geometry": null },
{ "type": "Feature", "properties": { "N03_001": "福岡県", "N03_002": null, "N03_003": null, "N03_004": "福岡市", "N03_005": "東区", "N03_007": "40131", "city": "福岡市東区" }, "geometry": null },
{ "type": "Feature", "properties": { "N03_001": "福岡県", "N03_002": null, "N03_003": null, "N03_004": "福岡市", "N03_005": "東区", "N03_007": "40131", "city": "福岡市東区" }, "geometry": null },
{ "type": "Feature", "properties": { "N03_001": "福岡県", "N03_002": null, "N03_003": null, "N03_004": "福岡市", "N03_005": "東区", "N03_007": "40131", "city": "福岡市東区" }, "geometry": null },
{ "type": "Feature", "properties": { "N03_001": "福岡県", "N03_002": null, "N03_003": null, "N03_004": "福岡市", "N03_005": "東区", "N03_007": "40131", "city": "福岡市東区" }, "geometry": null },
{ "type": "Feature", "properties": { "N03_001": "福岡県", "N03_002": null, "N03_003": null, "N03_004": "福岡市", "N03_005": "東区", "N03_007": "40131", "city": "福岡市東区" }, "geometry": null },
{ "type": "Feature", "properties": { "N03_001": "福岡県", "N03_002": null, "N03_003": null, "N03_004": "福岡市", "N03_005": "東区", "N03_007": "40131", "city": "福岡市東区" }, "geometry": null },
{ "type": "Feature", "properties": { "N03_001": "福岡県", "N03_002": null, "N03_003": null, "N03_004": "福岡市", "N03_005": "東区", "N03_007": "40131", "city": "福岡市東区" }, "geometry": null },
{ "type": "Feature", "properties": { "N03_001": "福岡県", "N03_002": null, "N03_003": null, "N03_004": "福岡市", "N03_005": "東区", "N03_007": "40131", "city": "福岡市東区" }, "geometry": null },
{ "type": "Feature", "properties": { "N03_001": "福岡県", "N03_002": null, "N03_003": null, "N03_004": "福岡市", "N03_005": "東区", "N03_007": "40131", "city": "福岡市東区" }, "geometry": null },
{ "type": "Feature", "properties": { "N03_001": "福岡県", "N03_002": null, "N03_003": null, "N03_004": "福岡市", "N03_005": "東区", "N03_007": "40131", "city": "福岡市東区" }, "geometry": null },
{ "type": "Feature", "properties": { "N03_001": "福岡県", "N03_002": null, "N03_003": null, "N03_004": "福岡市", "N03_005": "東区", "N03_007": "40131", "city": "福岡市東区" }, "geometry": null },
{ "type": "Feature", "properties": { "N03_001": "福岡県", "N03_002": null, "N03_003": null, "N03_004": "福岡市", "N03_005": "東区", "N03_007": "40131", "city": "福岡市東区" }, "geometry": null },
{ "type": "Feature", "properties": { "N03_001": "福岡県", "N03_002": null, "N03_003": null, "N03_004": "福岡市", "N03_005": "東区", "N03_007": "40131", "city": "福岡市東区" }, "geometry": null },
{ "type": "Feature", "properties": { "N03_001": "福岡県", "N03_002": null, "N03_003": null, "N03_004": "福岡市", "N03_005": "東区", "N03_007": "40131", "city": "福岡市東区" }, "geometry": null },
{ "type": "Feature", "properties": { "N03_001": "福岡県", "N03_002": null, "N03_003": null, "N03_004": "福岡市", "N03_005": "東区", "N03_007": "40131", "city": "福岡市東区" }, "geometry": null },
{ "type": "Feature", "properties": { "N03_001": "福岡県", "N03_002": null, "N03_003": null, "N03_004": "福岡市", "N03_005": "東区", "N03_007": "40131", "city": "福岡市東区" }, "geometry": null },
{ "type": "Feature", "properties": { "N03_001": "福岡県", "N03_002": null, "N03_003": null, "N03_004": "福岡市", "N03_005": "東区", "N03_007": "40131", "city": "福岡市東区" }, "geometry": null },
{ "type": "Feature", "properties": { "N03_001": "福岡県", "N03_002": null, "N03_003": null, "N03_004": "福岡市", "N03_005": "東区", "N03_007": "40131", "city": "福岡市東区" }, "geometry": null },
{ "type": "Feature", "properties": { "N03_001": "福岡県", "N03_002": null, "N03_003": null, "N03_004": "福岡市", "N03_005": "東区", "N03_007": "40131", "city": "福岡市東区" }, "geometry": null },
{ "type": "Feature", "properties": { "N03_001": "福岡県", "N03_002": null, "N03_003": null, "N03_004": "福岡市", "N03_005": "東区", "N03_007": "40131", "city": "福岡市東区" }, "geometry": null },
{ "type": "Feature", "properties": { "N03_001": "福岡県", "N03_002": null, "N03_003": null, "N03_004": "福岡市", "N03_005": "東区", "N03_007": "40131", "city": "福岡市東区" }, "geometry": null },
{ "type": "Feature", "properties": { "N03_001": "福岡県", "N03_002": null, "N03_003": null, "N03_004": "福岡市", "N03_005": "東区", "N03_007": "40131", "city": "福岡市東区" }, "geometry": null },
{ "type": "Feature", "properties": { "N03_001": "福岡県", "N03_002": null, "N03_003": null, "N03_004": "福岡市", "N03_005": "東区", "N03_007": "40131", "city": "福岡市東区" }, "geometry": null },
{ "type": "Feature", "properties": { "N03_001": "福岡県", "N03_002": null, "N03_003": null, "N03_004": "福岡市", "N03_005": "東区", "N03_007": "40131", "city": "福岡市東区" }, "geometry": null },
{ "type": "Feature", "properties": { "N03_001": "福岡県", "N03_002": null, "N03_003": null, "N03_004": "福岡市", "N03_005": "東区", "N03_007": "40131", "city": "福岡市東区" }, "geometry": null },
{ "type": "Feature", "properties": { "N03_001": "福岡県", "N03_002": null, "N03_003": null, "N03_004": "福岡市", "N03_005": "東区", "N03_007": "40131", "city": "福岡市東区" }, "geometry": null },
{ "type": "Feature", "properties": { "N03_001": "福岡県", "N03_002": null, "N03_003": null, "N03_004": "福岡市", "N03_005": "東区", "N03_007": "40131", "city": "福岡市東区" }, "geometry": null },
{ "type": "Feature", "properties": { "N03_001": "福岡県", "N03_002": null, "N03_003": null, "N03_004": "福岡市", "N03_005": "東区", "N03_007": "40131", "city": "福岡市東区" }, "geometry": null },
{ "type": "Feature", "properties": { "N03_001": "福岡県", "N03_002": null, "N03_003": null, "N03_004": "福岡市", "N03_005": "東区", "N03_007": "40131", "city": "福岡市東区" }, "geometry": null },
{ "type": "Feature", "properties": { "N03_001": "福岡県", "N03_002": null, "N03_003": null, "N03_004": "福岡市", "N03_005": "東区", "N03_007": "40131", "city": "福岡市東区" }, "geometry": null },
{ "type": "Feature", "properties": { "N03_001": "福岡県", "N03_002": null, "N03_003": null, "N03_004": "福岡市", "N03_005": "東区", "N03_007": "40131", "city": "福岡市東区" }, "geometry": null },
{ "type": "Feature", "properties": { "N03_001": "福岡県", "N03_002": null, "N03_003": null, "N03_004": "福岡市", "N03_005": "東区", "N03_007": "40131", "city": "福岡市東区" }, "geometry": null },
{ "type": "Feature", "properties": { "N03_001": "福岡県", "N03_002": null, "N03_003": null, "N03_004": "福岡市", "N03_005": "東区", "N03_007": "40131", "city": "福岡市東区" }, "geometry": null },
{ "type": "Feature", "properties": { "N03_001": "福岡県", "N03_002": null, "N03_003": null, "N03_004": "福岡市", "N03_005": "東区", "N03_007": "40131", "city": "福岡市東区" }, "geometry": null },
{ "type": "Feature", "properties": { "N03_001": "福岡県", "N03_002": null, "N03_003": null, "N03_004": "福岡市", "N03_005": "東区", "N03_007": "40131", "city": "福岡市東区" }, "geometry": null },
{ "type": "Feature", "properties": { "N03_001": "福岡県", "N03_002": null, "N03_003": null, "N03_004": "福岡市", "N03_005": "東区", "N03_007": "40131", "city": "福岡市東区" }, "geometry": null },
{ "type": "Feature", "properties": { "N03_001": "福岡県", "N03_002": null, "N03_003": null, "N03_004": "福岡市", "N03_005": "東区", "N03_007": "40131", "city": "福岡市東区" }, "geometry": null },
{ "type": "Feature", "properties": { "N03_001": "福岡県", "N03_002": null, "N03_003": null, "N03_004": "福岡市", "N03_005": "東区", "N03_007": "40131", "city": "福岡市東区" }, "geometry": null },
{ "type": "Feature", "properties": { "N03_001": "福岡県", "N03_002": null, "N03_003": null, "N03_004": "福岡市", "N03_005": "東区", "N03_007": "40131", "city": "福岡市東区" }, "geometry": null },
{ "type": "Feature", "properties": { "N03_001": "福岡県", "N03_002": null, "N03_003": null, "N03_004": "福岡市", "N03_005": "東区", "N03_007": "40131", "city": "福岡市東区" }, "geometry": null },
{ "type": "Feature", "properties": { "N03_001": "福岡県", "N03_002": null, "N03_003": null, "N03_004": "福岡市", "N03_005": "東区", "N03_007": "40131", "city": "福岡市東区" }, "geometry": null },
{ "type": "Feature", "properties": { "N03_001": "福岡県", "N03_002": null, "N03_003": null, "N03_004": "福岡市", "N03_005": "東区", "N03_007": "40131", "city": "福岡市東区" }, "geometry": null },
{ "type": "Feature", "properties": { "N03_001": "福岡県", "N03_002": null, "N03_003": null, "N03_004": "福岡市", "N03_005": "東区", "N03_007": "40131", "city": "福岡市東区" }, "geometry": null },
{ "type": "Feature", "properties": { "N03_001": "福岡県", "N03_002": null, "N03_003": null, "N03_004": "福岡市", "N03_005": "東区", "N03_007": "40131", "city": "福岡市東区" }, "geometry": null },
{ "type": "Feature", "properties": { "N03_001": "福岡県", "N03_002": null, "N03_003": null, "N03_004": "福岡市", "N03_005": "東区", "N03_007": "40131", "city": "福岡市東区" }, "geometry": null },
{ "type": "Feature", "properties": { "N03_001": "福岡県", "N03_002": null, "N03_003": null, "N03_004": "福岡市", "N03_005": "東区", "N03_007": "40131", "city": "福岡市東区" }, "geometry": null },
{ "type": "Feature", "properties": { "N03_001": "福岡県", "N03_002": null, "N03_003": null, "N03_004": "福岡市", "N03_005": "東区", "N03_007": "40131", "city": "福岡市東区" }, "geometry": null },
{ "type": "Feature", "properties": { "N03_001": "福岡県", "N03_002": null, "N03_003": null, "N03_004": "福岡市", "N03_005": "東区", "N03_007": "40131", "city": "福岡市東区" }, "geometry": null },
{ "type": "Feature", "properties": { "N03_001": "福岡県", "N03_002": null, "N03_003": null, "N03_004": "福岡市", "N03_005": "東区", "N03_007": "40131", "city": "福岡市東区" }, "geometry": null },
{ "type": "Feature", "properties": { "N03_001": "福岡県", "N03_002": null, "N03_003": null, "N03_004": "福岡市", "N03_005": "東区", "N03_007": "40131", "city": "福岡市東区" }, "geometry": null },
{ "type": "Feature", "properties": { "N03_001": "福岡県", "N03_002": null, "N03_003": null, "N03_004": "福岡市", "N03_005": "東区", "N03_007": "40131", "city": "福岡市東区" }, "geometry": null },
{ "type": "Feature", "properties": { "N03_001": "福岡県", "N03_002": null, "N03_003": null, "N03_004": "福岡市", "N03_005": "東区", "N03_007": "40131", "city": "福岡市東区" }, "geometry": null },
{ "type": "Feature", "properties": { "N03_001": "福岡県", "N03_002": null, "N03_003": null, "N03_004": "福岡市", "N03_005": "東区", "N03_007": "40131", "city": "福岡市東区" }, "geometry": null },
{ "type": "Feature", "properties": { "N03_001": "福岡県", "N03_002": null, "N03_003": null, "N03_004": "福岡市", "N03_005": "東区", "N03_007": "40131", "city": "福岡市東区" }, "geometry": null },
{ "type": "Feature", "properties": { "N03_001": "福岡県", "N03_002": null, "N03_003": null, "N03_004": "福岡市", "N03_005": "東区", "N03_007": "40131", "city": "福岡市東区" }, "geometry": null },
{ "type": "Feature", "properties": { "N03_001": "福岡県", "N03_002": null, "N03_003": null, "N03_004": "福岡市", "N03_005": "東区", "N03_007": "40131", "city": "福岡市東区" }, "geometry": null },
{ "type": "Feature", "properties": { "N03_001": "福岡県", "N03_002": null, "N03_003": null, "N03_004": "福岡市", "N03_005": "東区", "N03_007": "40131", "city": "福岡市東区" }, "geometry": null },
{ "type": "Feature", "properties": { "N03_001": "福岡県", "N03_002": null, "N03_003": null, "N03_004": "福岡市", "N03_005": "東区", "N03_007": "40131", "city": "福岡市東区" }, "geometry": null },
{ "type": "Feature", "properties": { "N03_001": "福岡県", "N03_002": null, "N03_003": null, "N03_004": "福岡市", "N03_005": "東区", "N03_007": "40131", "city": "福岡市東区" }, "geometry": null },
{ "type": "Feature", "properties": { "N03_001": "福岡県", "N03_002": null, "N03_003": null, "N03_004": "福岡市", "N03_005": "東区", "N03_007": "40131", "city": "福岡市東区" }, "geometry": null },
{ "type": "Feature", "properties": { "N03_001": "福岡県", "N03_002": null, "N03_003": null, "N03_004": "福岡市", "N03_005": "東区", "N03_007": "40131", "city": "福岡市東区" }, "geometry": null },
{ "type": "Feature", "properties": { "N03_001": "福岡県", "N03_002": null, "N03_003": null, "N03_004": "福岡市", "N03_005": "東区", "N03_007": "40131", "city": "福岡市東区" }, "geometry": null },
{ "type": "Feature", "properties": { "N03_001": "福岡県", "N03_002": null, "N03_003": null, "N03_004": "福岡市", "N03_005": "東区", "N03_007": "40131", "city": "福岡市東区" }, "geometry": null },
{ "type": "Feature", "properties": { "N03_001": "福岡県", "N03_002": null, "N03_003": null, "N03_004": "福岡市", "N03_005": "東区", "N03_007": "40131", "city": "福岡市東区" }, "geometry": null },
{ "type": "Feature", "properties": { "N03_001": "福岡県", "N03_002": null, "N03_003": null, "N03_004": "福岡市", "N03_005": "東区", "N03_007": "40131", "city": "福岡市東区" }, "geometry": null },
{ "type": "Feature", "properties": { "N03_001": "福岡県", "N03_002": null, "N03_003": null, "N03_004": "福岡市", "N03_005": "東区", "N03_007": "40131", "city": "福岡市東区" }, "geometry": null },
{ "type": "Feature", "properties": { "N03_001": "福岡県", "N03_002": null, "N03_003": null, "N03_004": "福岡市", "N03_005": "東区", "N03_007": "40131", "city": "福岡市東区" }, "geometry": null },
{ "type": "Feature", "properties": { "N03_001": "福岡県", "N03_002": null, "N03_003": null, "N03_004": "福岡市", "N03_005": "東区", "N03_007": "40131", "city": "福岡市東区" }, "geometry": null },
{ "type": "Feature", "properties": { "N03_001": "福岡県", "N03_002": null, "N03_003": null, "N03_004": "福岡市", "N03_005": "東区", "N03_007": "40131", "city": "福岡市東区" }, "geometry": null },
{ "type": "Feature", "properties": { "N03_001": "福岡県", "N03_002": null, "N03_003": null, "N03_004": "福岡市", "N03_005": "東区", "N03_007": "40131", "city": "福岡市東区" }, "geometry": null },
{ "type": "Feature", "properties": { "N03_001": "福岡県", "N03_002": null, "N03_003": null, "N03_004": "福岡市", "N03_005": "東区", "N03_007": "40131", "city": "福岡市東区" }, "geometry": null },
{ "type": "Feature", "properties": { "N03_001": "福岡県", "N03_002": null, "N03_003": null, "N03_004": "福岡市", "N03_005": "東区", "N03_007": "40131", "city": "福岡市東区" }, "geometry": null },
{ "type": "Feature", "properties": { "N03_001": "福岡県", "N03_002": null, "N03_003": null, "N03_004": "福岡市", "N03_005": "東区", "N03_007": "40131", "city": "福岡市東区" }, "geometry": null },
{ "type": "Feature", "properties": { "N03_001": "福岡県", "N03_002": null, "N03_003": null, "N03_004": "福岡市", "N03_005": "東区", "N03_007": "40131", "city": "福岡市東区" }, "geometry": null },
{ "type": "Feature", "properties": { "N03_001": "福岡県", "N03_002": null, "N03_003": null, "N03_004": "福岡市", "N03_005": "東区", "N03_007": "40131", "city": "福岡市東区" }, "geometry": null },
{ "type": "Feature", "properties": { "N03_001": "福岡県", "N03_002": null, "N03_003": null, "N03_004": "福岡市", "N03_005": "東区", "N03_007": "40131", "city": "福岡市東区" }, "geometry": null },
{ "type": "Feature", "properties": { "N03_001": "福岡県", "N03_002": null, "N03_003": null, "N03_004": "福岡市", "N03_005": "東区", "N03_007": "40131", "city": "福岡市東区" }, "geometry": null },
{ "type": "Feature", "properties": { "N03_001": "福岡県", "N03_002": null, "N03_003": null, "N03_004": "福岡市", "N03_005": "東区", "N03_007": "40131", "city": "福岡市東区" }, "geometry": null },
{ "type": "Feature", "properties": { "N03_001": "福岡県", "N03_002": null, "N03_003": null, "N03_004": "福岡市", "N03_005": "東区", "N03_007": "40131", "city": "福岡市東区" }, "geometry": null },
{ "type": "Feature", "properties": { "N03_001": "福岡県", "N03_002": null, "N03_003": null, "N03_004": "福岡市", "N03_005": "東区", "N03_007": "40131", "city": "福岡市東区" }, "geometry": null },
{ "type": "Feature", "properties": { "N03_001": "福岡県", "N03_002": null, "N03_003": null, "N03_004": "福岡市", "N03_005": "東区", "N03_007": "40131", "city": "福岡市東区" }, "geometry": null },
{ "type": "Feature", "properties": { "N03_001": "福岡県", "N03_002": null, "N03_003": null, "N03_004": "福岡市", "N03_005": "東区", "N03_007": "40131", "city": "福岡市東区" }, "geometry": null },
{ "type": "Feature", "properties": { "N03_001": "福岡県", "N03_002": null, "N03_003": null, "N03_004": "福岡市", "N03_005": "東区", "N03_007": "40131", "city": "福岡市東区" }, "geometry": null },
{ "type": "Feature", "properties": { "N03_001": "福岡県", "N03_002": null, "N03_003": null, "N03_004": "福岡市", "N03_005": "東区", "N03_007": "40131", "city": "福岡市東区" }, "geometry": null },
{ "type": "Feature", "properties": { "N03_001": "福岡県", "N03_002": null, "N03_003": null, "N03_004": "福岡市", "N03_005": "東区", "N03_007": "40131", "city": "福岡市東区" }, "geometry": null },
{ "type": "Feature", "properties": { "N03_001": "福岡県", "N03_002": null, "N03_003": null, "N03_004": "福岡市", "N03_005": "東区", "N03_007": "40131", "city": "福岡市東区" }, "geometry": null },
{ "type": "Feature", "properties": { "N03_001": "福岡県", "N03_002": null, "N03_003": null, "N03_004": "福岡市", "N03_005": "東区", "N03_007": "40131", "city": "福岡市東区" }, "geometry": null },
{ "type": "Feature", "properties": { "N03_001": "福岡県", "N03_002": null, "N03_003": null, "N03_004": "福岡市", "N03_005": "東区", "N03_007": "40131", "city": "福岡市東区" }, "geometry": null },
{ "type": "Feature", "properties": { "N03_001": "福岡県", "N03_002": null, "N03_003": null, "N03_004": "福岡市", "N03_005": "東区", "N03_007": "40131", "city": "福岡市東区" }, "geometry": null },
{ "type": "Feature", "properties": { "N03_001": "福岡県", "N03_002": null, "N03_003": null, "N03_004": "福岡市", "N03_005": "東区", "N03_007": "40131", "city": "福岡市東区" }, "geometry": null },
{ "type": "Feature", "properties": { "N03_001": "福岡県", "N03_002": null, "N03_003": null, "N03_004": "福岡市", "N03_005": "東区", "N03_007": "40131", "city": "福岡市東区" }, "geometry": null },
{ "type": "Feature", "properties": { "N03_001": "福岡県", "N03_002": null, "N03_003": null, "N03_004": "福岡市", "N03_005": "東区", "N03_007": "40131", "city": "福岡市東区" }, "geometry": null },
{ "type": "Feature", "properties": { "N03_001": "福岡県", "N03_002": null, "N03_003": null, "N03_004": "福岡市", "N03_005": "東区", "N03_007": "40131", "city": "福岡市東区" }, "geometry": null },
{ "type": "Feature", "properties": { "N03_001": "福岡県", "N03_002": null, "N03_003": null, "N03_004": "福岡市", "N03_005": "東区", "N03_007": "40131", "city": "福岡市東区" }, "geometry": null },
{ "type": "Feature", "properties": { "N03_001": "福岡県", "N03_002": null, "N03_003": null, "N03_004": "福岡市", "N03_005": "東区", "N03_007": "40131", "city": "福岡市東区" }, "geometry": null },
{ "type": "Feature", "properties": { "N03_001": "福岡県", "N03_002": null, "N03_003": null, "N03_004": "福岡市", "N03_005": "東区", "N03_007": "40131", "city": "福岡市東区" }, "geometry": null },
{ "type": "Feature", "properties": { "N03_001": "福岡県", "N03_002": null, "N03_003": null, "N03_004": "福岡市", "N03_005": "東区", "N03_007": "40131", "city": "福岡市東区" }, "geometry": null },
{ "type": "Feature", "properties": { "N03_001": "福岡県", "N03_002": null, "N03_003": null, "N03_004": "福岡市", "N03_005": "東区", "N03_007": "40131", "city": "福岡市東区" }, "geometry": null },
{ "type": "Feature", "properties": { "N03_001": "福岡県", "N03_002": null, "N03_003": null, "N03_004": "福岡市", "N03_005": "東区", "N03_007": "40131", "city": "福岡市東区" }, "geometry": null },
{ "type": "Feature", "properties": { "N03_001": "福岡県", "N03_002": null, "N03_003": null, "N03_004": "福岡市", "N03_005": "東区", "N03_007": "40131", "city": "福岡市東区" }, "geometry": null },
{ "type": "Feature", "properties": { "N03_001": "福岡県", "N03_002": null, "N03_003": null, "N03_004": "福岡市", "N03_005": "東区", "N03_007": "40131", "city": "福岡市東区" }, "geometry": null },
{ "type": "Feature", "properties": { "N03_001": "福岡県", "N03_002": null, "N03_003": null, "N03_004": "福岡市", "N03_005": "東区", "N03_007": "40131", "city": "福岡市東区" }, "geometry": null },
{ "type": "Feature", "properties": { "N03_001": "福岡県", "N03_002": null, "N03_003": null, "N03_004": "福岡市", "N03_005": "東区", "N03_007": "40131", "city": "福岡市東区" }, "geometry": null },
{ "type": "Feature", "properties": { "N03_001": "福岡県", "N03_002": null, "N03_003": null, "N03_004": "福岡市", "N03_005": "東区", "N03_007": "40131", "city": "福岡市東区" }, "geometry": null },
{ "type": "Feature", "properties": { "N03_001": "福岡県", "N03_002": null, "N03_003": null, "N03_004": "福岡市", "N03_005": "東区", "N03_007": "40131", "city": "福岡市東区" }, "geometry": null },
{ "type": "Feature", "properties": { "N03_001": "福岡県", "N03_002": null, "N03_003": null, "N03_004": "福岡市", "N03_005": "東区", "N03_007": "40131", "city": "福岡市東区" }, "geometry": null },
{ "type": "Feature", "properties": { "N03_001": "福岡県", "N03_002": null, "N03_003": null, "N03_004": "福岡市", "N03_005": "東区", "N03_007": "40131", "city": "福岡市東区" }, "geometry": null },
{ "type": "Feature", "properties": { "N03_001": "福岡県", "N03_002": null, "N03_003": null, "N03_004": "福岡市", "N03_005": "東区", "N03_007": "40131", "city": "福岡市東区" }, "geometry": null },
{ "type": "Feature", "properties": { "N03_001": "福岡県", "N03_002": null, "N03_003": null, "N03_004": "福岡市", "N03_005": "東区", "N03_007": "40131", "city": "福岡市東区" }, "geometry": null },
{ "type": "Feature", "properties": { "N03_001": "福岡県", "N03_002": null, "N03_003": null, "N03_004": "福岡市", "N03_005": "東区", "N03_007": "40131", "city": "福岡市東区" }, "geometry": null },
{ "type": "Feature", "properties": { "N03_001": "福岡県", "N03_002": null, "N03_003": null, "N03_004": "福岡市", "N03_005": "東区", "N03_007": "40131", "city": "福岡市東区" }, "geometry": null },
{ "type": "Feature", "properties": { "N03_001": "福岡県", "N03_002": null, "N03_003": null, "N03_004": "福岡市", "N03_005": "東区", "N03_007": "40131", "city": "福岡市東区" }, "geometry": null },
{ "type": "Feature", "properties": { "N03_001": "福岡県", "N03_002": null, "N03_003": null, "N03_004": "福岡市", "N03_005": "東区", "N03_007": "40131", "city": "福岡市東区" }, "geometry": null },
{ "type": "Feature", "properties": { "N03_001": "福岡県", "N03_002": null, "N03_003": null, "N03_004": "福岡市", "N03_005": "東区", "N03_007": "40131", "city": "福岡市東区" }, "geometry": null },
{ "type": "Feature", "properties": { "N03_001": "福岡県", "N03_002": null, "N03_003": null, "N03_004": "福岡市", "N03_005": "東区", "N03_007": "40131", "city": "福岡市東区" }, "geometry": null },
{ "type": "Feature", "properties": { "N03_001": "福岡県", "N03_002": null, "N03_003": null, "N03_004": "福岡市", "N03_005": "東区", "N03_007": "40131", "city": "福岡市東区" }, "geometry": null },
{ "type": "Feature", "properties": { "N03_001": "福岡県", "N03_002": null, "N03_003": null, "N03_004": "福岡市", "N03_005": "東区", "N03_007": "40131", "city": "福岡市東区" }, "geometry": null },
{ "type": "Feature", "properties": { "N03_001": "福岡県", "N03_002": null, "N03_003": null, "N03_004": "福岡市", "N03_005": "東区", "N03_007": "40131", "city": "福岡市東区" }, "geometry": null },
{ "type": "Feature", "properties": { "N03_001": "福岡県", "N03_002": null, "N03_003": null, "N03_004": "福岡市", "N03_005": "東区", "N03_007": "40131", "city": "福岡市東区" }, "geometry": null },
{ "type": "Feature", "properties": { "N03_001": "福岡県", "N03_002": null, "N03_003": null, "N03_004": "福岡市", "N03_005": "東区", "N03_007": "40131", "city": "福岡市東区" }, "geometry": null },
{ "type": "Feature", "properties": { "N03_001": "福岡県", "N03_002": null, "N03_003": null, "N03_004": "福岡市", "N03_005": "東区", "N03_007": "40131", "city": "福岡市東区" }, "geometry": null },
{ "type": "Feature", "properties": { "N03_001": "福岡県", "N03_002": null, "N03_003": null, "N03_004": "福岡市", "N03_005": "東区", "N03_007": "40131", "city": "福岡市東区" }, "geometry": null },
{ "type": "Feature", "properties": { "N03_001": "福岡県", "N03_002": null, "N03_003": null, "N03_004": "福岡市", "N03_005": "東区", "N03_007": "40131", "city": "福岡市東区" }, "geometry": null },
{ "type": "Feature", "properties": { "N03_001": "福岡県", "N03_002": null, "N03_003": null, "N03_004": "福岡市", "N03_005": "東区", "N03_007": "40131", "city": "福岡市東区" }, "geometry": null },
{ "type": "Feature", "properties": { "N03_001": "福岡県", "N03_002": null, "N03_003": null, "N03_004": "福岡市", "N03_005": "東区", "N03_007": "40131", "city": "福岡市東区" }, "geometry": null },
{ "type": "Feature", "properties": { "N03_001": "福岡県", "N03_002": null, "N03_003": null, "N03_004": "福岡市", "N03_005": "東区", "N03_007": "40131", "city": "福岡市東区" }, "geometry": null },
{ "type": "Feature", "properties": { "N03_001": "福岡県", "N03_002": null, "N03_003": null, "N03_004": "福岡市", "N03_005": "東区", "N03_007": "40131", "city": "福岡市東区" }, "geometry": null },
{ "type": "Feature", "properties": { "N03_001": "福岡県", "N03_002": null, "N03_003": null, "N03_004": "福岡市", "N03_005": "東区", "N03_007": "40131", "city": "福岡市東区" }, "geometry": null },
{ "type": "Feature", "properties": { "N03_001": "福岡県", "N03_002": null, "N03_003": null, "N03_004": "福岡市", "N03_005": "東区", "N03_007": "40131", "city": "福岡市東区" }, "geometry": null },
{ "type": "Feature", "properties": { "N03_001": "福岡県", "N03_002": null, "N03_003": null, "N03_004": "福岡市", "N03_005": "東区", "N03_007": "40131", "city": "福岡市東区" }, "geometry": null },
{ "type": "Feature", "properties": { "N03_001": "福岡県", "N03_002": null, "N03_003": null, "N03_004": "福岡市", "N03_005": "東区", "N03_007": "40131", "city": "福岡市東区" }, "geometry": null },
{ "type": "Feature", "properties": { "N03_001": "福岡県", "N03_002": null, "N03_003": null, "N03_004": "福岡市", "N03_005": "東区", "N03_007": "40131", "city": "福岡市東区" }, "geometry": null },
{ "type": "Feature", "properties": { "N03_001": "福岡県", "N03_002": null, "N03_003": null, "N03_004": "福岡市", "N03_005": "東区", "N03_007": "40131", "city": "福岡市東区" }, "geometry": null },
{ "type": "Feature", "properties": { "N03_001": "福岡県", "N03_002": null, "N03_003": null, "N03_004": "福岡市", "N03_005": "東区", "N03_007": "40131", "city": "福岡市東区" }, "geometry": null },
{ "type": "Feature", "properties": { "N03_001": "福岡県", "N03_002": null, "N03_003": null, "N03_004": "福岡市", "N03_005": "東区", "N03_007": "40131", "city": "福岡市東区" }, "geometry": null },
{ "type": "Feature", "properties": { "N03_001": "福岡県", "N03_002": null, "N03_003": null, "N03_004": "福岡市", "N03_005": "東区", "N03_007": "40131", "city": "福岡市東区" }, "geometry": null },
{ "type": "Feature", "properties": { "N03_001": "福岡県", "N03_002": null, "N03_003": null, "N03_004": "福岡市", "N03_005": "東区", "N03_007": "40131", "city": "福岡市東区" }, "geometry": null },
{ "type": "Feature", "properties": { "N03_001": "福岡県", "N03_002": null, "N03_003": null, "N03_004": "福岡市", "N03_005": "東区", "N03_007": "40131", "city": "福岡市東区" }, "geometry": null },
{ "type": "Feature", "properties": { "N03_001": "福岡県", "N03_002": null, "N03_003": null, "N03_004": "福岡市", "N03_005": "東区", "N03_007": "40131", "city": "福岡市東区" }, "geometry": null },
{ "type": "Feature", "properties": { "N03_001": "福岡県", "N03_002": null, "N03_003": null, "N03_004": "福岡市", "N03_005": "東区", "N03_007": "40131", "city": "福岡市東区" }, "geometry": null },
{ "type": "Feature", "properties": { "N03_001": "福岡県", "N03_002": null, "N03_003": null, "N03_004": "福岡市", "N03_005": "東区", "N03_007": "40131", "city": "福岡市東区" }, "geometry": null },
{ "type": "Feature", "properties": { "N03_001": "福岡県", "N03_002": null, "N03_003": null, "N03_004": "福岡市", "N03_005": "東区", "N03_007": "40131", "city": "福岡市東区" }, "geometry": null },
{ "type": "Feature", "properties": { "N03_001": "福岡県", "N03_002": null, "N03_003": null, "N03_004": "福岡市", "N03_005": "東区", "N03_007": "40131", "city": "福岡市東区" }, "geometry": null },
{ "type": "Feature", "properties": { "N03_001": "福岡県", "N03_002": null, "N03_003": null, "N03_004": "福岡市", "N03_005": "東区", "N03_007": "40131", "city": "福岡市東区" }, "geometry": null },
{ "type": "Feature", "properties": { "N03_001": "福岡県", "N03_002": null, "N03_003": null, "N03_004": "福岡市", "N03_005": "東区", "N03_007": "40131", "city": "福岡市東区" }, "geometry": null },
{ "type": "Feature", "properties": { "N03_001": "福岡県", "N03_002": null, "N03_003": null, "N03_004": "福岡市", "N03_005": "東区", "N03_007": "40131", "city": "福岡市東区" }, "geometry": null },
{ "type": "Feature", "properties": { "N03_001": "福岡県", "N03_002": null, "N03_003": null, "N03_004": "福岡市", "N03_005": "東区", "N03_007": "40131", "city": "福岡市東区" }, "geometry": null },
{ "type": "Feature", "properties": { "N03_001": "福岡県", "N03_002": null, "N03_003": null, "N03_004": "福岡市", "N03_005": "東区", "N03_007": "40131", "city": "福岡市東区" }, "geometry": null },
{ "type": "Feature", "properties": { "N03_001": "福岡県", "N03_002": null, "N03_003": null, "N03_004": "福岡市", "N03_005": "東区", "N03_007": "40131", "city": "福岡市東区" }, "geometry": null },
{ "type": "Feature", "properties": { "N03_001": "福岡県", "N03_002": null, "N03_003": null, "N03_004": "福岡市", "N03_005": "東区", "N03_007": "40131", "city": "福岡市東区" }, "geometry": null },
{ "type": "Feature", "properties": { "N03_001": "福岡県", "N03_002": null, "N03_003": null, "N03_004": "福岡市", "N03_005": "東区", "N03_007": "40131", "city": "福岡市東区" }, "geometry": null },
{ "type": "Feature", "properties": { "N03_001": "福岡県", "N03_002": null, "N03_003": null, "N03_004": "福岡市", "N03_005": "東区", "N03_007": "40131", "city": "福岡市東区" }, "geometry": null },
{ "type": "Feature", "properties": { "N03_001": "福岡県", "N03_002": null, "N03_003": null, "N03_004": "福岡市", "N03_005": "東区", "N03_007": "40131", "city": "福岡市東区" }, "geometry": null },
{ "type": "Feature", "properties": { "N03_001": "福岡県", "N03_002": null, "N03_003": null, "N03_004": "福岡市", "N03_005": "東区", "N03_007": "40131", "city": "福岡市東区" }, "geometry": null },
{ "type": "Feature", "properties": { "N03_001": "福岡県", "N03_002": null, "N03_003": null, "N03_004": "福岡市", "N03_005": "東区", "N03_007": "40131", "city": "福岡市東区" }, "geometry": null },
{ "type": "Feature", "properties": { "N03_001": "福岡県", "N03_002": null, "N03_003": null, "N03_004": "福岡市", "N03_005": "東区", "N03_007": "40131", "city": "福岡市東区" }, "geometry": null },
{ "type": "Feature", "properties": { "N03_001": "福岡県", "N03_002": null, "N03_003": null, "N03_004": "福岡市", "N03_005": "東区", "N03_007": "40131", "city": "福岡市東区" }, "geometry": null },
{ "type": "Feature", "properties": { "N03_001": "福岡県", "N03_002": null, "N03_003": null, "N03_004": "福岡市", "N03_005": "東区", "N03_007": "40131", "city": "福岡市東区" }, "geometry": null },
{ "type": "Feature", "properties": { "N03_001": "福岡県", "N03_002": null, "N03_003": null, "N03_004": "福岡市", "N03_005": "東区", "N03_007": "40131", "city": "福岡市東区" }, "geometry": null },
{ "type": "Feature", "properties": { "N03_001": "福岡県", "N03_002": null, "N03_003": null, "N03_004": "福岡市", "N03_005": "東区", "N03_007": "40131", "city": "福岡市東区" }, "geometry": null },
{ "type": "Feature", "properties": { "N03_001": "福岡県", "N03_002": null, "N03_003": null, "N03_004": "福岡市", "N03_005": "東区", "N03_007": "40131", "city": "福岡市東区" }, "geometry": null },
{ "type": "Feature", "properties": { "N03_001": "福岡県", "N03_002": null, "N03_003": null, "N03_004": "福岡市", "N03_005": "東区", "N03_007": "40131", "city": "福岡市東区" }, "geometry": null },
{ "type": "Feature", "properties": { "N03_001": "福岡県", "N03_002": null, "N03_003": null, "N03_004": "福岡市", "N03_005": "東区", "N03_007": "40131", "city": "福岡市東区" }, "geometry": null },
{ "type": "Feature", "properties": { "N03_001": "福岡県", "N03_002": null, "N03_003": null, "N03_004": "福岡市", "N03_005": "東区", "N03_007": "40131", "city": "福岡市東区" }, "geometry": null },
{ "type": "Feature", "properties": { "N03_001": "福岡県", "N03_002": null, "N03_003": null, "N03_004": "福岡市", "N03_005": "東区", "N03_007": "40131", "city": "福岡市東区" }, "geometry": null },
{ "type": "Feature", "properties": { "N03_001": "福岡県", "N03_002": null, "N03_003": null, "N03_004": "福岡市", "N03_005": "東区", "N03_007": "40131", "city": "福岡市東区" }, "geometry": null },
{ "type": "Feature", "properties": { "N03_001": "福岡県", "N03_002": null, "N03_003": null, "N03_004": "福岡市", "N03_005": "東区", "N03_007": "40131", "city": "福岡市東区" }, "geometry": null },
{ "type": "Feature", "properties": { "N03_001": "福岡県", "N03_002": null, "N03_003": null, "N03_004": "福岡市", "N03_005": "東区", "N03_007": "40131", "city": "福岡市東区" }, "geometry": null },
{ "type": "Feature", "properties": { "N03_001": "福岡県", "N03_002": null, "N03_003": null, "N03_004": "福岡市", "N03_005": "東区", "N03_007": "40131", "city": "福岡市東区" }, "geometry": null },
{ "type": "Feature", "properties": { "N03_001": "福岡県", "N03_002": null, "N03_003": null, "N03_004": "福岡市", "N03_005": "東区", "N03_007": "40131", "city": "福岡市東区" }, "geometry": null },
{ "type": "Feature", "properties": { "N03_001": "福岡県", "N03_002": null, "N03_003": null, "N03_004": "福岡市", "N03_005": "東区", "N03_007": "40131", "city": "福岡市東区" }, "geometry": null },
{ "type": "Feature", "properties": { "N03_001": "福岡県", "N03_002": null, "N03_003": null, "N03_004": "福岡市", "N03_005": "東区", "N03_007": "40131", "city": "福岡市東区" }, "geometry": null },
{ "type": "Feature", "properties": { "N03_001": "福岡県", "N03_002": null, "N03_003": null, "N03_004": "福岡市", "N03_005": "東区", "N03_007": "40131", "city": "福岡市東区" }, "geometry": null },
{ "type": "Feature", "properties": { "N03_001": "福岡県", "N03_002": null, "N03_003": null, "N03_004": "福岡市", "N03_005": "東区", "N03_007": "40131", "city": "福岡市東区" }, "geometry": null },
{ "type": "Feature", "properties": { "N03_001": "福岡県", "N03_002": null, "N03_003": null, "N03_004": "福岡市", "N03_005": "東区", "N03_007": "40131", "city": "福岡市東区" }, "geometry": null },
{ "type": "Feature", "properties": { "N03_001": "福岡県", "N03_002": null, "N03_003": null, "N03_004": "福岡市", "N03_005": "東区", "N03_007": "40131", "city": "福岡市東区" }, "geometry": null },
{ "type": "Feature", "properties": { "N03_001": "福岡県", "N03_002": null, "N03_003": null, "N03_004": "福岡市", "N03_005": "東区", "N03_007": "40131", "city": "福岡市東区" }, "geometry": null },
{ "type": "Feature", "properties": { "N03_001": "福岡県", "N03_002": null, "N03_003": null, "N03_004": "福岡市", "N03_005": "東区", "N03_007": "40131", "city": "福岡市東区" }, "geometry": null },
{ "type": "Feature", "properties": { "N03_001": "福岡県", "N03_002": null, "N03_003": null, "N03_004": "福岡市", "N03_005": "東区", "N03_007": "40131", "city": "福岡市東区" }, "geometry": null },
{ "type": "Feature", "properties": { "N03_001": "福岡県", "N03_002": null, "N03_003": null, "N03_004": "福岡市", "N03_005": "東区", "N03_007": "40131", "city": "福岡市東区" }, "geometry": null },
{ "type": "Feature", "properties": { "N03_001": "福岡県", "N03_002": null, "N03_003": null, "N03_004": "福岡市", "N03_005": "東区", "N03_007": "40131", "city": "福岡市東区" }, "geometry": null },
{ "type": "Feature", "properties": { "N03_001": "福岡県", "N03_002": null, "N03_003": null, "N03_004": "福岡市", "N03_005": "東区", "N03_007": "40131", "city": "福岡市東区" }, "geometry": null },
{ "type": "Feature", "properties": { "N03_001": "福岡県", "N03_002": null, "N03_003": null, "N03_004": "福岡市", "N03_005": "東区", "N03_007": "40131", "city": "福岡市東区" }, "geometry": null },
{ "type": "Feature", "properties": { "N03_001": "福岡県", "N03_002": null, "N03_003": null, "N03_004": "福岡市", "N03_005": "東区", "N03_007": "40131", "city": "福岡市東区" }, "geometry": null },
{ "type": "Feature", "properties": { "N03_001": "福岡県", "N03_002": null, "N03_003": null, "N03_004": "福岡市", "N03_005": "東区", "N03_007": "40131", "city": "福岡市東区" }, "geometry": null },
{ "type": "Feature", "properties": { "N03_001": "福岡県", "N03_002": null, "N03_003": null, "N03_004": "福岡市", "N03_005": "東区", "N03_007": "40131", "city": "福岡市東区" }, "geometry": null },
{ "type": "Feature", "properties": { "N03_001": "福岡県", "N03_002": null, "N03_003": null, "N03_004": "福岡市", "N03_005": "東区", "N03_007": "40131", "city": "福岡市東区" }, "geometry": null },
{ "type": "Feature", "properties": { "N03_001": "福岡県", "N03_002": null, "N03_003": null, "N03_004": "福岡市", "N03_005": "東区", "N03_007": "40131", "city": "福岡市東区" }, "geometry": null },
{ "type": "Feature", "properties": { "N03_001": "福岡県", "N03_002": null, "N03_003": null, "N03_004": "福岡市", "N03_005": "東区", "N03_007": "40131", "city": "福岡市東区" }, "geometry": null },
{ "type": "Feature", "properties": { "N03_001": "福岡県", "N03_002": null, "N03_003": null, "N03_004": "福岡市", "N03_005": "東区", "N03_007": "40131", "city": "福岡市東区" }, "geometry": null },
{ "type": "Feature", "properties": { "N03_001": "福岡県", "N03_002": null, "N03_003": null, "N03_004": "福岡市", "N03_005": "東区", "N03_007": "40131", "city": "福岡市東区" }, "geometry": null },
{ "type": "Feature", "properties": { "N03_001": "福岡県", "N03_002": null, "N03_003": null, "N03_004": "福岡市", "N03_005": "東区", "N03_007": "40131", "city": "福岡市東区" }, "geometry": null },
{ "type": "Feature", "properties": { "N03_001": "福岡県", "N03_002": null, "N03_003": null, "N03_004": "福岡市", "N03_005": "東区", "N03_007": "40131", "city": "福岡市東区" }, "geometry": null },
{ "type": "Feature", "properties": { "N03_001": "福岡県", "N03_002": null, "N03_003": null, "N03_004": "福岡市", "N03_005": "東区", "N03_007": "40131", "city": "福岡市東区" }, "geometry": null },
{ "type": "Feature", "properties": { "N03_001": "福岡県", "N03_002": null, "N03_003": null, "N03_004": "福岡市", "N03_005": "東区", "N03_007": "40131", "city": "福岡市東区" }, "geometry": null },
{ "type": "Feature", "properties": { "N03_001": "福岡県", "N03_002": null, "N03_003": null, "N03_004": "福岡市", "N03_005": "東区", "N03_007": "40131", "city": "福岡市東区" }, "geometry": null },
{ "type": "Feature", "properties": { "N03_001": "福岡県", "N03_002": null, "N03_003": null, "N03_004": "福岡市", "N03_005": "東区", "N03_007": "40131", "city": "福岡市東区" }, "geometry": null },
{ "type": "Feature", "properties": { "N03_001": "福岡県", "N03_002": null, "N03_003": null, "N03_004": "福岡市", "N03_005": "東区", "N03_007": "40131", "city": "福岡市東区" }, "geometry": null },
{ "type": "Feature", "properties": { "N03_001": "福岡県", "N03_002": null, "N03_003": null, "N03_004": "福岡市", "N03_005": "東区", "N03_007": "40131", "city": "福岡市東区" }, "geometry": null },
{ "type": "Feature", "properties": { "N03_001": "福岡県", "N03_002": null, "N03_003": null, "N03_004": "福岡市", "N03_005": "東区", "N03_007": "40131", "city": "福岡市東区" }, "geometry": null },
{ "type": "Feature", "properties": { "N03_001": "福岡県", "N03_002": null, "N03_003": null, "N03_004": "福岡市", "N03_005": "東区", "N03_007": "40131", "city": "福岡市東区" }, "geometry": null },
{ "type": "Feature", "properties": { "N03_001": "福岡県", "N03_002": null, "N03_003": null, "N03_004": "福岡市", "N03_005": "東区", "N03_007": "40131", "city": "福岡市東区" }, "geometry": null },
{ "type": "Feature", "properties": { "N03_001": "福岡県", "N03_002": null, "N03_003": null, "N03_004": "福岡市", "N03_005": "東区", "N03_007": "40131", "city": "福岡市東区" }, "geometry": null },
{ "type": "Feature", "properties": { "N03_001": "福岡県", "N03_002": null, "N03_003": null, "N03_004": "福岡市", "N03_005": "東区", "N03_007": "40131", "city": "福岡市東区" }, "geometry": null },
{ "type": "Feature", "properties": { "N03_001": "福岡県", "N03_002": null, "N03_003": null, "N03_004": "福岡市", "N03_005": "東区", "N03_007": "40131", "city": "福岡市東区" }, "geometry": null },
{ "type": "Feature", "properties": { "N03_001": "福岡県", "N03_002": null, "N03_003": null, "N03_004": "福岡市", "N03_005": "東区", "N03_007": "40131", "city": "福岡市東区" }, "geometry": null },
{ "type": "Feature", "properties": { "N03_001": "福岡県", "N03_002": null, "N03_003": null, "N03_004": "福岡市", "N03_005": "東区", "N03_007": "40131", "city": "福岡市東区" }, "geometry": null },
{ "type": "Feature", "properties": { "N03_001": "福岡県", "N03_002": null, "N03_003": null, "N03_004": "福岡市", "N03_005": "東区", "N03_007": "40131", "city": "福岡市東区" }, "geometry": null },
{ "type": "Feature", "properties": { "N03_001": "福岡県", "N03_002": null, "N03_003": null, "N03_004": "福岡市", "N03_005": "東区", "N03_007": "40131", "city": "福岡市東区" }, "geometry": null },
{ "type": "Feature", "properties": { "N03_001": "福岡県", "N03_002": null, "N03_003": null, "N03_004": "福岡市", "N03_005": "東区", "N03_007": "40131", "city": "福岡市東区" }, "geometry": null },
{ "type": "Feature", "properties": { "N03_001": "福岡県", "N03_002": null, "N03_003": null, "N03_004": "福岡市", "N03_005": "東区", "N03_007": "40131", "city": "福岡市東区" }, "geometry": null },
{ "type": "Feature", "properties": { "N03_001": "福岡県", "N03_002": null, "N03_003": null, "N03_004": "福岡市", "N03_005": "東区", "N03_007": "40131", "city": "福岡市東区" }, "geometry": null },
{ "type": "Feature", "properties": { "N03_001": "福岡県", "N03_002": null, "N03_003": null, "N03_004": "福岡市", "N03_005": "東区", "N03_007": "40131", "city": "福岡市東区" }, "geometry": null },
{ "type": "Feature", "properties": { "N03_001": "福岡県", "N03_002": null, "N03_003": null, "N03_004": "福岡市", "N03_005": "東区", "N03_007": "40131", "city": "福岡市東区" }, "geometry": null },
{ "type": "Feature", "properties": { "N03_001": "福岡県", "N03_002": null, "N03_003": null, "N03_004": "福岡市", "N03_005": "東区", "N03_007": "40131", "city": "福岡市東区" }, "geometry": null },
{ "type": "Feature", "properties": { "N03_001": "福岡県", "N03_002": null, "N03_003": null, "N03_004": "福岡市", "N03_005": "東区", "N03_007": "40131", "city": "福岡市東区" }, "geometry": null },
{ "type": "Feature", "properties": { "N03_001": "福岡県", "N03_002": null, "N03_003": null, "N03_004": "福岡市", "N03_005": "東区", "N03_007": "40131", "city": "福岡市東区" }, "geometry": null },
{ "type": "Feature", "properties": { "N03_001": "福岡県", "N03_002": null, "N03_003": null, "N03_004": "福岡市", "N03_005": "東区", "N03_007": "40131", "city": "福岡市東区" }, "geometry": null },
{ "type": "Feature", "properties": { "N03_001": "福岡県", "N03_002": null, "N03_003": null, "N03_004": "福岡市", "N03_005": "東区", "N03_007": "40131", "city": "福岡市東区" }, "geometry": null },
{ "type": "Feature", "properties": { "N03_001": "福岡県", "N03_002": null, "N03_003": null, "N03_004": "福岡市", "N03_005": "東区", "N03_007": "40131", "city": "福岡市東区" }, "geometry": null },
{ "type": "Feature", "properties": { "N03_001": "福岡県", "N03_002": null, "N03_003": null, "N03_004": "福岡市", "N03_005": "東区", "N03_007": "40131", "city": "福岡市東区" }, "geometry": null },
{ "type": "Feature", "properties": { "N03_001": "福岡県", "N03_002": null, "N03_003": null, "N03_004": "福岡市", "N03_005": "東区", "N03_007": "40131", "city": "福岡市東区" }, "geometry": null },
{ "type": "Feature", "properties": { "N03_001": "福岡県", "N03_002": null, "N03_003": null, "N03_004": "福岡市", "N03_005": "東区", "N03_007": "40131", "city": "福岡市東区" }, "geometry": null },
{ "type": "Feature", "properties": { "N03_001": "福岡県", "N03_002": null, "N03_003": null, "N03_004": "福岡市", "N03_005": "東区", "N03_007": "40131", "city": "福岡市東区" }, "geometry": null },
{ "type": "Feature", "properties": { "N03_001": "福岡県", "N03_002": null, "N03_003": null, "N03_004": "福岡市", "N03_005": "東区", "N03_007": "40131", "city": "福岡市東区" }, "geometry": null },
{ "type": "Feature", "properties": { "N03_001": "福岡県", "N03_002": null, "N03_003": null, "N03_004": "福岡市", "N03_005": "東区", "N03_007": "40131", "city": "福岡市東区" }, "geometry": null },
{ "type": "Feature", "properties": { "N03_001": "福岡県", "N03_002": null, "N03_003": null, "N03_004": "福岡市", "N03_005": "東区", "N03_007": "40131", "city": "福岡市東区" }, "geometry": null },
{ "type": "Feature", "properties": { "N03_001": "福岡県", "N03_002": null, "N03_003": null, "N03_004": "福岡市", "N03_005": "東区", "N03_007": "40131", "city": "福岡市東区" }, "geometry": null },
{ "type": "Feature", "properties": { "N03_001": "福岡県", "N03_002": null, "N03_003": null, "N03_004": "福岡市", "N03_005": "東区", "N03_007": "40131", "city": "福岡市東区" }, "geometry": null },
{ "type": "Feature", "properties": { "N03_001": "福岡県", "N03_002": null, "N03_003": null, "N03_004": "福岡市", "N03_005": "東区", "N03_007": "40131", "city": "福岡市東区" }, "geometry": null },
{ "type": "Feature", "properties": { "N03_001": "福岡県", "N03_002": null, "N03_003": null, "N03_004": "福岡市", "N03_005": "東区", "N03_007": "40131", "city": "福岡市東区" }, "geometry": null },
{ "type": "Feature", "properties": { "N03_001": "福岡県", "N03_002": null, "N03_003": null, "N03_004": "福岡市", "N03_005": "東区", "N03_007": "40131", "city": "福岡市東区" }, "geometry": null },
{ "type": "Feature", "properties": { "N03_001": "福岡県", "N03_002": null, "N03_003": null, "N03_004": "福岡市", "N03_005": "東区", "N03_007": "40131", "city": "福岡市東区" }, "geometry": null },
{ "type": "Feature", "properties": { "N03_001": "福岡県", "N03_002": null, "N03_003": null, "N03_004": "福岡市", "N03_005": "東区", "N03_007": "40131", "city": "福岡市東区" }, "geometry": null },
{ "type": "Feature", "properties": { "N03_001": "福岡県", "N03_002": null, "N03_003": null, "N03_004": "福岡市", "N03_005": "東区", "N03_007": "40131", "city": "福岡市東区" }, "geometry": null },
{ "type": "Feature", "properties": { "N03_001": "福岡県", "N03_002": null, "N03_003": null, "N03_004": "福岡市", "N03_005": "東区", "N03_007": "40131", "city": "福岡市東区" }, "geometry": null },
{ "type": "Feature", "properties": { "N03_001": "福岡県", "N03_002": null, "N03_003": null, "N03_004": "福岡市", "N03_005": "東区", "N03_007": "40131", "city": "福岡市東区" }, "geometry": null },
{ "type": "Feature", "properties": { "N03_001": "福岡県", "N03_002": null, "N03_003": null, "N03_004": "福岡市", "N03_005": "東区", "N03_007": "40131", "city": "福岡市東区" }, "geometry": null },
{ "type": "Feature", "properties": { "N03_001": "福岡県", "N03_002": null, "N03_003": null, "N03_004": "福岡市", "N03_005": "東区", "N03_007": "40131", "city": "福岡市東区" }, "geometry": null },
{ "type": "Feature", "properties": { "N03_001": "福岡県", "N03_002": null, "N03_003": null, "N03_004": "福岡市", "N03_005": "東区", "N03_007": "40131", "city": "福岡市東区" }, "geometry": null },
{ "type": "Feature", "properties": { "N03_001": "福岡県", "N03_002": null, "N03_003": null, "N03_004": "福岡市", "N03_005": "東区", "N03_007": "40131", "city": "福岡市東区" }, "geometry": null },
{ "type": "Feature", "properties": { "N03_001": "福岡県", "N03_002": null, "N03_003": null, "N03_004": "福岡市", "N03_005": "東区", "N03_007": "40131", "city": "福岡市東区" }, "geometry": null },
{ "type": "Feature", "properties": { "N03_001": "福岡県", "N03_002": null, "N03_003": null, "N03_004": "福岡市", "N03_005": "東区", "N03_007": "40131", "city": "福岡市東区" }, "geometry": null },
{ "type": "Feature", "properties": { "N03_001": "福岡県", "N03_002": null, "N03_003": null, "N03_004": "福岡市", "N03_005": "東区", "N03_007": "40131", "city": "福岡市東区" }, "geometry": null },
{ "type": "Feature", "properties": { "N03_001": "福岡県", "N03_002": null, "N03_003": null, "N03_004": "福岡市", "N03_005": "東区", "N03_007": "40131", "city": "福岡市東区" }, "geometry": null },
{ "type": "Feature", "properties": { "N03_001": "福岡県", "N03_002": null, "N03_003": null, "N03_004": "福岡市", "N03_005": "東区", "N03_007": "40131", "city": "福岡市東区" }, "geometry": null },
{ "type": "Feature", "properties": { "N03_001": "福岡県", "N03_002": null, "N03_003": null, "N03_004": "福岡市", "N03_005": "東区", "N03_007": "40131", "city": "福岡市東区" }, "geometry": null },
{ "type": "Feature", "properties": { "N03_001": "福岡県", "N03_002": null, "N03_003": null, "N03_004": "福岡市", "N03_005": "東区", "N03_007": "40131", "city": "福岡市東区" }, "geometry": null },
{ "type": "Feature", "properties": { "N03_001": "福岡県", "N03_002": null, "N03_003": null, "N03_004": "福岡市", "N03_005": "東区", "N03_007": "40131", "city": "福岡市東区" }, "geometry": null },
{ "type": "Feature", "properties": { "N03_001": "福岡県", "N03_002": null, "N03_003": null, "N03_004": "福岡市", "N03_005": "東区", "N03_007": "40131", "city": "福岡市東区" }, "geometry": null },
{ "type": "Feature", "properties": { "N03_001": "福岡県", "N03_002": null, "N03_003": null, "N03_004": "福岡市", "N03_005": "東区", "N03_007": "40131", "city": "福岡市東区" }, "geometry": null },
{ "type": "Feature", "properties": { "N03_001": "福岡県", "N03_002": null, "N03_003": null, "N03_004": "福岡市", "N03_005": "東区", "N03_007": "40131", "city": "福岡市東区" }, "geometry": null },
{ "type": "Feature", "properties": { "N03_001": "福岡県", "N03_002": null, "N03_003": null, "N03_004": "福岡市", "N03_005": "東区", "N03_007": "40131", "city": "福岡市東区" }, "geometry": null },
{ "type": "Feature", "properties": { "N03_001": "福岡県", "N03_002": null, "N03_003": null, "N03_004": "福岡市", "N03_005": "東区", "N03_007": "40131", "city": "福岡市東区" }, "geometry": null },
{ "type": "Feature", "properties": { "N03_001": "福岡県", "N03_002": null, "N03_003": null, "N03_004": "福岡市", "N03_005": "東区", "N03_007": "40131", "city": "福岡市東区" }, "geometry": null },
{ "type": "Feature", "properties": { "N03_001": "福岡県", "N03_002": null, "N03_003": null, "N03_004": "福岡市", "N03_005": "東区", "N03_007": "40131", "city": "福岡市東区" }, "geometry": null },
{ "type": "Feature", "properties": { "N03_001": "福岡県", "N03_002": null, "N03_003": null, "N03_004": "福岡市", "N03_005": "東区", "N03_007": "40131", "city": "福岡市東区" }, "geometry": null },
{ "type": "Feature", "properties": { "N03_001": "福岡県", "N03_002": null, "N03_003": null, "N03_004": "福岡市", "N03_005": "東区", "N03_007": "40131", "city": "福岡市東区" }, "geometry": null },
{ "type": "Feature", "properties": { "N03_001": "福岡県", "N03_002": null, "N03_003": null, "N03_004": "福岡市", "N03_005": "東区", "N03_007": "40131", "city": "福岡市東区" }, "geometry": null },
{ "type": "Feature", "properties": { "N03_001": "福岡県", "N03_002": null, "N03_003": null, "N03_004": "福岡市", "N03_005": "東区", "N03_007": "40131", "city": "福岡市東区" }, "geometry": null },
{ "type": "Feature", "properties": { "N03_001": "福岡県", "N03_002": null, "N03_003": null, "N03_004": "福岡市", "N03_005": "東区", "N03_007": "40131", "city": "福岡市東区" }, "geometry": null },
{ "type": "Feature", "properties": { "N03_001": "福岡県", "N03_002": null, "N03_003": null, "N03_004": "福岡市", "N03_005": "東区", "N03_007": "40131", "city": "福岡市東区" }, "geometry": null },
{ "type": "Feature", "properties": { "N03_001": "福岡県", "N03_002": null, "N03_003": null, "N03_004": "福岡市", "N03_005": "東区", "N03_007": "40131", "city": "福岡市東区" }, "geometry": null },
{ "type": "Feature", "properties": { "N03_001": "福岡県", "N03_002": null, "N03_003": null, "N03_004": "福岡市", "N03_005": "博多区", "N03_007": "40132", "city": "福岡市博多区" }, "geometry": { "type": "Polygon", "coordinates": [ [ [ 130.396963086999989, 33.60337275700001 ], [ 130.400049169999988, 33.598371108 ], [ 130.401334448999989, 33.594835829 ], [ 130.402869728000013, 33.593227225 ], [ 130.407678885, 33.590419441 ], [ 130.409611115, 33.588005829 ], [ 130.40978166, 33.583269441 ], [ 130.415418327, 33.576820559 ], [ 130.423777497, 33.574060829 ], [ 130.42816939, 33.569388027 ], [ 130.432318327, 33.566479441 ], [ 130.433264163, 33.56475638700001 ], [ 130.435404721, 33.565720279 ], [ 130.440169105, 33.562564919 ], [ 130.446966108999987, 33.555834162 ], [ 130.452167782, 33.548816108 ], [ 130.454396304, 33.546761532 ], [ 130.459638612, 33.539348054 ], [ 130.464053891, 33.535816946 ], [ 130.465939222, 33.537672 ], [ 130.467167497, 33.536642775 ], [ 130.468931387999987, 33.537893613 ], [ 130.468699728, 33.542064162 ], [ 130.471107782, 33.544096667 ], [ 130.468420558, 33.547804162 ], [ 130.470955551, 33.549483333 ], [ 130.469310557999989, 33.553024721 ], [ 130.462171946000012, 33.560696946 ], [ 130.46056333300001, 33.561201108 ], [ 130.466714449, 33.562785829 ], [ 130.470946938999987, 33.556466108 ], [ 130.473701388, 33.553171946 ], [ 130.477838053999989, 33.552525279 ], [ 130.481777224000012, 33.556905829 ], [ 130.484706667000012, 33.557912495 ], [ 130.485669441999988, 33.560186387 ], [ 130.485641115, 33.560283054 ], [ 130.481646667, 33.564881108 ], [ 130.482509169999986, 33.567421667 ], [ 130.47727917, 33.567210829 ], [ 130.477617497000011, 33.570264721 ], [ 130.479382503000011, 33.57259 ], [ 130.477525837, 33.577722775 ], [ 130.475793333000013, 33.578430829 ], [ 130.475206109, 33.580847775 ], [ 130.469276109, 33.587124721 ], [ 130.467383606, 33.586952775 ], [ 130.46640166, 33.588985279 ], [ 130.463446939, 33.591284441 ], [ 130.45924166, 33.59688 ], [ 130.45550061, 33.596168802 ], [ 130.450640271999987, 33.602394441 ], [ 130.446517782, 33.604897495 ], [ 130.442278327, 33.606394721 ], [ 130.438824449, 33.606332495 ], [ 130.433857782, 33.607854162 ], [ 130.428985084, 33.611108829 ], [ 130.42899917, 33.608675 ], [ 130.425642218, 33.607920559 ], [ 130.423872218000014, 33.609733333 ], [ 130.422719339, 33.606344054 ], [ 130.417843606, 33.608527775 ], [ 130.415838611999988, 33.606032495 ], [ 130.411452477000012, 33.608715198 ], [ 130.412023554, 33.609573865 ], [ 130.40858297, 33.610802468 ], [ 130.40565933900001, 33.609667 ], [ 130.399642296, 33.613637216 ], [ 130.39595275, 33.610202468 ], [ 130.401042348, 33.607082243 ], [ 130.402032555, 33.605036387 ], [ 130.399654695, 33.603374829 ], [ 130.39964856, 33.604927919 ], [ 130.397172049, 33.605713667 ], [ 130.396963086999989, 33.60337275700001 ] ] ] } },
{ "type": "Feature", "properties": { "N03_001": "福岡県", "N03_002": null, "N03_003": null, "N03_004": "福岡市", "N03_005": "中央区", "N03_007": "40133", "city": "福岡市中央区" }, "geometry": { "type": "Polygon", "coordinates": [ [ [ 130.356494838, 33.59662036 ], [ 130.360979728, 33.588325559 ], [ 130.36539166, 33.58164 ], [ 130.370050271999986, 33.580958613 ], [ 130.373142503, 33.579012225 ], [ 130.375444449000014, 33.574814441 ], [ 130.376172503, 33.57149805400001 ], [ 130.375816939, 33.564755279 ], [ 130.376681115, 33.562458333 ], [ 130.379832776, 33.562543054 ], [ 130.38196917, 33.561143333 ], [ 130.385960558, 33.560937225000011 ], [ 130.387840272, 33.559836946 ], [ 130.391328612, 33.558061946 ], [ 130.39550083, 33.558239441 ], [ 130.394548885, 33.560714721 ], [ 130.397090337, 33.562033468 ], [ 130.39631055800001, 33.564786667 ], [ 130.399153332999987, 33.566439162 ], [ 130.39807, 33.569673892 ], [ 130.40276917, 33.572568054 ], [ 130.410631946, 33.574527225 ], [ 130.409725357000013, 33.575480775 ], [ 130.415418327, 33.576820559 ], [ 130.40978166, 33.583269441 ], [ 130.409611115, 33.588005829 ], [ 130.407678885, 33.590419441 ], [ 130.402869728000013, 33.593227225 ], [ 130.401334448999989, 33.594835829 ], [ 130.400049169999988, 33.598371108 ], [ 130.396963086999989, 33.60337275700001 ], [ 130.394523281, 33.602342135 ], [ 130.38997214, 33.609778748 ], [ 130.384702607, 33.607505279 ], [ 130.388272866, 33.601675721 ], [ 130.384639663, 33.600059495000011 ], [ 130.387965253, 33.598700973 ], [ 130.391440440999986, 33.600187802 ], [ 130.393211556000011, 33.597302198 ], [ 130.385669248, 33.594167198 ], [ 130.383928196999989, 33.596077198 ], [ 130.38362869, 33.594407919 ], [ 130.380986304, 33.593849225 ], [ 130.378856082999988, 33.597075414 ], [ 130.383035447, 33.59685964 ], [ 130.381256251999986, 33.602713802 ], [ 130.377287782, 33.603160586 ], [ 130.377492607, 33.604651946 ], [ 130.373623671, 33.605094162 ], [ 130.371839689000012, 33.600720387 ], [ 130.367080558, 33.601614198 ], [ 130.36436642000001, 33.600482135 ], [ 130.365015551, 33.599372198 ], [ 130.359393191, 33.596788973 ], [ 130.356494838, 33.59662036 ] ] ] } },
{ "type": "Feature", "properties": { "N03_001": "福岡県", "N03_002": null, "N03_003": null, "N03_004": "福岡市", "N03_005": "中央区", "N03_007": "40133", "city": "福岡市中央区" }, "geometry": null },
{ "type": "Feature", "properties": { "N03_001": "福岡県", "N03_002": null, "N03_003": null, "N03_004": "福岡市", "N03_005": "中央区", "N03_007": "40133", "city": "福岡市中央区" }, "geometry": null },
{ "type": "Feature", "properties": { "N03_001": "福岡県", "N03_002": null, "N03_003": null, "N03_004": "福岡市", "N03_005": "中央区", "N03_007": "40133", "city": "福岡市中央区" }, "geometry": null },
{ "type": "Feature", "properties": { "N03_001": "福岡県", "N03_002": null, "N03_003": null, "N03_004": "福岡市", "N03_005": "中央区", "N03_007": "40133", "city": "福岡市中央区" }, "geometry": null },
{ "type": "Feature", "properties": { "N03_001": "福岡県", "N03_002": null, "N03_003": null, "N03_004": "福岡市", "N03_005": "中央区", "N03_007": "40133", "city": "福岡市中央区" }, "geometry": null },
{ "type": "Feature", "properties": { "N03_001": "福岡県", "N03_002": null, "N03_003": null, "N03_004": "福岡市", "N03_005": "中央区", "N03_007": "40133", "city": "福岡市中央区" }, "geometry": null },
{ "type": "Feature", "properties": { "N03_001": "福岡県", "N03_002": null, "N03_003": null, "N03_004": "福岡市", "N03_005": "中央区", "N03_007": "40133", "city": "福岡市中央区" }, "geometry": null },
{ "type": "Feature", "properties": { "N03_001": "福岡県", "N03_002": null, "N03_003": null, "N03_004": "福岡市", "N03_005": "南区", "N03_007": "40134", "city": "福岡市南区" }, "geometry": { "type": "Polygon", "coordinates": [ [ [ 130.365354163, 33.517688892 ], [ 130.365939728, 33.513542495 ], [ 130.364657497, 33.512019441 ], [ 130.367352503, 33.509693613 ], [ 130.367662218, 33.508098054 ], [ 130.371232776, 33.504775 ], [ 130.375338327, 33.506611387 ], [ 130.377201946000014, 33.508202775 ], [ 130.380876109000013, 33.507139162 ], [ 130.382062217999987, 33.505529721 ], [ 130.385899169999988, 33.507097775 ], [ 130.389283606, 33.507091667 ], [ 130.391073060999986, 33.508631387 ], [ 130.39362083, 33.506323892 ], [ 130.396159442, 33.507100559 ], [ 130.39808917, 33.512993892 ], [ 130.400169442, 33.512038054 ], [ 130.401515279, 33.513535279 ], [ 130.403943891000011, 33.513569441 ], [ 130.403924994, 33.518500559 ], [ 130.40636111500001, 33.520935559 ], [ 130.410755551, 33.522262495 ], [ 130.412519442, 33.52455027900001 ], [ 130.416576939, 33.523486946 ], [ 130.419428612, 33.525581667 ], [ 130.420728054, 33.527790829 ], [ 130.424238612000011, 33.528473613 ], [ 130.426803891, 33.530389721 ], [ 130.428005551000012, 33.526037775 ], [ 130.427125550999989, 33.524332495 ], [ 130.428356394, 33.522674721 ], [ 130.432551388, 33.524248892 ], [ 130.434045551, 33.522905559 ], [ 130.437404994, 33.525215559 ], [ 130.435489170000011, 33.527555 ], [ 130.435812218, 33.52892 ], [ 130.438704449, 33.530641667 ], [ 130.440117224, 33.530191946 ], [ 130.443018327, 33.533227775 ], [ 130.439297224, 33.539725279 ], [ 130.440413606, 33.540523054 ], [ 130.439644721, 33.542906946 ], [ 130.442381114999989, 33.544358613 ], [ 130.442163891, 33.546600279 ], [ 130.4437738, 33.546095306 ], [ 130.446064254, 33.547731667 ], [ 130.448865837, 33.547233333 ], [ 130.449760558, 33.549122495 ], [ 130.452167782, 33.548816108 ], [ 130.446966108999987, 33.555834162 ], [ 130.440169105, 33.562564919 ], [ 130.435404721, 33.565720279 ], [ 130.433264163, 33.56475638700001 ], [ 130.432318327, 33.566479441 ], [ 130.42816939, 33.569388027 ], [ 130.423777497, 33.574060829 ], [ 130.415418327, 33.576820559 ], [ 130.409725357000013, 33.575480775 ], [ 130.410631946, 33.574527225 ], [ 130.40276917, 33.572568054 ], [ 130.39807, 33.569673892 ], [ 130.399153332999987, 33.566439162 ], [ 130.39631055800001, 33.564786667 ], [ 130.397090337, 33.562033468 ], [ 130.394548885, 33.560714721 ], [ 130.39550083, 33.558239441 ], [ 130.391328612, 33.558061946 ], [ 130.387840272, 33.559836946 ], [ 130.387508054, 33.555339441 ], [ 130.388669442, 33.550741108 ], [ 130.390444994, 33.546473054 ], [ 130.389346667000012, 33.544561108 ], [ 130.391357497, 33.539142775 ], [ 130.388056549999988, 33.540305532 ], [ 130.384721115, 33.535012225 ], [ 130.385201946, 33.531158333 ], [ 130.38311499400001, 33.526759721 ], [ 130.37714083, 33.521907495 ], [ 130.375830558, 33.519321667 ], [ 130.375262502999988, 33.515745 ], [ 130.368402503, 33.516569162 ], [ 130.365354163, 33.517688892 ] ] ] } },
{ "type": "Feature", "properties": { "N03_001": "福岡県", "N03_002": null, "N03_003": null, "N03_004": "福岡市", "N03_005": "西区", "N03_007": "40135", "city": "福岡市西区" }, "geometry": { "type": "Polygon", "coordinates": [ [ [ 130.34315834, 33.595738856 ], [ 130.332112411999987, 33.597495613 ], [ 130.329666939, 33.598642919 ], [ 130.327517056, 33.598262027 ], [ 130.328146393999987, 33.596288559 ], [ 130.327326328999987, 33.59366930600001 ], [ 130.323697977, 33.593694694 ], [ 130.323353476, 33.598489613 ], [ 130.313621829, 33.59806436 ], [ 130.310499637, 33.595713973 ], [ 130.313799558999989, 33.593050252 ], [ 130.311392891999986, 33.590403586 ], [ 130.311900025999989, 33.58793136 ], [ 130.303812943999986, 33.583422919 ], [ 130.298658275, 33.581438387 ], [ 130.292602671999987, 33.580123081 ], [ 130.29067118, 33.581641198000014 ], [ 130.286489364, 33.583152586 ], [ 130.285038975, 33.58098864 ], [ 130.279952918, 33.580913973 ], [ 130.272945032, 33.58261572100001 ], [ 130.26735922200001, 33.58633364 ], [ 130.264907951, 33.589876135 ], [ 130.265645135999989, 33.592193252 ], [ 130.264415136, 33.593991495 ], [ 130.260482438, 33.593695225 ], [ 130.260013256, 33.591233135 ], [ 130.251874112, 33.596660306 ], [ 130.250721946, 33.599932333 ], [ 130.262943670999988, 33.602690865 ], [ 130.264619974, 33.600596586 ], [ 130.264465887999989, 33.598881054 ], [ 130.268067173, 33.596422829 ], [ 130.270764449000012, 33.596148135 ], [ 130.273600999, 33.60313964 ], [ 130.275394475000013, 33.604522694 ], [ 130.274030311, 33.60678264 ], [ 130.27507055800001, 33.60975436 ], [ 130.273506835, 33.611479667 ], [ 130.269668560000014, 33.612555198 ], [ 130.266091829, 33.612734414 ], [ 130.262070467, 33.610800135 ], [ 130.252390169, 33.610987829 ], [ 130.246614889999989, 33.611693892 ], [ 130.237879248000013, 33.613793387 ], [ 130.233976614999989, 33.615251252 ], [ 130.231160947, 33.618206027 ], [ 130.232463165000013, 33.618791108 ], [ 130.229314358000011, 33.622900135 ], [ 130.230254306, 33.626456613 ], [ 130.227801479, 33.628265135 ], [ 130.223946472, 33.63421133300001 ], [ 130.225026719, 33.636666252 ], [ 130.229026615, 33.638138198 ], [ 130.229151725, 33.642145306 ], [ 130.231525227, 33.642080973 ], [ 130.233450778, 33.644287387 ], [ 130.234759883, 33.643412162 ], [ 130.237110726, 33.64878936 ], [ 130.232516640999989, 33.651382468 ], [ 130.230936304000011, 33.655490054 ], [ 130.221534086, 33.659311919 ], [ 130.216558171, 33.663262613 ], [ 130.214764423, 33.663393865 ], [ 130.211060389000011, 33.667127333 ], [ 130.207724993999989, 33.667039559 ], [ 130.206398716, 33.663876532 ], [ 130.207350921, 33.656175306 ], [ 130.209029339000011, 33.654763054 ], [ 130.208947977, 33.652056865 ], [ 130.206898586, 33.650441559 ], [ 130.207570584, 33.64846174800001 ], [ 130.204840636, 33.645648919 ], [ 130.200745305, 33.64551349500001 ], [ 130.201226265, 33.642806955 ], [ 130.197838612, 33.63975158600001 ], [ 130.20138917, 33.637907775 ], [ 130.203981946, 33.635245 ], [ 130.203903606000011, 33.631723613 ], [ 130.206736667, 33.628541387 ], [ 130.204968885, 33.622709721 ], [ 130.20600944200001, 33.619235559 ], [ 130.206110271999989, 33.614731946 ], [ 130.207368885, 33.612595 ], [ 130.205956667, 33.609543333 ], [ 130.209551659999988, 33.606891946 ], [ 130.210594449000013, 33.60459444100001 ], [ 130.210413333, 33.601750559 ], [ 130.207398327, 33.597808892 ], [ 130.207664994, 33.596488054 ], [ 130.21031832700001, 33.595885829 ], [ 130.210014721, 33.593334162 ], [ 130.211732503, 33.591477775 ], [ 130.211787496999989, 33.588985 ], [ 130.215976394, 33.585267495 ], [ 130.216333891, 33.583564162 ], [ 130.219187224, 33.58055610800001 ], [ 130.222628612, 33.579436387 ], [ 130.226699728, 33.58139305400001 ], [ 130.229908327, 33.580282775 ], [ 130.234523891, 33.581531946 ], [ 130.237710558, 33.580440829 ], [ 130.241067224, 33.573076667 ], [ 130.241103061, 33.571051387 ], [ 130.239219442, 33.570464162 ], [ 130.239333061, 33.567443892 ], [ 130.236656109, 33.566425279 ], [ 130.238984994, 33.561608054 ], [ 130.239384449, 33.558903892 ], [ 130.235919728, 33.557766108 ], [ 130.236266109000013, 33.555363892 ], [ 130.240431388, 33.551727495 ], [ 130.24290917, 33.553531946 ], [ 130.242723332999986, 33.556514162 ], [ 130.24522166, 33.557703613 ], [ 130.248706938999987, 33.557553892 ], [ 130.24973917, 33.55604 ], [ 130.254517224000011, 33.557805559 ], [ 130.257507224, 33.555228054 ], [ 130.262085837, 33.556841108 ], [ 130.265583061, 33.556564721 ], [ 130.267043890999986, 33.552535559 ], [ 130.266440272000011, 33.550007225 ], [ 130.269740829999989, 33.547227495 ], [ 130.277580558000011, 33.544027495 ], [ 130.283809170000012, 33.539527495 ], [ 130.286889441999989, 33.54009 ], [ 130.288647497, 33.538641946 ], [ 130.288124721, 33.536612495 ], [ 130.289232503, 33.534560279 ], [ 130.289248054000012, 33.531318892 ], [ 130.287314163, 33.526251667 ], [ 130.286654994, 33.522541667 ], [ 130.288206939, 33.522618892 ], [ 130.292210558, 33.519071387 ], [ 130.291336394000012, 33.515523892 ], [ 130.291798612, 33.513006108 ], [ 130.293086109, 33.512437225 ], [ 130.293639727999988, 33.508300829 ], [ 130.294646938999989, 33.507035279 ], [ 130.299294449, 33.505044721 ], [ 130.30480917, 33.505925 ], [ 130.308054163, 33.505524162 ], [ 130.31035917, 33.50693 ], [ 130.31339917, 33.507081946 ], [ 130.312822218, 33.511533892 ], [ 130.315150272000011, 33.515378333 ], [ 130.31818610900001, 33.515183613 ], [ 130.323002218, 33.51852 ], [ 130.321988885, 33.523659441 ], [ 130.322671115, 33.527116946 ], [ 130.321986939, 33.53013416200001 ], [ 130.322438612000013, 33.536850279 ], [ 130.324076667000014, 33.539541946 ], [ 130.323453605999987, 33.547897775 ], [ 130.324837782, 33.552799162 ], [ 130.326613891, 33.567038892 ], [ 130.326671388, 33.571509162 ], [ 130.327897224, 33.575566387 ], [ 130.330573891, 33.577830279 ], [ 130.334179442, 33.579029721 ], [ 130.338953333, 33.58161 ], [ 130.34347917, 33.587954162 ], [ 130.34315834, 33.595738856 ] ] ] } },
{ "type": "Feature", "properties": { "N03_001": "福岡県", "N03_002": null, "N03_003": null, "N03_004": "福岡市", "N03_005": "西区", "N03_007": "40135", "city": "福岡市西区" }, "geometry": { "type": "Polygon", "coordinates": [ [ [ 130.299625551, 33.607178721 ], [ 130.302502815, 33.607027991 ], [ 130.304389637000014, 33.608396595 ], [ 130.308330713, 33.608771694 ], [ 130.308823359, 33.611615 ], [ 130.311748249, 33.612734054 ], [ 130.312659610999987, 33.615178775 ], [ 130.31405632900001, 33.615126613 ], [ 130.31321435800001, 33.619712135 ], [ 130.313628833, 33.622943108 ], [ 130.307586304000012, 33.629887919 ], [ 130.307787056, 33.63500636 ], [ 130.304113165, 33.637998946 ], [ 130.300331115, 33.637729586 ], [ 130.298136226, 33.634824162 ], [ 130.297976667, 33.630657613 ], [ 130.299466524, 33.626916279 ], [ 130.299308054, 33.62455936 ], [ 130.297581283999989, 33.620064892 ], [ 130.295068949000012, 33.617868892 ], [ 130.294925576999987, 33.612941162 ], [ 130.296249494, 33.612356694 ], [ 130.297830921000013, 33.608650108 ], [ 130.299625551, 33.607178721 ] ] ] } },
{ "type": "Feature", "properties": { "N03_001": "福岡県", "N03_002": null, "N03_003": null, "N03_004": "福岡市", "N03_005": "西区", "N03_007": "40135", "city": "福岡市西区" }, "geometry": { "type": "Polygon", "coordinates": [ [ [ 130.224804111999987, 33.690098468 ], [ 130.227236108999989, 33.686631306 ], [ 130.22876022, 33.686353306 ], [ 130.231359831, 33.683132279 ], [ 130.236427588, 33.683090198 ], [ 130.23782297, 33.686315946 ], [ 130.237666252, 33.689785748 ], [ 130.234912555, 33.693027135 ], [ 130.228716225999989, 33.694490919 ], [ 130.226522607, 33.694219892 ], [ 130.224198301, 33.692136225 ], [ 130.224804111999987, 33.690098468 ] ] ] } },
{ "type": "Feature", "properties": { "N03_001": "福岡県", "N03_002": null, "N03_003": null, "N03_004": "福岡市", "N03_005": "西区", "N03_007": "40135", "city": "福岡市西区" }, "geometry": { "type": "Polygon", "coordinates": [ [ [ 130.033278781, 33.865678694 ], [ 130.033593839, 33.864342622 ], [ 130.036959339, 33.862296135 ], [ 130.038731245, 33.864792 ], [ 130.038609922, 33.868796 ], [ 130.036987716999988, 33.871500054 ], [ 130.036650998999988, 33.874005468 ], [ 130.03502858600001, 33.873993829 ], [ 130.033278781, 33.865678694 ] ] ] } },
{ "type": "Feature", "properties": { "N03_001": "福岡県", "N03_002": null, "N03_003": null, "N03_004": "福岡市", "N03_005": "西区", "N03_007": "40135", "city": "福岡市西区" }, "geometry": null },
{ "type": "Feature", "properties": { "N03_001": "福岡県", "N03_002": null, "N03_003": null, "N03_004": "福岡市", "N03_005": "西区", "N03_007": "40135", "city": "福岡市西区" }, "geometry": null },
{ "type": "Feature", "properties": { "N03_001": "福岡県", "N03_002": null, "N03_003": null, "N03_004": "福岡市", "N03_005": "西区", "N03_007": "40135", "city": "福岡市西区" }, "geometry": null },
{ "type": "Feature", "properties": { "N03_001": "福岡県", "N03_002": null, "N03_003": null, "N03_004": "福岡市", "N03_005": "西区", "N03_007": "40135", "city": "福岡市西区" }, "geometry": null },
{ "type": "Feature", "properties": { "N03_001": "福岡県", "N03_002": null, "N03_003": null, "N03_004": "福岡市", "N03_005": "西区", "N03_007": "40135", "city": "福岡市西区" }, "geometry": null },
{ "type": "Feature", "properties": { "N03_001": "福岡県", "N03_002": null, "N03_003": null, "N03_004": "福岡市", "N03_005": "西区", "N03_007": "40135", "city": "福岡市西区" }, "geometry": null },
{ "type": "Feature", "properties": { "N03_001": "福岡県", "N03_002": null, "N03_003": null, "N03_004": "福岡市", "N03_005": "西区", "N03_007": "40135", "city": "福岡市西区" }, "geometry": null },
{ "type": "Feature", "properties": { "N03_001": "福岡県", "N03_002": null, "N03_003": null, "N03_004": "福岡市", "N03_005": "西区", "N03_007": "40135", "city": "福岡市西区" }, "geometry": null },
{ "type": "Feature", "properties": { "N03_001": "福岡県", "N03_002": null, "N03_003": null, "N03_004": "福岡市", "N03_005": "西区", "N03_007": "40135", "city": "福岡市西区" }, "geometry": null },
{ "type": "Feature", "properties": { "N03_001": "福岡県", "N03_002": null, "N03_003": null, "N03_004": "福岡市", "N03_005": "西区", "N03_007": "40135", "city": "福岡市西区" }, "geometry": null },
{ "type": "Feature", "properties": { "N03_001": "福岡県", "N03_002": null, "N03_003": null, "N03_004": "福岡市", "N03_005": "西区", "N03_007": "40135", "city": "福岡市西区" }, "geometry": null },
{ "type": "Feature", "properties": { "N03_001": "福岡県", "N03_002": null, "N03_003": null, "N03_004": "福岡市", "N03_005": "西区", "N03_007": "40135", "city": "福岡市西区" }, "geometry": null },
{ "type": "Feature", "properties": { "N03_001": "福岡県", "N03_002": null, "N03_003": null, "N03_004": "福岡市", "N03_005": "西区", "N03_007": "40135", "city": "福岡市西区" }, "geometry": null },
{ "type": "Feature", "properties": { "N03_001": "福岡県", "N03_002": null, "N03_003": null, "N03_004": "福岡市", "N03_005": "西区", "N03_007": "40135", "city": "福岡市西区" }, "geometry": null },
{ "type": "Feature", "properties": { "N03_001": "福岡県", "N03_002": null, "N03_003": null, "N03_004": "福岡市", "N03_005": "西区", "N03_007": "40135", "city": "福岡市西区" }, "geometry": null },
{ "type": "Feature", "properties": { "N03_001": "福岡県", "N03_002": null, "N03_003": null, "N03_004": "福岡市", "N03_005": "西区", "N03_007": "40135", "city": "福岡市西区" }, "geometry": null },
{ "type": "Feature", "properties": { "N03_001": "福岡県", "N03_002": null, "N03_003": null, "N03_004": "福岡市", "N03_005": "西区", "N03_007": "40135", "city": "福岡市西区" }, "geometry": null },
{ "type": "Feature", "properties": { "N03_001": "福岡県", "N03_002": null, "N03_003": null, "N03_004": "福岡市", "N03_005": "西区", "N03_007": "40135", "city": "福岡市西区" }, "geometry": null },
{ "type": "Feature", "properties": { "N03_001": "福岡県", "N03_002": null, "N03_003": null, "N03_004": "福岡市", "N03_005": "西区", "N03_007": "40135", "city": "福岡市西区" }, "geometry": null },
{ "type": "Feature", "properties": { "N03_001": "福岡県", "N03_002": null, "N03_003": null, "N03_004": "福岡市", "N03_005": "西区", "N03_007": "40135", "city": "福岡市西区" }, "geometry": null },
{ "type": "Feature", "properties": { "N03_001": "福岡県", "N03_002": null, "N03_003": null, "N03_004": "福岡市", "N03_005": "西区", "N03_007": "40135", "city": "福岡市西区" }, "geometry": null },
{ "type": "Feature", "properties": { "N03_001": "福岡県", "N03_002": null, "N03_003": null, "N03_004": "福岡市", "N03_005": "西区", "N03_007": "40135", "city": "福岡市西区" }, "geometry": null },
{ "type": "Feature", "properties": { "N03_001": "福岡県", "N03_002": null, "N03_003": null, "N03_004": "福岡市", "N03_005": "西区", "N03_007": "40135", "city": "福岡市西区" }, "geometry": null },
{ "type": "Feature", "properties": { "N03_001": "福岡県", "N03_002": null, "N03_003": null, "N03_004": "福岡市", "N03_005": "西区", "N03_007": "40135", "city": "福岡市西区" }, "geometry": null },
{ "type": "Feature", "properties": { "N03_001": "福岡県", "N03_002": null, "N03_003": null, "N03_004": "福岡市", "N03_005": "西区", "N03_007": "40135", "city": "福岡市西区" }, "geometry": null },
{ "type": "Feature", "properties": { "N03_001": "福岡県", "N03_002": null, "N03_003": null, "N03_004": "福岡市", "N03_005": "西区", "N03_007": "40135", "city": "福岡市西区" }, "geometry": null },
{ "type": "Feature", "properties": { "N03_001": "福岡県", "N03_002": null, "N03_003": null, "N03_004": "福岡市", "N03_005": "西区", "N03_007": "40135", "city": "福岡市西区" }, "geometry": null },
{ "type": "Feature", "properties": { "N03_001": "福岡県", "N03_002": null, "N03_003": null, "N03_004": "福岡市", "N03_005": "西区", "N03_007": "40135", "city": "福岡市西区" }, "geometry": null },
{ "type": "Feature", "properties": { "N03_001": "福岡県", "N03_002": null, "N03_003": null, "N03_004": "福岡市", "N03_005": "西区", "N03_007": "40135", "city": "福岡市西区" }, "geometry": null },
{ "type": "Feature", "properties": { "N03_001": "福岡県", "N03_002": null, "N03_003": null, "N03_004": "福岡市", "N03_005": "西区", "N03_007": "40135", "city": "福岡市西区" }, "geometry": null },
{ "type": "Feature", "properties": { "N03_001": "福岡県", "N03_002": null, "N03_003": null, "N03_004": "福岡市", "N03_005": "西区", "N03_007": "40135", "city": "福岡市西区" }, "geometry": null },
{ "type": "Feature", "properties": { "N03_001": "福岡県", "N03_002": null, "N03_003": null, "N03_004": "福岡市", "N03_005": "西区", "N03_007": "40135", "city": "福岡市西区" }, "geometry": null },
{ "type": "Feature", "properties": { "N03_001": "福岡県", "N03_002": null, "N03_003": null, "N03_004": "福岡市", "N03_005": "西区", "N03_007": "40135", "city": "福岡市西区" }, "geometry": null },
{ "type": "Feature", "properties": { "N03_001": "福岡県", "N03_002": null, "N03_003": null, "N03_004": "福岡市", "N03_005": "西区", "N03_007": "40135", "city": "福岡市西区" }, "geometry": null },
{ "type": "Feature", "properties": { "N03_001": "福岡県", "N03_002": null, "N03_003": null, "N03_004": "福岡市", "N03_005": "西区", "N03_007": "40135", "city": "福岡市西区" }, "geometry": null },
{ "type": "Feature", "properties": { "N03_001": "福岡県", "N03_002": null, "N03_003": null, "N03_004": "福岡市", "N03_005": "西区", "N03_007": "40135", "city": "福岡市西区" }, "geometry": null },
{ "type": "Feature", "properties": { "N03_001": "福岡県", "N03_002": null, "N03_003": null, "N03_004": "福岡市", "N03_005": "西区", "N03_007": "40135", "city": "福岡市西区" }, "geometry": null },
{ "type": "Feature", "properties": { "N03_001": "福岡県", "N03_002": null, "N03_003": null, "N03_004": "福岡市", "N03_005": "西区", "N03_007": "40135", "city": "福岡市西区" }, "geometry": null },
{ "type": "Feature", "properties": { "N03_001": "福岡県", "N03_002": null, "N03_003": null, "N03_004": "福岡市", "N03_005": "西区", "N03_007": "40135", "city": "福岡市西区" }, "geometry": null },
{ "type": "Feature", "properties": { "N03_001": "福岡県", "N03_002": null, "N03_003": null, "N03_004": "福岡市", "N03_005": "西区", "N03_007": "40135", "city": "福岡市西区" }, "geometry": null },
{ "type": "Feature", "properties": { "N03_001": "福岡県", "N03_002": null, "N03_003": null, "N03_004": "福岡市", "N03_005": "西区", "N03_007": "40135", "city": "福岡市西区" }, "geometry": null },
{ "type": "Feature", "properties": { "N03_001": "福岡県", "N03_002": null, "N03_003": null, "N03_004": "福岡市", "N03_005": "西区", "N03_007": "40135", "city": "福岡市西区" }, "geometry": null },
{ "type": "Feature", "properties": { "N03_001": "福岡県", "N03_002": null, "N03_003": null, "N03_004": "福岡市", "N03_005": "西区", "N03_007": "40135", "city": "福岡市西区" }, "geometry": null },
{ "type": "Feature", "properties": { "N03_001": "福岡県", "N03_002": null, "N03_003": null, "N03_004": "福岡市", "N03_005": "西区", "N03_007": "40135", "city": "福岡市西区" }, "geometry": null },
{ "type": "Feature", "properties": { "N03_001": "福岡県", "N03_002": null, "N03_003": null, "N03_004": "福岡市", "N03_005": "西区", "N03_007": "40135", "city": "福岡市西区" }, "geometry": null },
{ "type": "Feature", "properties": { "N03_001": "福岡県", "N03_002": null, "N03_003": null, "N03_004": "福岡市", "N03_005": "西区", "N03_007": "40135", "city": "福岡市西区" }, "geometry": null },
{ "type": "Feature", "properties": { "N03_001": "福岡県", "N03_002": null, "N03_003": null, "N03_004": "福岡市", "N03_005": "西区", "N03_007": "40135", "city": "福岡市西区" }, "geometry": null },
{ "type": "Feature", "properties": { "N03_001": "福岡県", "N03_002": null, "N03_003": null, "N03_004": "福岡市", "N03_005": "西区", "N03_007": "40135", "city": "福岡市西区" }, "geometry": null },
{ "type": "Feature", "properties": { "N03_001": "福岡県", "N03_002": null, "N03_003": null, "N03_004": "福岡市", "N03_005": "西区", "N03_007": "40135", "city": "福岡市西区" }, "geometry": null },
{ "type": "Feature", "properties": { "N03_001": "福岡県", "N03_002": null, "N03_003": null, "N03_004": "福岡市", "N03_005": "西区", "N03_007": "40135", "city": "福岡市西区" }, "geometry": null },
{ "type": "Feature", "properties": { "N03_001": "福岡県", "N03_002": null, "N03_003": null, "N03_004": "福岡市", "N03_005": "西区", "N03_007": "40135", "city": "福岡市西区" }, "geometry": null },
{ "type": "Feature", "properties": { "N03_001": "福岡県", "N03_002": null, "N03_003": null, "N03_004": "福岡市", "N03_005": "西区", "N03_007": "40135", "city": "福岡市西区" }, "geometry": null },
{ "type": "Feature", "properties": { "N03_001": "福岡県", "N03_002": null, "N03_003": null, "N03_004": "福岡市", "N03_005": "西区", "N03_007": "40135", "city": "福岡市西区" }, "geometry": null },
{ "type": "Feature", "properties": { "N03_001": "福岡県", "N03_002": null, "N03_003": null, "N03_004": "福岡市", "N03_005": "西区", "N03_007": "40135", "city": "福岡市西区" }, "geometry": null },
{ "type": "Feature", "properties": { "N03_001": "福岡県", "N03_002": null, "N03_003": null, "N03_004": "福岡市", "N03_005": "西区", "N03_007": "40135", "city": "福岡市西区" }, "geometry": null },
{ "type": "Feature", "properties": { "N03_001": "福岡県", "N03_002": null, "N03_003": null, "N03_004": "福岡市", "N03_005": "西区", "N03_007": "40135", "city": "福岡市西区" }, "geometry": null },
{ "type": "Feature", "properties": { "N03_001": "福岡県", "N03_002": null, "N03_003": null, "N03_004": "福岡市", "N03_005": "西区", "N03_007": "40135", "city": "福岡市西区" }, "geometry": null },
{ "type": "Feature", "properties": { "N03_001": "福岡県", "N03_002": null, "N03_003": null, "N03_004": "福岡市", "N03_005": "西区", "N03_007": "40135", "city": "福岡市西区" }, "geometry": null },
{ "type": "Feature", "properties": { "N03_001": "福岡県", "N03_002": null, "N03_003": null, "N03_004": "福岡市", "N03_005": "西区", "N03_007": "40135", "city": "福岡市西区" }, "geometry": null },
{ "type": "Feature", "properties": { "N03_001": "福岡県", "N03_002": null, "N03_003": null, "N03_004": "福岡市", "N03_005": "西区", "N03_007": "40135", "city": "福岡市西区" }, "geometry": null },
{ "type": "Feature", "properties": { "N03_001": "福岡県", "N03_002": null, "N03_003": null, "N03_004": "福岡市", "N03_005": "西区", "N03_007": "40135", "city": "福岡市西区" }, "geometry": null },
{ "type": "Feature", "properties": { "N03_001": "福岡県", "N03_002": null, "N03_003": null, "N03_004": "福岡市", "N03_005": "西区", "N03_007": "40135", "city": "福岡市西区" }, "geometry": null },
{ "type": "Feature", "properties": { "N03_001": "福岡県", "N03_002": null, "N03_003": null, "N03_004": "福岡市", "N03_005": "西区", "N03_007": "40135", "city": "福岡市西区" }, "geometry": null },
{ "type": "Feature", "properties": { "N03_001": "福岡県", "N03_002": null, "N03_003": null, "N03_004": "福岡市", "N03_005": "西区", "N03_007": "40135", "city": "福岡市西区" }, "geometry": null },
{ "type": "Feature", "properties": { "N03_001": "福岡県", "N03_002": null, "N03_003": null, "N03_004": "福岡市", "N03_005": "西区", "N03_007": "40135", "city": "福岡市西区" }, "geometry": null },
{ "type": "Feature", "properties": { "N03_001": "福岡県", "N03_002": null, "N03_003": null, "N03_004": "福岡市", "N03_005": "西区", "N03_007": "40135", "city": "福岡市西区" }, "geometry": null },
{ "type": "Feature", "properties": { "N03_001": "福岡県", "N03_002": null, "N03_003": null, "N03_004": "福岡市", "N03_005": "西区", "N03_007": "40135", "city": "福岡市西区" }, "geometry": null },
{ "type": "Feature", "properties": { "N03_001": "福岡県", "N03_002": null, "N03_003": null, "N03_004": "福岡市", "N03_005": "西区", "N03_007": "40135", "city": "福岡市西区" }, "geometry": null },
{ "type": "Feature", "properties": { "N03_001": "福岡県", "N03_002": null, "N03_003": null, "N03_004": "福岡市", "N03_005": "西区", "N03_007": "40135", "city": "福岡市西区" }, "geometry": null },
{ "type": "Feature", "properties": { "N03_001": "福岡県", "N03_002": null, "N03_003": null, "N03_004": "福岡市", "N03_005": "西区", "N03_007": "40135", "city": "福岡市西区" }, "geometry": null },
{ "type": "Feature", "properties": { "N03_001": "福岡県", "N03_002": null, "N03_003": null, "N03_004": "福岡市", "N03_005": "西区", "N03_007": "40135", "city": "福岡市西区" }, "geometry": null },
{ "type": "Feature", "properties": { "N03_001": "福岡県", "N03_002": null, "N03_003": null, "N03_004": "福岡市", "N03_005": "西区", "N03_007": "40135", "city": "福岡市西区" }, "geometry": null },
{ "type": "Feature", "properties": { "N03_001": "福岡県", "N03_002": null, "N03_003": null, "N03_004": "福岡市", "N03_005": "西区", "N03_007": "40135", "city": "福岡市西区" }, "geometry": null },
{ "type": "Feature", "properties": { "N03_001": "福岡県", "N03_002": null, "N03_003": null, "N03_004": "福岡市", "N03_005": "西区", "N03_007": "40135", "city": "福岡市西区" }, "geometry": null },
{ "type": "Feature", "properties": { "N03_001": "福岡県", "N03_002": null, "N03_003": null, "N03_004": "福岡市", "N03_005": "西区", "N03_007": "40135", "city": "福岡市西区" }, "geometry": null },
{ "type": "Feature", "properties": { "N03_001": "福岡県", "N03_002": null, "N03_003": null, "N03_004": "福岡市", "N03_005": "西区", "N03_007": "40135", "city": "福岡市西区" }, "geometry": null },
{ "type": "Feature", "properties": { "N03_001": "福岡県", "N03_002": null, "N03_003": null, "N03_004": "福岡市", "N03_005": "西区", "N03_007": "40135", "city": "福岡市西区" }, "geometry": null },
{ "type": "Feature", "properties": { "N03_001": "福岡県", "N03_002": null, "N03_003": null, "N03_004": "福岡市", "N03_005": "西区", "N03_007": "40135", "city": "福岡市西区" }, "geometry": null },
{ "type": "Feature", "properties": { "N03_001": "福岡県", "N03_002": null, "N03_003": null, "N03_004": "福岡市", "N03_005": "西区", "N03_007": "40135", "city": "福岡市西区" }, "geometry": null },
{ "type": "Feature", "properties": { "N03_001": "福岡県", "N03_002": null, "N03_003": null, "N03_004": "福岡市", "N03_005": "西区", "N03_007": "40135", "city": "福岡市西区" }, "geometry": null },
{ "type": "Feature", "properties": { "N03_001": "福岡県", "N03_002": null, "N03_003": null, "N03_004": "福岡市", "N03_005": "西区", "N03_007": "40135", "city": "福岡市西区" }, "geometry": null },
{ "type": "Feature", "properties": { "N03_001": "福岡県", "N03_002": null, "N03_003": null, "N03_004": "福岡市", "N03_005": "西区", "N03_007": "40135", "city": "福岡市西区" }, "geometry": null },
{ "type": "Feature", "properties": { "N03_001": "福岡県", "N03_002": null, "N03_003": null, "N03_004": "福岡市", "N03_005": "西区", "N03_007": "40135", "city": "福岡市西区" }, "geometry": null },
{ "type": "Feature", "properties": { "N03_001": "福岡県", "N03_002": null, "N03_003": null, "N03_004": "福岡市", "N03_005": "西区", "N03_007": "40135", "city": "福岡市西区" }, "geometry": null },
{ "type": "Feature", "properties": { "N03_001": "福岡県", "N03_002": null, "N03_003": null, "N03_004": "福岡市", "N03_005": "西区", "N03_007": "40135", "city": "福岡市西区" }, "geometry": null },
{ "type": "Feature", "properties": { "N03_001": "福岡県", "N03_002": null, "N03_003": null, "N03_004": "福岡市", "N03_005": "西区", "N03_007": "40135", "city": "福岡市西区" }, "geometry": null },
{ "type": "Feature", "properties": { "N03_001": "福岡県", "N03_002": null, "N03_003": null, "N03_004": "福岡市", "N03_005": "西区", "N03_007": "40135", "city": "福岡市西区" }, "geometry": null },
{ "type": "Feature", "properties": { "N03_001": "福岡県", "N03_002": null, "N03_003": null, "N03_004": "福岡市", "N03_005": "西区", "N03_007": "40135", "city": "福岡市西区" }, "geometry": null },
{ "type": "Feature", "properties": { "N03_001": "福岡県", "N03_002": null, "N03_003": null, "N03_004": "福岡市", "N03_005": "西区", "N03_007": "40135", "city": "福岡市西区" }, "geometry": null },
{ "type": "Feature", "properties": { "N03_001": "福岡県", "N03_002": null, "N03_003": null, "N03_004": "福岡市", "N03_005": "西区", "N03_007": "40135", "city": "福岡市西区" }, "geometry": null },
{ "type": "Feature", "properties": { "N03_001": "福岡県", "N03_002": null, "N03_003": null, "N03_004": "福岡市", "N03_005": "西区", "N03_007": "40135", "city": "福岡市西区" }, "geometry": null },
{ "type": "Feature", "properties": { "N03_001": "福岡県", "N03_002": null, "N03_003": null, "N03_004": "福岡市", "N03_005": "西区", "N03_007": "40135", "city": "福岡市西区" }, "geometry": null },
{ "type": "Feature", "properties": { "N03_001": "福岡県", "N03_002": null, "N03_003": null, "N03_004": "福岡市", "N03_005": "西区", "N03_007": "40135", "city": "福岡市西区" }, "geometry": null },
{ "type": "Feature", "properties": { "N03_001": "福岡県", "N03_002": null, "N03_003": null, "N03_004": "福岡市", "N03_005": "西区", "N03_007": "40135", "city": "福岡市西区" }, "geometry": null },
{ "type": "Feature", "properties": { "N03_001": "福岡県", "N03_002": null, "N03_003": null, "N03_004": "福岡市", "N03_005": "西区", "N03_007": "40135", "city": "福岡市西区" }, "geometry": null },
{ "type": "Feature", "properties": { "N03_001": "福岡県", "N03_002": null, "N03_003": null, "N03_004": "福岡市", "N03_005": "西区", "N03_007": "40135", "city": "福岡市西区" }, "geometry": null },
{ "type": "Feature", "properties": { "N03_001": "福岡県", "N03_002": null, "N03_003": null, "N03_004": "福岡市", "N03_005": "西区", "N03_007": "40135", "city": "福岡市西区" }, "geometry": null },
{ "type": "Feature", "properties": { "N03_001": "福岡県", "N03_002": null, "N03_003": null, "N03_004": "福岡市", "N03_005": "西区", "N03_007": "40135", "city": "福岡市西区" }, "geometry": null },
{ "type": "Feature", "properties": { "N03_001": "福岡県", "N03_002": null, "N03_003": null, "N03_004": "福岡市", "N03_005": "西区", "N03_007": "40135", "city": "福岡市西区" }, "geometry": null },
{ "type": "Feature", "properties": { "N03_001": "福岡県", "N03_002": null, "N03_003": null, "N03_004": "福岡市", "N03_005": "西区", "N03_007": "40135", "city": "福岡市西区" }, "geometry": null },
{ "type": "Feature", "properties": { "N03_001": "福岡県", "N03_002": null, "N03_003": null, "N03_004": "福岡市", "N03_005": "西区", "N03_007": "40135", "city": "福岡市西区" }, "geometry": null },
{ "type": "Feature", "properties": { "N03_001": "福岡県", "N03_002": null, "N03_003": null, "N03_004": "福岡市", "N03_005": "西区", "N03_007": "40135", "city": "福岡市西区" }, "geometry": null },
{ "type": "Feature", "properties": { "N03_001": "福岡県", "N03_002": null, "N03_003": null, "N03_004": "福岡市", "N03_005": "西区", "N03_007": "40135", "city": "福岡市西区" }, "geometry": null },
{ "type": "Feature", "properties": { "N03_001": "福岡県", "N03_002": null, "N03_003": null, "N03_004": "福岡市", "N03_005": "西区", "N03_007": "40135", "city": "福岡市西区" }, "geometry": null },
{ "type": "Feature", "properties": { "N03_001": "福岡県", "N03_002": null, "N03_003": null, "N03_004": "福岡市", "N03_005": "西区", "N03_007": "40135", "city": "福岡市西区" }, "geometry": null },
{ "type": "Feature", "properties": { "N03_001": "福岡県", "N03_002": null, "N03_003": null, "N03_004": "福岡市", "N03_005": "西区", "N03_007": "40135", "city": "福岡市西区" }, "geometry": null },
{ "type": "Feature", "properties": { "N03_001": "福岡県", "N03_002": null, "N03_003": null, "N03_004": "福岡市", "N03_005": "西区", "N03_007": "40135", "city": "福岡市西区" }, "geometry": null },
{ "type": "Feature", "properties": { "N03_001": "福岡県", "N03_002": null, "N03_003": null, "N03_004": "福岡市", "N03_005": "西区", "N03_007": "40135", "city": "福岡市西区" }, "geometry": null },
{ "type": "Feature", "properties": { "N03_001": "福岡県", "N03_002": null, "N03_003": null, "N03_004": "福岡市", "N03_005": "西区", "N03_007": "40135", "city": "福岡市西区" }, "geometry": null },
{ "type": "Feature", "properties": { "N03_001": "福岡県", "N03_002": null, "N03_003": null, "N03_004": "福岡市", "N03_005": "西区", "N03_007": "40135", "city": "福岡市西区" }, "geometry": null },
{ "type": "Feature", "properties": { "N03_001": "福岡県", "N03_002": null, "N03_003": null, "N03_004": "福岡市", "N03_005": "西区", "N03_007": "40135", "city": "福岡市西区" }, "geometry": null },
{ "type": "Feature", "properties": { "N03_001": "福岡県", "N03_002": null, "N03_003": null, "N03_004": "福岡市", "N03_005": "西区", "N03_007": "40135", "city": "福岡市西区" }, "geometry": null },
{ "type": "Feature", "properties": { "N03_001": "福岡県", "N03_002": null, "N03_003": null, "N03_004": "福岡市", "N03_005": "西区", "N03_007": "40135", "city": "福岡市西区" }, "geometry": null },
{ "type": "Feature", "properties": { "N03_001": "福岡県", "N03_002": null, "N03_003": null, "N03_004": "福岡市", "N03_005": "西区", "N03_007": "40135", "city": "福岡市西区" }, "geometry": null },
{ "type": "Feature", "properties": { "N03_001": "福岡県", "N03_002": null, "N03_003": null, "N03_004": "福岡市", "N03_005": "西区", "N03_007": "40135", "city": "福岡市西区" }, "geometry": null },
{ "type": "Feature", "properties": { "N03_001": "福岡県", "N03_002": null, "N03_003": null, "N03_004": "福岡市", "N03_005": "西区", "N03_007": "40135", "city": "福岡市西区" }, "geometry": null },
{ "type": "Feature", "properties": { "N03_001": "福岡県", "N03_002": null, "N03_003": null, "N03_004": "福岡市", "N03_005": "西区", "N03_007": "40135", "city": "福岡市西区" }, "geometry": null },
{ "type": "Feature", "properties": { "N03_001": "福岡県", "N03_002": null, "N03_003": null, "N03_004": "福岡市", "N03_005": "西区", "N03_007": "40135", "city": "福岡市西区" }, "geometry": null },
{ "type": "Feature", "properties": { "N03_001": "福岡県", "N03_002": null, "N03_003": null, "N03_004": "福岡市", "N03_005": "西区", "N03_007": "40135", "city": "福岡市西区" }, "geometry": null },
{ "type": "Feature", "properties": { "N03_001": "福岡県", "N03_002": null, "N03_003": null, "N03_004": "福岡市", "N03_005": "西区", "N03_007": "40135", "city": "福岡市西区" }, "geometry": null },
{ "type": "Feature", "properties": { "N03_001": "福岡県", "N03_002": null, "N03_003": null, "N03_004": "福岡市", "N03_005": "西区", "N03_007": "40135", "city": "福岡市西区" }, "geometry": null },
{ "type": "Feature", "properties": { "N03_001": "福岡県", "N03_002": null, "N03_003": null, "N03_004": "福岡市", "N03_005": "西区", "N03_007": "40135", "city": "福岡市西区" }, "geometry": null },
{ "type": "Feature", "properties": { "N03_001": "福岡県", "N03_002": null, "N03_003": null, "N03_004": "福岡市", "N03_005": "西区", "N03_007": "40135", "city": "福岡市西区" }, "geometry": null },
{ "type": "Feature", "properties": { "N03_001": "福岡県", "N03_002": null, "N03_003": null, "N03_004": "福岡市", "N03_005": "西区", "N03_007": "40135", "city": "福岡市西区" }, "geometry": null },
{ "type": "Feature", "properties": { "N03_001": "福岡県", "N03_002": null, "N03_003": null, "N03_004": "福岡市", "N03_005": "西区", "N03_007": "40135", "city": "福岡市西区" }, "geometry": null },
{ "type": "Feature", "properties": { "N03_001": "福岡県", "N03_002": null, "N03_003": null, "N03_004": "福岡市", "N03_005": "西区", "N03_007": "40135", "city": "福岡市西区" }, "geometry": null },
{ "type": "Feature", "properties": { "N03_001": "福岡県", "N03_002": null, "N03_003": null, "N03_004": "福岡市", "N03_005": "西区", "N03_007": "40135", "city": "福岡市西区" }, "geometry": null },
{ "type": "Feature", "properties": { "N03_001": "福岡県", "N03_002": null, "N03_003": null, "N03_004": "福岡市", "N03_005": "西区", "N03_007": "40135", "city": "福岡市西区" }, "geometry": null },
{ "type": "Feature", "properties": { "N03_001": "福岡県", "N03_002": null, "N03_003": null, "N03_004": "福岡市", "N03_005": "西区", "N03_007": "40135", "city": "福岡市西区" }, "geometry": null },
{ "type": "Feature", "properties": { "N03_001": "福岡県", "N03_002": null, "N03_003": null, "N03_004": "福岡市", "N03_005": "西区", "N03_007": "40135", "city": "福岡市西区" }, "geometry": null },
{ "type": "Feature", "properties": { "N03_001": "福岡県", "N03_002": null, "N03_003": null, "N03_004": "福岡市", "N03_005": "西区", "N03_007": "40135", "city": "福岡市西区" }, "geometry": null },
{ "type": "Feature", "properties": { "N03_001": "福岡県", "N03_002": null, "N03_003": null, "N03_004": "福岡市", "N03_005": "西区", "N03_007": "40135", "city": "福岡市西区" }, "geometry": null },
{ "type": "Feature", "properties": { "N03_001": "福岡県", "N03_002": null, "N03_003": null, "N03_004": "福岡市", "N03_005": "西区", "N03_007": "40135", "city": "福岡市西区" }, "geometry": null },
{ "type": "Feature", "properties": { "N03_001": "福岡県", "N03_002": null, "N03_003": null, "N03_004": "福岡市", "N03_005": "西区", "N03_007": "40135", "city": "福岡市西区" }, "geometry": null },
{ "type": "Feature", "properties": { "N03_001": "福岡県", "N03_002": null, "N03_003": null, "N03_004": "福岡市", "N03_005": "西区", "N03_007": "40135", "city": "福岡市西区" }, "geometry": null },
{ "type": "Feature", "properties": { "N03_001": "福岡県", "N03_002": null, "N03_003": null, "N03_004": "福岡市", "N03_005": "西区", "N03_007": "40135", "city": "福岡市西区" }, "geometry": null },
{ "type": "Feature", "properties": { "N03_001": "福岡県", "N03_002": null, "N03_003": null, "N03_004": "福岡市", "N03_005": "西区", "N03_007": "40135", "city": "福岡市西区" }, "geometry": null },
{ "type": "Feature", "properties": { "N03_001": "福岡県", "N03_002": null, "N03_003": null, "N03_004": "福岡市", "N03_005": "西区", "N03_007": "40135", "city": "福岡市西区" }, "geometry": null },
{ "type": "Feature", "properties": { "N03_001": "福岡県", "N03_002": null, "N03_003": null, "N03_004": "福岡市", "N03_005": "西区", "N03_007": "40135", "city": "福岡市西区" }, "geometry": null },
{ "type": "Feature", "properties": { "N03_001": "福岡県", "N03_002": null, "N03_003": null, "N03_004": "福岡市", "N03_005": "西区", "N03_007": "40135", "city": "福岡市西区" }, "geometry": null },
{ "type": "Feature", "properties": { "N03_001": "福岡県", "N03_002": null, "N03_003": null, "N03_004": "福岡市", "N03_005": "西区", "N03_007": "40135", "city": "福岡市西区" }, "geometry": null },
{ "type": "Feature", "properties": { "N03_001": "福岡県", "N03_002": null, "N03_003": null, "N03_004": "福岡市", "N03_005": "西区", "N03_007": "40135", "city": "福岡市西区" }, "geometry": null },
{ "type": "Feature", "properties": { "N03_001": "福岡県", "N03_002": null, "N03_003": null, "N03_004": "福岡市", "N03_005": "西区", "N03_007": "40135", "city": "福岡市西区" }, "geometry": null },
{ "type": "Feature", "properties": { "N03_001": "福岡県", "N03_002": null, "N03_003": null, "N03_004": "福岡市", "N03_005": "西区", "N03_007": "40135", "city": "福岡市西区" }, "geometry": null },
{ "type": "Feature", "properties": { "N03_001": "福岡県", "N03_002": null, "N03_003": null, "N03_004": "福岡市", "N03_005": "西区", "N03_007": "40135", "city": "福岡市西区" }, "geometry": null },
{ "type": "Feature", "properties": { "N03_001": "福岡県", "N03_002": null, "N03_003": null, "N03_004": "福岡市", "N03_005": "西区", "N03_007": "40135", "city": "福岡市西区" }, "geometry": null },
{ "type": "Feature", "properties": { "N03_001": "福岡県", "N03_002": null, "N03_003": null, "N03_004": "福岡市", "N03_005": "西区", "N03_007": "40135", "city": "福岡市西区" }, "geometry": null },
{ "type": "Feature", "properties": { "N03_001": "福岡県", "N03_002": null, "N03_003": null, "N03_004": "福岡市", "N03_005": "西区", "N03_007": "40135", "city": "福岡市西区" }, "geometry": null },
{ "type": "Feature", "properties": { "N03_001": "福岡県", "N03_002": null, "N03_003": null, "N03_004": "福岡市", "N03_005": "西区", "N03_007": "40135", "city": "福岡市西区" }, "geometry": null },
{ "type": "Feature", "properties": { "N03_001": "福岡県", "N03_002": null, "N03_003": null, "N03_004": "福岡市", "N03_005": "西区", "N03_007": "40135", "city": "福岡市西区" }, "geometry": null },
{ "type": "Feature", "properties": { "N03_001": "福岡県", "N03_002": null, "N03_003": null, "N03_004": "福岡市", "N03_005": "西区", "N03_007": "40135", "city": "福岡市西区" }, "geometry": null },
{ "type": "Feature", "properties": { "N03_001": "福岡県", "N03_002": null, "N03_003": null, "N03_004": "福岡市", "N03_005": "西区", "N03_007": "40135", "city": "福岡市西区" }, "geometry": null },
{ "type": "Feature", "properties": { "N03_001": "福岡県", "N03_002": null, "N03_003": null, "N03_004": "福岡市", "N03_005": "西区", "N03_007": "40135", "city": "福岡市西区" }, "geometry": null },
{ "type": "Feature", "properties": { "N03_001": "福岡県", "N03_002": null, "N03_003": null, "N03_004": "福岡市", "N03_005": "西区", "N03_007": "40135", "city": "福岡市西区" }, "geometry": null },
{ "type": "Feature", "properties": { "N03_001": "福岡県", "N03_002": null, "N03_003": null, "N03_004": "福岡市", "N03_005": "西区", "N03_007": "40135", "city": "福岡市西区" }, "geometry": null },
{ "type": "Feature", "properties": { "N03_001": "福岡県", "N03_002": null, "N03_003": null, "N03_004": "福岡市", "N03_005": "西区", "N03_007": "40135", "city": "福岡市西区" }, "geometry": null },
{ "type": "Feature", "properties": { "N03_001": "福岡県", "N03_002": null, "N03_003": null, "N03_004": "福岡市", "N03_005": "西区", "N03_007": "40135", "city": "福岡市西区" }, "geometry": null },
{ "type": "Feature", "properties": { "N03_001": "福岡県", "N03_002": null, "N03_003": null, "N03_004": "福岡市", "N03_005": "西区", "N03_007": "40135", "city": "福岡市西区" }, "geometry": null },
{ "type": "Feature", "properties": { "N03_001": "福岡県", "N03_002": null, "N03_003": null, "N03_004": "福岡市", "N03_005": "西区", "N03_007": "40135", "city": "福岡市西区" }, "geometry": null },
{ "type": "Feature", "properties": { "N03_001": "福岡県", "N03_002": null, "N03_003": null, "N03_004": "福岡市", "N03_005": "西区", "N03_007": "40135", "city": "福岡市西区" }, "geometry": null },
{ "type": "Feature", "properties": { "N03_001": "福岡県", "N03_002": null, "N03_003": null, "N03_004": "福岡市", "N03_005": "西区", "N03_007": "40135", "city": "福岡市西区" }, "geometry": null },
{ "type": "Feature", "properties": { "N03_001": "福岡県", "N03_002": null, "N03_003": null, "N03_004": "福岡市", "N03_005": "西区", "N03_007": "40135", "city": "福岡市西区" }, "geometry": null },
{ "type": "Feature", "properties": { "N03_001": "福岡県", "N03_002": null, "N03_003": null, "N03_004": "福岡市", "N03_005": "西区", "N03_007": "40135", "city": "福岡市西区" }, "geometry": null },
{ "type": "Feature", "properties": { "N03_001": "福岡県", "N03_002": null, "N03_003": null, "N03_004": "福岡市", "N03_005": "西区", "N03_007": "40135", "city": "福岡市西区" }, "geometry": null },
{ "type": "Feature", "properties": { "N03_001": "福岡県", "N03_002": null, "N03_003": null, "N03_004": "福岡市", "N03_005": "西区", "N03_007": "40135", "city": "福岡市西区" }, "geometry": null },
{ "type": "Feature", "properties": { "N03_001": "福岡県", "N03_002": null, "N03_003": null, "N03_004": "福岡市", "N03_005": "西区", "N03_007": "40135", "city": "福岡市西区" }, "geometry": null },
{ "type": "Feature", "properties": { "N03_001": "福岡県", "N03_002": null, "N03_003": null, "N03_004": "福岡市", "N03_005": "西区", "N03_007": "40135", "city": "福岡市西区" }, "geometry": null },
{ "type": "Feature", "properties": { "N03_001": "福岡県", "N03_002": null, "N03_003": null, "N03_004": "福岡市", "N03_005": "西区", "N03_007": "40135", "city": "福岡市西区" }, "geometry": null },
{ "type": "Feature", "properties": { "N03_001": "福岡県", "N03_002": null, "N03_003": null, "N03_004": "福岡市", "N03_005": "西区", "N03_007": "40135", "city": "福岡市西区" }, "geometry": null },
{ "type": "Feature", "properties": { "N03_001": "福岡県", "N03_002": null, "N03_003": null, "N03_004": "福岡市", "N03_005": "西区", "N03_007": "40135", "city": "福岡市西区" }, "geometry": null },
{ "type": "Feature", "properties": { "N03_001": "福岡県", "N03_002": null, "N03_003": null, "N03_004": "福岡市", "N03_005": "西区", "N03_007": "40135", "city": "福岡市西区" }, "geometry": null },
{ "type": "Feature", "properties": { "N03_001": "福岡県", "N03_002": null, "N03_003": null, "N03_004": "福岡市", "N03_005": "西区", "N03_007": "40135", "city": "福岡市西区" }, "geometry": null },
{ "type": "Feature", "properties": { "N03_001": "福岡県", "N03_002": null, "N03_003": null, "N03_004": "福岡市", "N03_005": "西区", "N03_007": "40135", "city": "福岡市西区" }, "geometry": null },
{ "type": "Feature", "properties": { "N03_001": "福岡県", "N03_002": null, "N03_003": null, "N03_004": "福岡市", "N03_005": "西区", "N03_007": "40135", "city": "福岡市西区" }, "geometry": null },
{ "type": "Feature", "properties": { "N03_001": "福岡県", "N03_002": null, "N03_003": null, "N03_004": "福岡市", "N03_005": "西区", "N03_007": "40135", "city": "福岡市西区" }, "geometry": null },
{ "type": "Feature", "properties": { "N03_001": "福岡県", "N03_002": null, "N03_003": null, "N03_004": "福岡市", "N03_005": "西区", "N03_007": "40135", "city": "福岡市西区" }, "geometry": null },
{ "type": "Feature", "properties": { "N03_001": "福岡県", "N03_002": null, "N03_003": null, "N03_004": "福岡市", "N03_005": "西区", "N03_007": "40135", "city": "福岡市西区" }, "geometry": null },
{ "type": "Feature", "properties": { "N03_001": "福岡県", "N03_002": null, "N03_003": null, "N03_004": "福岡市", "N03_005": "西区", "N03_007": "40135", "city": "福岡市西区" }, "geometry": null },
{ "type": "Feature", "properties": { "N03_001": "福岡県", "N03_002": null, "N03_003": null, "N03_004": "福岡市", "N03_005": "西区", "N03_007": "40135", "city": "福岡市西区" }, "geometry": null },
{ "type": "Feature", "properties": { "N03_001": "福岡県", "N03_002": null, "N03_003": null, "N03_004": "福岡市", "N03_005": "西区", "N03_007": "40135", "city": "福岡市西区" }, "geometry": null },
{ "type": "Feature", "properties": { "N03_001": "福岡県", "N03_002": null, "N03_003": null, "N03_004": "福岡市", "N03_005": "西区", "N03_007": "40135", "city": "福岡市西区" }, "geometry": null },
{ "type": "Feature", "properties": { "N03_001": "福岡県", "N03_002": null, "N03_003": null, "N03_004": "福岡市", "N03_005": "西区", "N03_007": "40135", "city": "福岡市西区" }, "geometry": null },
{ "type": "Feature", "properties": { "N03_001": "福岡県", "N03_002": null, "N03_003": null, "N03_004": "福岡市", "N03_005": "西区", "N03_007": "40135", "city": "福岡市西区" }, "geometry": null },
{ "type": "Feature", "properties": { "N03_001": "福岡県", "N03_002": null, "N03_003": null, "N03_004": "福岡市", "N03_005": "西区", "N03_007": "40135", "city": "福岡市西区" }, "geometry": null },
{ "type": "Feature", "properties": { "N03_001": "福岡県", "N03_002": null, "N03_003": null, "N03_004": "福岡市", "N03_005": "西区", "N03_007": "40135", "city": "福岡市西区" }, "geometry": null },
{ "type": "Feature", "properties": { "N03_001": "福岡県", "N03_002": null, "N03_003": null, "N03_004": "福岡市", "N03_005": "西区", "N03_007": "40135", "city": "福岡市西区" }, "geometry": null },
{ "type": "Feature", "properties": { "N03_001": "福岡県", "N03_002": null, "N03_003": null, "N03_004": "福岡市", "N03_005": "西区", "N03_007": "40135", "city": "福岡市西区" }, "geometry": null },
{ "type": "Feature", "properties": { "N03_001": "福岡県", "N03_002": null, "N03_003": null, "N03_004": "福岡市", "N03_005": "西区", "N03_007": "40135", "city": "福岡市西区" }, "geometry": null },
{ "type": "Feature", "properties": { "N03_001": "福岡県", "N03_002": null, "N03_003": null, "N03_004": "福岡市", "N03_005": "西区", "N03_007": "40135", "city": "福岡市西区" }, "geometry": null },
{ "type": "Feature", "properties": { "N03_001": "福岡県", "N03_002": null, "N03_003": null, "N03_004": "福岡市", "N03_005": "西区", "N03_007": "40135", "city": "福岡市西区" }, "geometry": null },
{ "type": "Feature", "properties": { "N03_001": "福岡県", "N03_002": null, "N03_003": null, "N03_004": "福岡市", "N03_005": "西区", "N03_007": "40135", "city": "福岡市西区" }, "geometry": null },
{ "type": "Feature", "properties": { "N03_001": "福岡県", "N03_002": null, "N03_003": null, "N03_004": "福岡市", "N03_005": "西区", "N03_007": "40135", "city": "福岡市西区" }, "geometry": null },
{ "type": "Feature", "properties": { "N03_001": "福岡県", "N03_002": null, "N03_003": null, "N03_004": "福岡市", "N03_005": "西区", "N03_007": "40135", "city": "福岡市西区" }, "geometry": null },
{ "type": "Feature", "properties": { "N03_001": "福岡県", "N03_002": null, "N03_003": null, "N03_004": "福岡市", "N03_005": "西区", "N03_007": "40135", "city": "福岡市西区" }, "geometry": null },
{ "type": "Feature", "properties": { "N03_001": "福岡県", "N03_002": null, "N03_003": null, "N03_004": "福岡市", "N03_005": "西区", "N03_007": "40135", "city": "福岡市西区" }, "geometry": null },
{ "type": "Feature", "properties": { "N03_001": "福岡県", "N03_002": null, "N03_003": null, "N03_004": "福岡市", "N03_005": "西区", "N03_007": "40135", "city": "福岡市西区" }, "geometry": null },
{ "type": "Feature", "properties": { "N03_001": "福岡県", "N03_002": null, "N03_003": null, "N03_004": "福岡市", "N03_005": "西区", "N03_007": "40135", "city": "福岡市西区" }, "geometry": null },
{ "type": "Feature", "properties": { "N03_001": "福岡県", "N03_002": null, "N03_003": null, "N03_004": "福岡市", "N03_005": "西区", "N03_007": "40135", "city": "福岡市西区" }, "geometry": null },
{ "type": "Feature", "properties": { "N03_001": "福岡県", "N03_002": null, "N03_003": null, "N03_004": "福岡市", "N03_005": "西区", "N03_007": "40135", "city": "福岡市西区" }, "geometry": null },
{ "type": "Feature", "properties": { "N03_001": "福岡県", "N03_002": null, "N03_003": null, "N03_004": "福岡市", "N03_005": "西区", "N03_007": "40135", "city": "福岡市西区" }, "geometry": null },
{ "type": "Feature", "properties": { "N03_001": "福岡県", "N03_002": null, "N03_003": null, "N03_004": "福岡市", "N03_005": "西区", "N03_007": "40135", "city": "福岡市西区" }, "geometry": null },
{ "type": "Feature", "properties": { "N03_001": "福岡県", "N03_002": null, "N03_003": null, "N03_004": "福岡市", "N03_005": "西区", "N03_007": "40135", "city": "福岡市西区" }, "geometry": null },
{ "type": "Feature", "properties": { "N03_001": "福岡県", "N03_002": null, "N03_003": null, "N03_004": "福岡市", "N03_005": "西区", "N03_007": "40135", "city": "福岡市西区" }, "geometry": null },
{ "type": "Feature", "properties": { "N03_001": "福岡県", "N03_002": null, "N03_003": null, "N03_004": "福岡市", "N03_005": "西区", "N03_007": "40135", "city": "福岡市西区" }, "geometry": null },
{ "type": "Feature", "properties": { "N03_001": "福岡県", "N03_002": null, "N03_003": null, "N03_004": "福岡市", "N03_005": "西区", "N03_007": "40135", "city": "福岡市西区" }, "geometry": null },
{ "type": "Feature", "properties": { "N03_001": "福岡県", "N03_002": null, "N03_003": null, "N03_004": "福岡市", "N03_005": "西区", "N03_007": "40135", "city": "福岡市西区" }, "geometry": null },
{ "type": "Feature", "properties": { "N03_001": "福岡県", "N03_002": null, "N03_003": null, "N03_004": "福岡市", "N03_005": "西区", "N03_007": "40135", "city": "福岡市西区" }, "geometry": null },
{ "type": "Feature", "properties": { "N03_001": "福岡県", "N03_002": null, "N03_003": null, "N03_004": "福岡市", "N03_005": "西区", "N03_007": "40135", "city": "福岡市西区" }, "geometry": null },
{ "type": "Feature", "properties": { "N03_001": "福岡県", "N03_002": null, "N03_003": null, "N03_004": "福岡市", "N03_005": "西区", "N03_007": "40135", "city": "福岡市西区" }, "geometry": null },
{ "type": "Feature", "properties": { "N03_001": "福岡県", "N03_002": null, "N03_003": null, "N03_004": "福岡市", "N03_005": "西区", "N03_007": "40135", "city": "福岡市西区" }, "geometry": null },
{ "type": "Feature", "properties": { "N03_001": "福岡県", "N03_002": null, "N03_003": null, "N03_004": "福岡市", "N03_005": "西区", "N03_007": "40135", "city": "福岡市西区" }, "geometry": null },
{ "type": "Feature", "properties": { "N03_001": "福岡県", "N03_002": null, "N03_003": null, "N03_004": "福岡市", "N03_005": "西区", "N03_007": "40135", "city": "福岡市西区" }, "geometry": null },
{ "type": "Feature", "properties": { "N03_001": "福岡県", "N03_002": null, "N03_003": null, "N03_004": "福岡市", "N03_005": "西区", "N03_007": "40135", "city": "福岡市西区" }, "geometry": null },
{ "type": "Feature", "properties": { "N03_001": "福岡県", "N03_002": null, "N03_003": null, "N03_004": "福岡市", "N03_005": "西区", "N03_007": "40135", "city": "福岡市西区" }, "geometry": null },
{ "type": "Feature", "properties": { "N03_001": "福岡県", "N03_002": null, "N03_003": null, "N03_004": "福岡市", "N03_005": "西区", "N03_007": "40135", "city": "福岡市西区" }, "geometry": null },
{ "type": "Feature", "properties": { "N03_001": "福岡県", "N03_002": null, "N03_003": null, "N03_004": "福岡市", "N03_005": "西区", "N03_007": "40135", "city": "福岡市西区" }, "geometry": null },
{ "type": "Feature", "properties": { "N03_001": "福岡県", "N03_002": null, "N03_003": null, "N03_004": "福岡市", "N03_005": "西区", "N03_007": "40135", "city": "福岡市西区" }, "geometry": null },
{ "type": "Feature", "properties": { "N03_001": "福岡県", "N03_002": null, "N03_003": null, "N03_004": "福岡市", "N03_005": "西区", "N03_007": "40135", "city": "福岡市西区" }, "geometry": null },
{ "type": "Feature", "properties": { "N03_001": "福岡県", "N03_002": null, "N03_003": null, "N03_004": "福岡市", "N03_005": "西区", "N03_007": "40135", "city": "福岡市西区" }, "geometry": null },
{ "type": "Feature", "properties": { "N03_001": "福岡県", "N03_002": null, "N03_003": null, "N03_004": "福岡市", "N03_005": "西区", "N03_007": "40135", "city": "福岡市西区" }, "geometry": null },
{ "type": "Feature", "properties": { "N03_001": "福岡県", "N03_002": null, "N03_003": null, "N03_004": "福岡市", "N03_005": "西区", "N03_007": "40135", "city": "福岡市西区" }, "geometry": null },
{ "type": "Feature", "properties": { "N03_001": "福岡県", "N03_002": null, "N03_003": null, "N03_004": "福岡市", "N03_005": "西区", "N03_007": "40135", "city": "福岡市西区" }, "geometry": null },
{ "type": "Feature", "properties": { "N03_001": "福岡県", "N03_002": null, "N03_003": null, "N03_004": "福岡市", "N03_005": "西区", "N03_007": "40135", "city": "福岡市西区" }, "geometry": null },
{ "type": "Feature", "properties": { "N03_001": "福岡県", "N03_002": null, "N03_003": null, "N03_004": "福岡市", "N03_005": "西区", "N03_007": "40135", "city": "福岡市西区" }, "geometry": null },
{ "type": "Feature", "properties": { "N03_001": "福岡県", "N03_002": null, "N03_003": null, "N03_004": "福岡市", "N03_005": "西区", "N03_007": "40135", "city": "福岡市西区" }, "geometry": null },
{ "type": "Feature", "properties": { "N03_001": "福岡県", "N03_002": null, "N03_003": null, "N03_004": "福岡市", "N03_005": "西区", "N03_007": "40135", "city": "福岡市西区" }, "geometry": null },
{ "type": "Feature", "properties": { "N03_001": "福岡県", "N03_002": null, "N03_003": null, "N03_004": "福岡市", "N03_005": "西区", "N03_007": "40135", "city": "福岡市西区" }, "geometry": null },
{ "type": "Feature", "properties": { "N03_001": "福岡県", "N03_002": null, "N03_003": null, "N03_004": "福岡市", "N03_005": "西区", "N03_007": "40135", "city": "福岡市西区" }, "geometry": null },
{ "type": "Feature", "properties": { "N03_001": "福岡県", "N03_002": null, "N03_003": null, "N03_004": "福岡市", "N03_005": "西区", "N03_007": "40135", "city": "福岡市西区" }, "geometry": null },
{ "type": "Feature", "properties": { "N03_001": "福岡県", "N03_002": null, "N03_003": null, "N03_004": "福岡市", "N03_005": "西区", "N03_007": "40135", "city": "福岡市西区" }, "geometry": null },
{ "type": "Feature", "properties": { "N03_001": "福岡県", "N03_002": null, "N03_003": null, "N03_004": "福岡市", "N03_005": "西区", "N03_007": "40135", "city": "福岡市西区" }, "geometry": null },
{ "type": "Feature", "properties": { "N03_001": "福岡県", "N03_002": null, "N03_003": null, "N03_004": "福岡市", "N03_005": "西区", "N03_007": "40135", "city": "福岡市西区" }, "geometry": null },
{ "type": "Feature", "properties": { "N03_001": "福岡県", "N03_002": null, "N03_003": null, "N03_004": "福岡市", "N03_005": "西区", "N03_007": "40135", "city": "福岡市西区" }, "geometry": null },
{ "type": "Feature", "properties": { "N03_001": "福岡県", "N03_002": null, "N03_003": null, "N03_004": "福岡市", "N03_005": "西区", "N03_007": "40135", "city": "福岡市西区" }, "geometry": null },
{ "type": "Feature", "properties": { "N03_001": "福岡県", "N03_002": null, "N03_003": null, "N03_004": "福岡市", "N03_005": "西区", "N03_007": "40135", "city": "福岡市西区" }, "geometry": null },
{ "type": "Feature", "properties": { "N03_001": "福岡県", "N03_002": null, "N03_003": null, "N03_004": "福岡市", "N03_005": "西区", "N03_007": "40135", "city": "福岡市西区" }, "geometry": null },
{ "type": "Feature", "properties": { "N03_001": "福岡県", "N03_002": null, "N03_003": null, "N03_004": "福岡市", "N03_005": "西区", "N03_007": "40135", "city": "福岡市西区" }, "geometry": null },
{ "type": "Feature", "properties": { "N03_001": "福岡県", "N03_002": null, "N03_003": null, "N03_004": "福岡市", "N03_005": "西区", "N03_007": "40135", "city": "福岡市西区" }, "geometry": null },
{ "type": "Feature", "properties": { "N03_001": "福岡県", "N03_002": null, "N03_003": null, "N03_004": "福岡市", "N03_005": "西区", "N03_007": "40135", "city": "福岡市西区" }, "geometry": null },
{ "type": "Feature", "properties": { "N03_001": "福岡県", "N03_002": null, "N03_003": null, "N03_004": "福岡市", "N03_005": "西区", "N03_007": "40135", "city": "福岡市西区" }, "geometry": null },
{ "type": "Feature", "properties": { "N03_001": "福岡県", "N03_002": null, "N03_003": null, "N03_004": "福岡市", "N03_005": "西区", "N03_007": "40135", "city": "福岡市西区" }, "geometry": null },
{ "type": "Feature", "properties": { "N03_001": "福岡県", "N03_002": null, "N03_003": null, "N03_004": "福岡市", "N03_005": "西区", "N03_007": "40135", "city": "福岡市西区" }, "geometry": null },
{ "type": "Feature", "properties": { "N03_001": "福岡県", "N03_002": null, "N03_003": null, "N03_004": "福岡市", "N03_005": "西区", "N03_007": "40135", "city": "福岡市西区" }, "geometry": null },
{ "type": "Feature", "properties": { "N03_001": "福岡県", "N03_002": null, "N03_003": null, "N03_004": "福岡市", "N03_005": "西区", "N03_007": "40135", "city": "福岡市西区" }, "geometry": null },
{ "type": "Feature", "properties": { "N03_001": "福岡県", "N03_002": null, "N03_003": null, "N03_004": "福岡市", "N03_005": "西区", "N03_007": "40135", "city": "福岡市西区" }, "geometry": null },
{ "type": "Feature", "properties": { "N03_001": "福岡県", "N03_002": null, "N03_003": null, "N03_004": "福岡市", "N03_005": "西区", "N03_007": "40135", "city": "福岡市西区" }, "geometry": null },
{ "type": "Feature", "properties": { "N03_001": "福岡県", "N03_002": null, "N03_003": null, "N03_004": "福岡市", "N03_005": "西区", "N03_007": "40135", "city": "福岡市西区" }, "geometry": null },
{ "type": "Feature", "properties": { "N03_001": "福岡県", "N03_002": null, "N03_003": null, "N03_004": "福岡市", "N03_005": "西区", "N03_007": "40135", "city": "福岡市西区" }, "geometry": null },
{ "type": "Feature", "properties": { "N03_001": "福岡県", "N03_002": null, "N03_003": null, "N03_004": "福岡市", "N03_005": "西区", "N03_007": "40135", "city": "福岡市西区" }, "geometry": null },
{ "type": "Feature", "properties": { "N03_001": "福岡県", "N03_002": null, "N03_003": null, "N03_004": "福岡市", "N03_005": "西区", "N03_007": "40135", "city": "福岡市西区" }, "geometry": null },
{ "type": "Feature", "properties": { "N03_001": "福岡県", "N03_002": null, "N03_003": null, "N03_004": "福岡市", "N03_005": "西区", "N03_007": "40135", "city": "福岡市西区" }, "geometry": null },
{ "type": "Feature", "properties": { "N03_001": "福岡県", "N03_002": null, "N03_003": null, "N03_004": "福岡市", "N03_005": "西区", "N03_007": "40135", "city": "福岡市西区" }, "geometry": null },
{ "type": "Feature", "properties": { "N03_001": "福岡県", "N03_002": null, "N03_003": null, "N03_004": "福岡市", "N03_005": "西区", "N03_007": "40135", "city": "福岡市西区" }, "geometry": null },
{ "type": "Feature", "properties": { "N03_001": "福岡県", "N03_002": null, "N03_003": null, "N03_004": "福岡市", "N03_005": "西区", "N03_007": "40135", "city": "福岡市西区" }, "geometry": null },
{ "type": "Feature", "properties": { "N03_001": "福岡県", "N03_002": null, "N03_003": null, "N03_004": "福岡市", "N03_005": "西区", "N03_007": "40135", "city": "福岡市西区" }, "geometry": null },
{ "type": "Feature", "properties": { "N03_001": "福岡県", "N03_002": null, "N03_003": null, "N03_004": "福岡市", "N03_005": "西区", "N03_007": "40135", "city": "福岡市西区" }, "geometry": null },
{ "type": "Feature", "properties": { "N03_001": "福岡県", "N03_002": null, "N03_003": null, "N03_004": "福岡市", "N03_005": "西区", "N03_007": "40135", "city": "福岡市西区" }, "geometry": null },
{ "type": "Feature", "properties": { "N03_001": "福岡県", "N03_002": null, "N03_003": null, "N03_004": "福岡市", "N03_005": "西区", "N03_007": "40135", "city": "福岡市西区" }, "geometry": null },
{ "type": "Feature", "properties": { "N03_001": "福岡県", "N03_002": null, "N03_003": null, "N03_004": "福岡市", "N03_005": "西区", "N03_007": "40135", "city": "福岡市西区" }, "geometry": null },
{ "type": "Feature", "properties": { "N03_001": "福岡県", "N03_002": null, "N03_003": null, "N03_004": "福岡市", "N03_005": "西区", "N03_007": "40135", "city": "福岡市西区" }, "geometry": null },
{ "type": "Feature", "properties": { "N03_001": "福岡県", "N03_002": null, "N03_003": null, "N03_004": "福岡市", "N03_005": "西区", "N03_007": "40135", "city": "福岡市西区" }, "geometry": null },
{ "type": "Feature", "properties": { "N03_001": "福岡県", "N03_002": null, "N03_003": null, "N03_004": "福岡市", "N03_005": "西区", "N03_007": "40135", "city": "福岡市西区" }, "geometry": null },
{ "type": "Feature", "properties": { "N03_001": "福岡県", "N03_002": null, "N03_003": null, "N03_004": "福岡市", "N03_005": "西区", "N03_007": "40135", "city": "福岡市西区" }, "geometry": null },
{ "type": "Feature", "properties": { "N03_001": "福岡県", "N03_002": null, "N03_003": null, "N03_004": "福岡市", "N03_005": "西区", "N03_007": "40135", "city": "福岡市西区" }, "geometry": null },
{ "type": "Feature", "properties": { "N03_001": "福岡県", "N03_002": null, "N03_003": null, "N03_004": "福岡市", "N03_005": "西区", "N03_007": "40135", "city": "福岡市西区" }, "geometry": null },
{ "type": "Feature", "properties": { "N03_001": "福岡県", "N03_002": null, "N03_003": null, "N03_004": "福岡市", "N03_005": "西区", "N03_007": "40135", "city": "福岡市西区" }, "geometry": null },
{ "type": "Feature", "properties": { "N03_001": "福岡県", "N03_002": null, "N03_003": null, "N03_004": "福岡市", "N03_005": "西区", "N03_007": "40135", "city": "福岡市西区" }, "geometry": null },
{ "type": "Feature", "properties": { "N03_001": "福岡県", "N03_002": null, "N03_003": null, "N03_004": "福岡市", "N03_005": "西区", "N03_007": "40135", "city": "福岡市西区" }, "geometry": null },
{ "type": "Feature", "properties": { "N03_001": "福岡県", "N03_002": null, "N03_003": null, "N03_004": "福岡市", "N03_005": "西区", "N03_007": "40135", "city": "福岡市西区" }, "geometry": null },
{ "type": "Feature", "properties": { "N03_001": "福岡県", "N03_002": null, "N03_003": null, "N03_004": "福岡市", "N03_005": "西区", "N03_007": "40135", "city": "福岡市西区" }, "geometry": null },
{ "type": "Feature", "properties": { "N03_001": "福岡県", "N03_002": null, "N03_003": null, "N03_004": "福岡市", "N03_005": "西区", "N03_007": "40135", "city": "福岡市西区" }, "geometry": null },
{ "type": "Feature", "properties": { "N03_001": "福岡県", "N03_002": null, "N03_003": null, "N03_004": "福岡市", "N03_005": "西区", "N03_007": "40135", "city": "福岡市西区" }, "geometry": null },
{ "type": "Feature", "properties": { "N03_001": "福岡県", "N03_002": null, "N03_003": null, "N03_004": "福岡市", "N03_005": "西区", "N03_007": "40135", "city": "福岡市西区" }, "geometry": null },
{ "type": "Feature", "properties": { "N03_001": "福岡県", "N03_002": null, "N03_003": null, "N03_004": "福岡市", "N03_005": "西区", "N03_007": "40135", "city": "福岡市西区" }, "geometry": null },
{ "type": "Feature", "properties": { "N03_001": "福岡県", "N03_002": null, "N03_003": null, "N03_004": "福岡市", "N03_005": "西区", "N03_007": "40135", "city": "福岡市西区" }, "geometry": null },
{ "type": "Feature", "properties": { "N03_001": "福岡県", "N03_002": null, "N03_003": null, "N03_004": "福岡市", "N03_005": "西区", "N03_007": "40135", "city": "福岡市西区" }, "geometry": null },
{ "type": "Feature", "properties": { "N03_001": "福岡県", "N03_002": null, "N03_003": null, "N03_004": "福岡市", "N03_005": "西区", "N03_007": "40135", "city": "福岡市西区" }, "geometry": null },
{ "type": "Feature", "properties": { "N03_001": "福岡県", "N03_002": null, "N03_003": null, "N03_004": "福岡市", "N03_005": "西区", "N03_007": "40135", "city": "福岡市西区" }, "geometry": null },
{ "type": "Feature", "properties": { "N03_001": "福岡県", "N03_002": null, "N03_003": null, "N03_004": "福岡市", "N03_005": "西区", "N03_007": "40135", "city": "福岡市西区" }, "geometry": null },
{ "type": "Feature", "properties": { "N03_001": "福岡県", "N03_002": null, "N03_003": null, "N03_004": "福岡市", "N03_005": "西区", "N03_007": "40135", "city": "福岡市西区" }, "geometry": null },
{ "type": "Feature", "properties": { "N03_001": "福岡県", "N03_002": null, "N03_003": null, "N03_004": "福岡市", "N03_005": "西区", "N03_007": "40135", "city": "福岡市西区" }, "geometry": null },
{ "type": "Feature", "properties": { "N03_001": "福岡県", "N03_002": null, "N03_003": null, "N03_004": "福岡市", "N03_005": "西区", "N03_007": "40135", "city": "福岡市西区" }, "geometry": null },
{ "type": "Feature", "properties": { "N03_001": "福岡県", "N03_002": null, "N03_003": null, "N03_004": "福岡市", "N03_005": "西区", "N03_007": "40135", "city": "福岡市西区" }, "geometry": null },
{ "type": "Feature", "properties": { "N03_001": "福岡県", "N03_002": null, "N03_003": null, "N03_004": "福岡市", "N03_005": "西区", "N03_007": "40135", "city": "福岡市西区" }, "geometry": null },
{ "type": "Feature", "properties": { "N03_001": "福岡県", "N03_002": null, "N03_003": null, "N03_004": "福岡市", "N03_005": "西区", "N03_007": "40135", "city": "福岡市西区" }, "geometry": null },
{ "type": "Feature", "properties": { "N03_001": "福岡県", "N03_002": null, "N03_003": null, "N03_004": "福岡市", "N03_005": "西区", "N03_007": "40135", "city": "福岡市西区" }, "geometry": null },
{ "type": "Feature", "properties": { "N03_001": "福岡県", "N03_002": null, "N03_003": null, "N03_004": "福岡市", "N03_005": "西区", "N03_007": "40135", "city": "福岡市西区" }, "geometry": null },
{ "type": "Feature", "properties": { "N03_001": "福岡県", "N03_002": null, "N03_003": null, "N03_004": "福岡市", "N03_005": "西区", "N03_007": "40135", "city": "福岡市西区" }, "geometry": null },
{ "type": "Feature", "properties": { "N03_001": "福岡県", "N03_002": null, "N03_003": null, "N03_004": "福岡市", "N03_005": "西区", "N03_007": "40135", "city": "福岡市西区" }, "geometry": null },
{ "type": "Feature", "properties": { "N03_001": "福岡県", "N03_002": null, "N03_003": null, "N03_004": "福岡市", "N03_005": "西区", "N03_007": "40135", "city": "福岡市西区" }, "geometry": null },
{ "type": "Feature", "properties": { "N03_001": "福岡県", "N03_002": null, "N03_003": null, "N03_004": "福岡市", "N03_005": "西区", "N03_007": "40135", "city": "福岡市西区" }, "geometry": null },
{ "type": "Feature", "properties": { "N03_001": "福岡県", "N03_002": null, "N03_003": null, "N03_004": "福岡市", "N03_005": "西区", "N03_007": "40135", "city": "福岡市西区" }, "geometry": null },
{ "type": "Feature", "properties": { "N03_001": "福岡県", "N03_002": null, "N03_003": null, "N03_004": "福岡市", "N03_005": "西区", "N03_007": "40135", "city": "福岡市西区" }, "geometry": null },
{ "type": "Feature", "properties": { "N03_001": "福岡県", "N03_002": null, "N03_003": null, "N03_004": "福岡市", "N03_005": "西区", "N03_007": "40135", "city": "福岡市西区" }, "geometry": null },
{ "type": "Feature", "properties": { "N03_001": "福岡県", "N03_002": null, "N03_003": null, "N03_004": "福岡市", "N03_005": "西区", "N03_007": "40135", "city": "福岡市西区" }, "geometry": null },
{ "type": "Feature", "properties": { "N03_001": "福岡県", "N03_002": null, "N03_003": null, "N03_004": "福岡市", "N03_005": "西区", "N03_007": "40135", "city": "福岡市西区" }, "geometry": null },
{ "type": "Feature", "properties": { "N03_001": "福岡県", "N03_002": null, "N03_003": null, "N03_004": "福岡市", "N03_005": "西区", "N03_007": "40135", "city": "福岡市西区" }, "geometry": null },
{ "type": "Feature", "properties": { "N03_001": "福岡県", "N03_002": null, "N03_003": null, "N03_004": "福岡市", "N03_005": "西区", "N03_007": "40135", "city": "福岡市西区" }, "geometry": null },
{ "type": "Feature", "properties": { "N03_001": "福岡県", "N03_002": null, "N03_003": null, "N03_004": "福岡市", "N03_005": "西区", "N03_007": "40135", "city": "福岡市西区" }, "geometry": null },
{ "type": "Feature", "properties": { "N03_001": "福岡県", "N03_002": null, "N03_003": null, "N03_004": "福岡市", "N03_005": "西区", "N03_007": "40135", "city": "福岡市西区" }, "geometry": null },
{ "type": "Feature", "properties": { "N03_001": "福岡県", "N03_002": null, "N03_003": null, "N03_004": "福岡市", "N03_005": "西区", "N03_007": "40135", "city": "福岡市西区" }, "geometry": null },
{ "type": "Feature", "properties": { "N03_001": "福岡県", "N03_002": null, "N03_003": null, "N03_004": "福岡市", "N03_005": "西区", "N03_007": "40135", "city": "福岡市西区" }, "geometry": null },
{ "type": "Feature", "properties": { "N03_001": "福岡県", "N03_002": null, "N03_003": null, "N03_004": "福岡市", "N03_005": "西区", "N03_007": "40135", "city": "福岡市西区" }, "geometry": null },
{ "type": "Feature", "properties": { "N03_001": "福岡県", "N03_002": null, "N03_003": null, "N03_004": "福岡市", "N03_005": "西区", "N03_007": "40135", "city": "福岡市西区" }, "geometry": null },
{ "type": "Feature", "properties": { "N03_001": "福岡県", "N03_002": null, "N03_003": null, "N03_004": "福岡市", "N03_005": "西区", "N03_007": "40135", "city": "福岡市西区" }, "geometry": null },
{ "type": "Feature", "properties": { "N03_001": "福岡県", "N03_002": null, "N03_003": null, "N03_004": "福岡市", "N03_005": "西区", "N03_007": "40135", "city": "福岡市西区" }, "geometry": null },
{ "type": "Feature", "properties": { "N03_001": "福岡県", "N03_002": null, "N03_003": null, "N03_004": "福岡市", "N03_005": "西区", "N03_007": "40135", "city": "福岡市西区" }, "geometry": null },
{ "type": "Feature", "properties": { "N03_001": "福岡県", "N03_002": null, "N03_003": null, "N03_004": "福岡市", "N03_005": "西区", "N03_007": "40135", "city": "福岡市西区" }, "geometry": null },
{ "type": "Feature", "properties": { "N03_001": "福岡県", "N03_002": null, "N03_003": null, "N03_004": "福岡市", "N03_005": "西区", "N03_007": "40135", "city": "福岡市西区" }, "geometry": null },
{ "type": "Feature", "properties": { "N03_001": "福岡県", "N03_002": null, "N03_003": null, "N03_004": "福岡市", "N03_005": "西区", "N03_007": "40135", "city": "福岡市西区" }, "geometry": null },
{ "type": "Feature", "properties": { "N03_001": "福岡県", "N03_002": null, "N03_003": null, "N03_004": "福岡市", "N03_005": "西区", "N03_007": "40135", "city": "福岡市西区" }, "geometry": null },
{ "type": "Feature", "properties": { "N03_001": "福岡県", "N03_002": null, "N03_003": null, "N03_004": "福岡市", "N03_005": "西区", "N03_007": "40135", "city": "福岡市西区" }, "geometry": null },
{ "type": "Feature", "properties": { "N03_001": "福岡県", "N03_002": null, "N03_003": null, "N03_004": "福岡市", "N03_005": "西区", "N03_007": "40135", "city": "福岡市西区" }, "geometry": null },
{ "type": "Feature", "properties": { "N03_001": "福岡県", "N03_002": null, "N03_003": null, "N03_004": "福岡市", "N03_005": "西区", "N03_007": "40135", "city": "福岡市西区" }, "geometry": null },
{ "type": "Feature", "properties": { "N03_001": "福岡県", "N03_002": null, "N03_003": null, "N03_004": "福岡市", "N03_005": "西区", "N03_007": "40135", "city": "福岡市西区" }, "geometry": null },
{ "type": "Feature", "properties": { "N03_001": "福岡県", "N03_002": null, "N03_003": null, "N03_004": "福岡市", "N03_005": "西区", "N03_007": "40135", "city": "福岡市西区" }, "geometry": null },
{ "type": "Feature", "properties": { "N03_001": "福岡県", "N03_002": null, "N03_003": null, "N03_004": "福岡市", "N03_005": "西区", "N03_007": "40135", "city": "福岡市西区" }, "geometry": null },
{ "type": "Feature", "properties": { "N03_001": "福岡県", "N03_002": null, "N03_003": null, "N03_004": "福岡市", "N03_005": "西区", "N03_007": "40135", "city": "福岡市西区" }, "geometry": null },
{ "type": "Feature", "properties": { "N03_001": "福岡県", "N03_002": null, "N03_003": null, "N03_004": "福岡市", "N03_005": "西区", "N03_007": "40135", "city": "福岡市西区" }, "geometry": null },
{ "type": "Feature", "properties": { "N03_001": "福岡県", "N03_002": null, "N03_003": null, "N03_004": "福岡市", "N03_005": "西区", "N03_007": "40135", "city": "福岡市西区" }, "geometry": null },
{ "type": "Feature", "properties": { "N03_001": "福岡県", "N03_002": null, "N03_003": null, "N03_004": "福岡市", "N03_005": "西区", "N03_007": "40135", "city": "福岡市西区" }, "geometry": null },
{ "type": "Feature", "properties": { "N03_001": "福岡県", "N03_002": null, "N03_003": null, "N03_004": "福岡市", "N03_005": "西区", "N03_007": "40135", "city": "福岡市西区" }, "geometry": null },
{ "type": "Feature", "properties": { "N03_001": "福岡県", "N03_002": null, "N03_003": null, "N03_004": "福岡市", "N03_005": "西区", "N03_007": "40135", "city": "福岡市西区" }, "geometry": null },
{ "type": "Feature", "properties": { "N03_001": "福岡県", "N03_002": null, "N03_003": null, "N03_004": "福岡市", "N03_005": "西区", "N03_007": "40135", "city": "福岡市西区" }, "geometry": null },
{ "type": "Feature", "properties": { "N03_001": "福岡県", "N03_002": null, "N03_003": null, "N03_004": "福岡市", "N03_005": "西区", "N03_007": "40135", "city": "福岡市西区" }, "geometry": null },
{ "type": "Feature", "properties": { "N03_001": "福岡県", "N03_002": null, "N03_003": null, "N03_004": "福岡市", "N03_005": "西区", "N03_007": "40135", "city": "福岡市西区" }, "geometry": null },
{ "type": "Feature", "properties": { "N03_001": "福岡県", "N03_002": null, "N03_003": null, "N03_004": "福岡市", "N03_005": "西区", "N03_007": "40135", "city": "福岡市西区" }, "geometry": null },
{ "type": "Feature", "properties": { "N03_001": "福岡県", "N03_002": null, "N03_003": null, "N03_004": "福岡市", "N03_005": "西区", "N03_007": "40135", "city": "福岡市西区" }, "geometry": null },
{ "type": "Feature", "properties": { "N03_001": "福岡県", "N03_002": null, "N03_003": null, "N03_004": "福岡市", "N03_005": "西区", "N03_007": "40135", "city": "福岡市西区" }, "geometry": null },
{ "type": "Feature", "properties": { "N03_001": "福岡県", "N03_002": null, "N03_003": null, "N03_004": "福岡市", "N03_005": "西区", "N03_007": "40135", "city": "福岡市西区" }, "geometry": null },
{ "type": "Feature", "properties": { "N03_001": "福岡県", "N03_002": null, "N03_003": null, "N03_004": "福岡市", "N03_005": "西区", "N03_007": "40135", "city": "福岡市西区" }, "geometry": null },
{ "type": "Feature", "properties": { "N03_001": "福岡県", "N03_002": null, "N03_003": null, "N03_004": "福岡市", "N03_005": "西区", "N03_007": "40135", "city": "福岡市西区" }, "geometry": null },
{ "type": "Feature", "properties": { "N03_001": "福岡県", "N03_002": null, "N03_003": null, "N03_004": "福岡市", "N03_005": "西区", "N03_007": "40135", "city": "福岡市西区" }, "geometry": null },
{ "type": "Feature", "properties": { "N03_001": "福岡県", "N03_002": null, "N03_003": null, "N03_004": "福岡市", "N03_005": "西区", "N03_007": "40135", "city": "福岡市西区" }, "geometry": null },
{ "type": "Feature", "properties": { "N03_001": "福岡県", "N03_002": null, "N03_003": null, "N03_004": "福岡市", "N03_005": "西区", "N03_007": "40135", "city": "福岡市西区" }, "geometry": null },
{ "type": "Feature", "properties": { "N03_001": "福岡県", "N03_002": null, "N03_003": null, "N03_004": "福岡市", "N03_005": "西区", "N03_007": "40135", "city": "福岡市西区" }, "geometry": null },
{ "type": "Feature", "properties": { "N03_001": "福岡県", "N03_002": null, "N03_003": null, "N03_004": "福岡市", "N03_005": "西区", "N03_007": "40135", "city": "福岡市西区" }, "geometry": null },
{ "type": "Feature", "properties": { "N03_001": "福岡県", "N03_002": null, "N03_003": null, "N03_004": "福岡市", "N03_005": "西区", "N03_007": "40135", "city": "福岡市西区" }, "geometry": null },
{ "type": "Feature", "properties": { "N03_001": "福岡県", "N03_002": null, "N03_003": null, "N03_004": "福岡市", "N03_005": "西区", "N03_007": "40135", "city": "福岡市西区" }, "geometry": null },
{ "type": "Feature", "properties": { "N03_001": "福岡県", "N03_002": null, "N03_003": null, "N03_004": "福岡市", "N03_005": "西区", "N03_007": "40135", "city": "福岡市西区" }, "geometry": null },
{ "type": "Feature", "properties": { "N03_001": "福岡県", "N03_002": null, "N03_003": null, "N03_004": "福岡市", "N03_005": "西区", "N03_007": "40135", "city": "福岡市西区" }, "geometry": null },
{ "type": "Feature", "properties": { "N03_001": "福岡県", "N03_002": null, "N03_003": null, "N03_004": "福岡市", "N03_005": "西区", "N03_007": "40135", "city": "福岡市西区" }, "geometry": null },
{ "type": "Feature", "properties": { "N03_001": "福岡県", "N03_002": null, "N03_003": null, "N03_004": "福岡市", "N03_005": "西区", "N03_007": "40135", "city": "福岡市西区" }, "geometry": null },
{ "type": "Feature", "properties": { "N03_001": "福岡県", "N03_002": null, "N03_003": null, "N03_004": "福岡市", "N03_005": "西区", "N03_007": "40135", "city": "福岡市西区" }, "geometry": null },
{ "type": "Feature", "properties": { "N03_001": "福岡県", "N03_002": null, "N03_003": null, "N03_004": "福岡市", "N03_005": "西区", "N03_007": "40135", "city": "福岡市西区" }, "geometry": null },
{ "type": "Feature", "properties": { "N03_001": "福岡県", "N03_002": null, "N03_003": null, "N03_004": "福岡市", "N03_005": "西区", "N03_007": "40135", "city": "福岡市西区" }, "geometry": null },
{ "type": "Feature", "properties": { "N03_001": "福岡県", "N03_002": null, "N03_003": null, "N03_004": "福岡市", "N03_005": "西区", "N03_007": "40135", "city": "福岡市西区" }, "geometry": null },
{ "type": "Feature", "properties": { "N03_001": "福岡県", "N03_002": null, "N03_003": null, "N03_004": "福岡市", "N03_005": "西区", "N03_007": "40135", "city": "福岡市西区" }, "geometry": null },
{ "type": "Feature", "properties": { "N03_001": "福岡県", "N03_002": null, "N03_003": null, "N03_004": "福岡市", "N03_005": "西区", "N03_007": "40135", "city": "福岡市西区" }, "geometry": null },
{ "type": "Feature", "properties": { "N03_001": "福岡県", "N03_002": null, "N03_003": null, "N03_004": "福岡市", "N03_005": "西区", "N03_007": "40135", "city": "福岡市西区" }, "geometry": null },
{ "type": "Feature", "properties": { "N03_001": "福岡県", "N03_002": null, "N03_003": null, "N03_004": "福岡市", "N03_005": "西区", "N03_007": "40135", "city": "福岡市西区" }, "geometry": null },
{ "type": "Feature", "properties": { "N03_001": "福岡県", "N03_002": null, "N03_003": null, "N03_004": "福岡市", "N03_005": "西区", "N03_007": "40135", "city": "福岡市西区" }, "geometry": null },
{ "type": "Feature", "properties": { "N03_001": "福岡県", "N03_002": null, "N03_003": null, "N03_004": "福岡市", "N03_005": "西区", "N03_007": "40135", "city": "福岡市西区" }, "geometry": null },
{ "type": "Feature", "properties": { "N03_001": "福岡県", "N03_002": null, "N03_003": null, "N03_004": "福岡市", "N03_005": "西区", "N03_007": "40135", "city": "福岡市西区" }, "geometry": null },
{ "type": "Feature", "properties": { "N03_001": "福岡県", "N03_002": null, "N03_003": null, "N03_004": "福岡市", "N03_005": "西区", "N03_007": "40135", "city": "福岡市西区" }, "geometry": null },
{ "type": "Feature", "properties": { "N03_001": "福岡県", "N03_002": null, "N03_003": null, "N03_004": "福岡市", "N03_005": "西区", "N03_007": "40135", "city": "福岡市西区" }, "geometry": null },
{ "type": "Feature", "properties": { "N03_001": "福岡県", "N03_002": null, "N03_003": null, "N03_004": "福岡市", "N03_005": "西区", "N03_007": "40135", "city": "福岡市西区" }, "geometry": null },
{ "type": "Feature", "properties": { "N03_001": "福岡県", "N03_002": null, "N03_003": null, "N03_004": "福岡市", "N03_005": "西区", "N03_007": "40135", "city": "福岡市西区" }, "geometry": null },
{ "type": "Feature", "properties": { "N03_001": "福岡県", "N03_002": null, "N03_003": null, "N03_004": "福岡市", "N03_005": "西区", "N03_007": "40135", "city": "福岡市西区" }, "geometry": null },
{ "type": "Feature", "properties": { "N03_001": "福岡県", "N03_002": null, "N03_003": null, "N03_004": "福岡市", "N03_005": "西区", "N03_007": "40135", "city": "福岡市西区" }, "geometry": null },
{ "type": "Feature", "properties": { "N03_001": "福岡県", "N03_002": null, "N03_003": null, "N03_004": "福岡市", "N03_005": "西区", "N03_007": "40135", "city": "福岡市西区" }, "geometry": null },
{ "type": "Feature", "properties": { "N03_001": "福岡県", "N03_002": null, "N03_003": null, "N03_004": "福岡市", "N03_005": "西区", "N03_007": "40135", "city": "福岡市西区" }, "geometry": null },
{ "type": "Feature", "properties": { "N03_001": "福岡県", "N03_002": null, "N03_003": null, "N03_004": "福岡市", "N03_005": "西区", "N03_007": "40135", "city": "福岡市西区" }, "geometry": null },
{ "type": "Feature", "properties": { "N03_001": "福岡県", "N03_002": null, "N03_003": null, "N03_004": "福岡市", "N03_005": "西区", "N03_007": "40135", "city": "福岡市西区" }, "geometry": null },
{ "type": "Feature", "properties": { "N03_001": "福岡県", "N03_002": null, "N03_003": null, "N03_004": "福岡市", "N03_005": "西区", "N03_007": "40135", "city": "福岡市西区" }, "geometry": null },
{ "type": "Feature", "properties": { "N03_001": "福岡県", "N03_002": null, "N03_003": null, "N03_004": "福岡市", "N03_005": "西区", "N03_007": "40135", "city": "福岡市西区" }, "geometry": null },
{ "type": "Feature", "properties": { "N03_001": "福岡県", "N03_002": null, "N03_003": null, "N03_004": "福岡市", "N03_005": "西区", "N03_007": "40135", "city": "福岡市西区" }, "geometry": null },
{ "type": "Feature", "properties": { "N03_001": "福岡県", "N03_002": null, "N03_003": null, "N03_004": "福岡市", "N03_005": "西区", "N03_007": "40135", "city": "福岡市西区" }, "geometry": null },
{ "type": "Feature", "properties": { "N03_001": "福岡県", "N03_002": null, "N03_003": null, "N03_004": "福岡市", "N03_005": "西区", "N03_007": "40135", "city": "福岡市西区" }, "geometry": null },
{ "type": "Feature", "properties": { "N03_001": "福岡県", "N03_002": null, "N03_003": null, "N03_004": "福岡市", "N03_005": "西区", "N03_007": "40135", "city": "福岡市西区" }, "geometry": null },
{ "type": "Feature", "properties": { "N03_001": "福岡県", "N03_002": null, "N03_003": null, "N03_004": "福岡市", "N03_005": "西区", "N03_007": "40135", "city": "福岡市西区" }, "geometry": null },
{ "type": "Feature", "properties": { "N03_001": "福岡県", "N03_002": null, "N03_003": null, "N03_004": "福岡市", "N03_005": "西区", "N03_007": "40135", "city": "福岡市西区" }, "geometry": null },
{ "type": "Feature", "properties": { "N03_001": "福岡県", "N03_002": null, "N03_003": null, "N03_004": "福岡市", "N03_005": "西区", "N03_007": "40135", "city": "福岡市西区" }, "geometry": null },
{ "type": "Feature", "properties": { "N03_001": "福岡県", "N03_002": null, "N03_003": null, "N03_004": "福岡市", "N03_005": "西区", "N03_007": "40135", "city": "福岡市西区" }, "geometry": null },
{ "type": "Feature", "properties": { "N03_001": "福岡県", "N03_002": null, "N03_003": null, "N03_004": "福岡市", "N03_005": "西区", "N03_007": "40135", "city": "福岡市西区" }, "geometry": null },
{ "type": "Feature", "properties": { "N03_001": "福岡県", "N03_002": null, "N03_003": null, "N03_004": "福岡市", "N03_005": "西区", "N03_007": "40135", "city": "福岡市西区" }, "geometry": null },
{ "type": "Feature", "properties": { "N03_001": "福岡県", "N03_002": null, "N03_003": null, "N03_004": "福岡市", "N03_005": "西区", "N03_007": "40135", "city": "福岡市西区" }, "geometry": null },
{ "type": "Feature", "properties": { "N03_001": "福岡県", "N03_002": null, "N03_003": null, "N03_004": "福岡市", "N03_005": "西区", "N03_007": "40135", "city": "福岡市西区" }, "geometry": null },
{ "type": "Feature", "properties": { "N03_001": "福岡県", "N03_002": null, "N03_003": null, "N03_004": "福岡市", "N03_005": "西区", "N03_007": "40135", "city": "福岡市西区" }, "geometry": null },
{ "type": "Feature", "properties": { "N03_001": "福岡県", "N03_002": null, "N03_003": null, "N03_004": "福岡市", "N03_005": "西区", "N03_007": "40135", "city": "福岡市西区" }, "geometry": null },
{ "type": "Feature", "properties": { "N03_001": "福岡県", "N03_002": null, "N03_003": null, "N03_004": "福岡市", "N03_005": "西区", "N03_007": "40135", "city": "福岡市西区" }, "geometry": null },
{ "type": "Feature", "properties": { "N03_001": "福岡県", "N03_002": null, "N03_003": null, "N03_004": "福岡市", "N03_005": "西区", "N03_007": "40135", "city": "福岡市西区" }, "geometry": null },
{ "type": "Feature", "properties": { "N03_001": "福岡県", "N03_002": null, "N03_003": null, "N03_004": "福岡市", "N03_005": "西区", "N03_007": "40135", "city": "福岡市西区" }, "geometry": null },
{ "type": "Feature", "properties": { "N03_001": "福岡県", "N03_002": null, "N03_003": null, "N03_004": "福岡市", "N03_005": "西区", "N03_007": "40135", "city": "福岡市西区" }, "geometry": null },
{ "type": "Feature", "properties": { "N03_001": "福岡県", "N03_002": null, "N03_003": null, "N03_004": "福岡市", "N03_005": "西区", "N03_007": "40135", "city": "福岡市西区" }, "geometry": null },
{ "type": "Feature", "properties": { "N03_001": "福岡県", "N03_002": null, "N03_003": null, "N03_004": "福岡市", "N03_005": "西区", "N03_007": "40135", "city": "福岡市西区" }, "geometry": null },
{ "type": "Feature", "properties": { "N03_001": "福岡県", "N03_002": null, "N03_003": null, "N03_004": "福岡市", "N03_005": "西区", "N03_007": "40135", "city": "福岡市西区" }, "geometry": null },
{ "type": "Feature", "properties": { "N03_001": "福岡県", "N03_002": null, "N03_003": null, "N03_004": "福岡市", "N03_005": "西区", "N03_007": "40135", "city": "福岡市西区" }, "geometry": null },
{ "type": "Feature", "properties": { "N03_001": "福岡県", "N03_002": null, "N03_003": null, "N03_004": "福岡市", "N03_005": "西区", "N03_007": "40135", "city": "福岡市西区" }, "geometry": null },
{ "type": "Feature", "properties": { "N03_001": "福岡県", "N03_002": null, "N03_003": null, "N03_004": "福岡市", "N03_005": "西区", "N03_007": "40135", "city": "福岡市西区" }, "geometry": null },
{ "type": "Feature", "properties": { "N03_001": "福岡県", "N03_002": null, "N03_003": null, "N03_004": "福岡市", "N03_005": "西区", "N03_007": "40135", "city": "福岡市西区" }, "geometry": null },
{ "type": "Feature", "properties": { "N03_001": "福岡県", "N03_002": null, "N03_003": null, "N03_004": "福岡市", "N03_005": "西区", "N03_007": "40135", "city": "福岡市西区" }, "geometry": null },
{ "type": "Feature", "properties": { "N03_001": "福岡県", "N03_002": null, "N03_003": null, "N03_004": "福岡市", "N03_005": "西区", "N03_007": "40135", "city": "福岡市西区" }, "geometry": null },
{ "type": "Feature", "properties": { "N03_001": "福岡県", "N03_002": null, "N03_003": null, "N03_004": "福岡市", "N03_005": "西区", "N03_007": "40135", "city": "福岡市西区" }, "geometry": null },
{ "type": "Feature", "properties": { "N03_001": "福岡県", "N03_002": null, "N03_003": null, "N03_004": "福岡市", "N03_005": "西区", "N03_007": "40135", "city": "福岡市西区" }, "geometry": null },
{ "type": "Feature", "properties": { "N03_001": "福岡県", "N03_002": null, "N03_003": null, "N03_004": "福岡市", "N03_005": "西区", "N03_007": "40135", "city": "福岡市西区" }, "geometry": null },
{ "type": "Feature", "properties": { "N03_001": "福岡県", "N03_002": null, "N03_003": null, "N03_004": "福岡市", "N03_005": "西区", "N03_007": "40135", "city": "福岡市西区" }, "geometry": null },
{ "type": "Feature", "properties": { "N03_001": "福岡県", "N03_002": null, "N03_003": null, "N03_004": "福岡市", "N03_005": "西区", "N03_007": "40135", "city": "福岡市西区" }, "geometry": null },
{ "type": "Feature", "properties": { "N03_001": "福岡県", "N03_002": null, "N03_003": null, "N03_004": "福岡市", "N03_005": "西区", "N03_007": "40135", "city": "福岡市西区" }, "geometry": null },
{ "type": "Feature", "properties": { "N03_001": "福岡県", "N03_002": null, "N03_003": null, "N03_004": "福岡市", "N03_005": "西区", "N03_007": "40135", "city": "福岡市西区" }, "geometry": null },
{ "type": "Feature", "properties": { "N03_001": "福岡県", "N03_002": null, "N03_003": null, "N03_004": "福岡市", "N03_005": "西区", "N03_007": "40135", "city": "福岡市西区" }, "geometry": null },
{ "type": "Feature", "properties": { "N03_001": "福岡県", "N03_002": null, "N03_003": null, "N03_004": "福岡市", "N03_005": "西区", "N03_007": "40135", "city": "福岡市西区" }, "geometry": null },
{ "type": "Feature", "properties": { "N03_001": "福岡県", "N03_002": null, "N03_003": null, "N03_004": "福岡市", "N03_005": "西区", "N03_007": "40135", "city": "福岡市西区" }, "geometry": null },
{ "type": "Feature", "properties": { "N03_001": "福岡県", "N03_002": null, "N03_003": null, "N03_004": "福岡市", "N03_005": "西区", "N03_007": "40135", "city": "福岡市西区" }, "geometry": null },
{ "type": "Feature", "properties": { "N03_001": "福岡県", "N03_002": null, "N03_003": null, "N03_004": "福岡市", "N03_005": "西区", "N03_007": "40135", "city": "福岡市西区" }, "geometry": null },
{ "type": "Feature", "properties": { "N03_001": "福岡県", "N03_002": null, "N03_003": null, "N03_004": "福岡市", "N03_005": "西区", "N03_007": "40135", "city": "福岡市西区" }, "geometry": null },
{ "type": "Feature", "properties": { "N03_001": "福岡県", "N03_002": null, "N03_003": null, "N03_004": "福岡市", "N03_005": "西区", "N03_007": "40135", "city": "福岡市西区" }, "geometry": null },
{ "type": "Feature", "properties": { "N03_001": "福岡県", "N03_002": null, "N03_003": null, "N03_004": "福岡市", "N03_005": "西区", "N03_007": "40135", "city": "福岡市西区" }, "geometry": null },
{ "type": "Feature", "properties": { "N03_001": "福岡県", "N03_002": null, "N03_003": null, "N03_004": "福岡市", "N03_005": "西区", "N03_007": "40135", "city": "福岡市西区" }, "geometry": null },
{ "type": "Feature", "properties": { "N03_001": "福岡県", "N03_002": null, "N03_003": null, "N03_004": "福岡市", "N03_005": "西区", "N03_007": "40135", "city": "福岡市西区" }, "geometry": null },
{ "type": "Feature", "properties": { "N03_001": "福岡県", "N03_002": null, "N03_003": null, "N03_004": "福岡市", "N03_005": "西区", "N03_007": "40135", "city": "福岡市西区" }, "geometry": null },
{ "type": "Feature", "properties": { "N03_001": "福岡県", "N03_002": null, "N03_003": null, "N03_004": "福岡市", "N03_005": "西区", "N03_007": "40135", "city": "福岡市西区" }, "geometry": null },
{ "type": "Feature", "properties": { "N03_001": "福岡県", "N03_002": null, "N03_003": null, "N03_004": "福岡市", "N03_005": "西区", "N03_007": "40135", "city": "福岡市西区" }, "geometry": null },
{ "type": "Feature", "properties": { "N03_001": "福岡県", "N03_002": null, "N03_003": null, "N03_004": "福岡市", "N03_005": "西区", "N03_007": "40135", "city": "福岡市西区" }, "geometry": null },
{ "type": "Feature", "properties": { "N03_001": "福岡県", "N03_002": null, "N03_003": null, "N03_004": "福岡市", "N03_005": "西区", "N03_007": "40135", "city": "福岡市西区" }, "geometry": null },
{ "type": "Feature", "properties": { "N03_001": "福岡県", "N03_002": null, "N03_003": null, "N03_004": "福岡市", "N03_005": "西区", "N03_007": "40135", "city": "福岡市西区" }, "geometry": null },
{ "type": "Feature", "properties": { "N03_001": "福岡県", "N03_002": null, "N03_003": null, "N03_004": "福岡市", "N03_005": "西区", "N03_007": "40135", "city": "福岡市西区" }, "geometry": null },
{ "type": "Feature", "properties": { "N03_001": "福岡県", "N03_002": null, "N03_003": null, "N03_004": "福岡市", "N03_005": "西区", "N03_007": "40135", "city": "福岡市西区" }, "geometry": null },
{ "type": "Feature", "properties": { "N03_001": "福岡県", "N03_002": null, "N03_003": null, "N03_004": "福岡市", "N03_005": "西区", "N03_007": "40135", "city": "福岡市西区" }, "geometry": null },
{ "type": "Feature", "properties": { "N03_001": "福岡県", "N03_002": null, "N03_003": null, "N03_004": "福岡市", "N03_005": "西区", "N03_007": "40135", "city": "福岡市西区" }, "geometry": null },
{ "type": "Feature", "properties": { "N03_001": "福岡県", "N03_002": null, "N03_003": null, "N03_004": "福岡市", "N03_005": "西区", "N03_007": "40135", "city": "福岡市西区" }, "geometry": null },
{ "type": "Feature", "properties": { "N03_001": "福岡県", "N03_002": null, "N03_003": null, "N03_004": "福岡市", "N03_005": "西区", "N03_007": "40135", "city": "福岡市西区" }, "geometry": null },
{ "type": "Feature", "properties": { "N03_001": "福岡県", "N03_002": null, "N03_003": null, "N03_004": "福岡市", "N03_005": "西区", "N03_007": "40135", "city": "福岡市西区" }, "geometry": null },
{ "type": "Feature", "properties": { "N03_001": "福岡県", "N03_002": null, "N03_003": null, "N03_004": "福岡市", "N03_005": "西区", "N03_007": "40135", "city": "福岡市西区" }, "geometry": null },
{ "type": "Feature", "properties": { "N03_001": "福岡県", "N03_002": null, "N03_003": null, "N03_004": "福岡市", "N03_005": "西区", "N03_007": "40135", "city": "福岡市西区" }, "geometry": null },
{ "type": "Feature", "properties": { "N03_001": "福岡県", "N03_002": null, "N03_003": null, "N03_004": "福岡市", "N03_005": "西区", "N03_007": "40135", "city": "福岡市西区" }, "geometry": null },
{ "type": "Feature", "properties": { "N03_001": "福岡県", "N03_002": null, "N03_003": null, "N03_004": "福岡市", "N03_005": "西区", "N03_007": "40135", "city": "福岡市西区" }, "geometry": null },
{ "type": "Feature", "properties": { "N03_001": "福岡県", "N03_002": null, "N03_003": null, "N03_004": "福岡市", "N03_005": "西区", "N03_007": "40135", "city": "福岡市西区" }, "geometry": null },
{ "type": "Feature", "properties": { "N03_001": "福岡県", "N03_002": null, "N03_003": null, "N03_004": "福岡市", "N03_005": "西区", "N03_007": "40135", "city": "福岡市西区" }, "geometry": null },
{ "type": "Feature", "properties": { "N03_001": "福岡県", "N03_002": null, "N03_003": null, "N03_004": "福岡市", "N03_005": "西区", "N03_007": "40135", "city": "福岡市西区" }, "geometry": null },
{ "type": "Feature", "properties": { "N03_001": "福岡県", "N03_002": null, "N03_003": null, "N03_004": "福岡市", "N03_005": "西区", "N03_007": "40135", "city": "福岡市西区" }, "geometry": null },
{ "type": "Feature", "properties": { "N03_001": "福岡県", "N03_002": null, "N03_003": null, "N03_004": "福岡市", "N03_005": "西区", "N03_007": "40135", "city": "福岡市西区" }, "geometry": null },
{ "type": "Feature", "properties": { "N03_001": "福岡県", "N03_002": null, "N03_003": null, "N03_004": "福岡市", "N03_005": "西区", "N03_007": "40135", "city": "福岡市西区" }, "geometry": null },
{ "type": "Feature", "properties": { "N03_001": "福岡県", "N03_002": null, "N03_003": null, "N03_004": "福岡市", "N03_005": "西区", "N03_007": "40135", "city": "福岡市西区" }, "geometry": null },
{ "type": "Feature", "properties": { "N03_001": "福岡県", "N03_002": null, "N03_003": null, "N03_004": "福岡市", "N03_005": "西区", "N03_007": "40135", "city": "福岡市西区" }, "geometry": null },
{ "type": "Feature", "properties": { "N03_001": "福岡県", "N03_002": null, "N03_003": null, "N03_004": "福岡市", "N03_005": "西区", "N03_007": "40135", "city": "福岡市西区" }, "geometry": null },
{ "type": "Feature", "properties": { "N03_001": "福岡県", "N03_002": null, "N03_003": null, "N03_004": "福岡市", "N03_005": "西区", "N03_007": "40135", "city": "福岡市西区" }, "geometry": null },
{ "type": "Feature", "properties": { "N03_001": "福岡県", "N03_002": null, "N03_003": null, "N03_004": "福岡市", "N03_005": "西区", "N03_007": "40135", "city": "福岡市西区" }, "geometry": null },
{ "type": "Feature", "properties": { "N03_001": "福岡県", "N03_002": null, "N03_003": null, "N03_004": "福岡市", "N03_005": "西区", "N03_007": "40135", "city": "福岡市西区" }, "geometry": null },
{ "type": "Feature", "properties": { "N03_001": "福岡県", "N03_002": null, "N03_003": null, "N03_004": "福岡市", "N03_005": "西区", "N03_007": "40135", "city": "福岡市西区" }, "geometry": null },
{ "type": "Feature", "properties": { "N03_001": "福岡県", "N03_002": null, "N03_003": null, "N03_004": "福岡市", "N03_005": "西区", "N03_007": "40135", "city": "福岡市西区" }, "geometry": null },
{ "type": "Feature", "properties": { "N03_001": "福岡県", "N03_002": null, "N03_003": null, "N03_004": "福岡市", "N03_005": "西区", "N03_007": "40135", "city": "福岡市西区" }, "geometry": null },
{ "type": "Feature", "properties": { "N03_001": "福岡県", "N03_002": null, "N03_003": null, "N03_004": "福岡市", "N03_005": "西区", "N03_007": "40135", "city": "福岡市西区" }, "geometry": null },
{ "type": "Feature", "properties": { "N03_001": "福岡県", "N03_002": null, "N03_003": null, "N03_004": "福岡市", "N03_005": "西区", "N03_007": "40135", "city": "福岡市西区" }, "geometry": null },
{ "type": "Feature", "properties": { "N03_001": "福岡県", "N03_002": null, "N03_003": null, "N03_004": "福岡市", "N03_005": "西区", "N03_007": "40135", "city": "福岡市西区" }, "geometry": null },
{ "type": "Feature", "properties": { "N03_001": "福岡県", "N03_002": null, "N03_003": null, "N03_004": "福岡市", "N03_005": "西区", "N03_007": "40135", "city": "福岡市西区" }, "geometry": null },
{ "type": "Feature", "properties": { "N03_001": "福岡県", "N03_002": null, "N03_003": null, "N03_004": "福岡市", "N03_005": "西区", "N03_007": "40135", "city": "福岡市西区" }, "geometry": null },
{ "type": "Feature", "properties": { "N03_001": "福岡県", "N03_002": null, "N03_003": null, "N03_004": "福岡市", "N03_005": "西区", "N03_007": "40135", "city": "福岡市西区" }, "geometry": null },
{ "type": "Feature", "properties": { "N03_001": "福岡県", "N03_002": null, "N03_003": null, "N03_004": "福岡市", "N03_005": "西区", "N03_007": "40135", "city": "福岡市西区" }, "geometry": null },
{ "type": "Feature", "properties": { "N03_001": "福岡県", "N03_002": null, "N03_003": null, "N03_004": "福岡市", "N03_005": "西区", "N03_007": "40135", "city": "福岡市西区" }, "geometry": null },
{ "type": "Feature", "properties": { "N03_001": "福岡県", "N03_002": null, "N03_003": null, "N03_004": "福岡市", "N03_005": "西区", "N03_007": "40135", "city": "福岡市西区" }, "geometry": null },
{ "type": "Feature", "properties": { "N03_001": "福岡県", "N03_002": null, "N03_003": null, "N03_004": "福岡市", "N03_005": "西区", "N03_007": "40135", "city": "福岡市西区" }, "geometry": null },
{ "type": "Feature", "properties": { "N03_001": "福岡県", "N03_002": null, "N03_003": null, "N03_004": "福岡市", "N03_005": "西区", "N03_007": "40135", "city": "福岡市西区" }, "geometry": null },
{ "type": "Feature", "properties": { "N03_001": "福岡県", "N03_002": null, "N03_003": null, "N03_004": "福岡市", "N03_005": "西区", "N03_007": "40135", "city": "福岡市西区" }, "geometry": null },
{ "type": "Feature", "properties": { "N03_001": "福岡県", "N03_002": null, "N03_003": null, "N03_004": "福岡市", "N03_005": "西区", "N03_007": "40135", "city": "福岡市西区" }, "geometry": null },
{ "type": "Feature", "properties": { "N03_001": "福岡県", "N03_002": null, "N03_003": null, "N03_004": "福岡市", "N03_005": "西区", "N03_007": "40135", "city": "福岡市西区" }, "geometry": null },
{ "type": "Feature", "properties": { "N03_001": "福岡県", "N03_002": null, "N03_003": null, "N03_004": "福岡市", "N03_005": "西区", "N03_007": "40135", "city": "福岡市西区" }, "geometry": null },
{ "type": "Feature", "properties": { "N03_001": "福岡県", "N03_002": null, "N03_003": null, "N03_004": "福岡市", "N03_005": "西区", "N03_007": "40135", "city": "福岡市西区" }, "geometry": null },
{ "type": "Feature", "properties": { "N03_001": "福岡県", "N03_002": null, "N03_003": null, "N03_004": "福岡市", "N03_005": "西区", "N03_007": "40135", "city": "福岡市西区" }, "geometry": null },
{ "type": "Feature", "properties": { "N03_001": "福岡県", "N03_002": null, "N03_003": null, "N03_004": "福岡市", "N03_005": "西区", "N03_007": "40135", "city": "福岡市西区" }, "geometry": null },
{ "type": "Feature", "properties": { "N03_001": "福岡県", "N03_002": null, "N03_003": null, "N03_004": "福岡市", "N03_005": "西区", "N03_007": "40135", "city": "福岡市西区" }, "geometry": null },
{ "type": "Feature", "properties": { "N03_001": "福岡県", "N03_002": null, "N03_003": null, "N03_004": "福岡市", "N03_005": "西区", "N03_007": "40135", "city": "福岡市西区" }, "geometry": null },
{ "type": "Feature", "properties": { "N03_001": "福岡県", "N03_002": null, "N03_003": null, "N03_004": "福岡市", "N03_005": "西区", "N03_007": "40135", "city": "福岡市西区" }, "geometry": null },
{ "type": "Feature", "properties": { "N03_001": "福岡県", "N03_002": null, "N03_003": null, "N03_004": "福岡市", "N03_005": "西区", "N03_007": "40135", "city": "福岡市西区" }, "geometry": null },
{ "type": "Feature", "properties": { "N03_001": "福岡県", "N03_002": null, "N03_003": null, "N03_004": "福岡市", "N03_005": "西区", "N03_007": "40135", "city": "福岡市西区" }, "geometry": null },
{ "type": "Feature", "properties": { "N03_001": "福岡県", "N03_002": null, "N03_003": null, "N03_004": "福岡市", "N03_005": "西区", "N03_007": "40135", "city": "福岡市西区" }, "geometry": null },
{ "type": "Feature", "properties": { "N03_001": "福岡県", "N03_002": null, "N03_003": null, "N03_004": "福岡市", "N03_005": "西区", "N03_007": "40135", "city": "福岡市西区" }, "geometry": null },
{ "type": "Feature", "properties": { "N03_001": "福岡県", "N03_002": null, "N03_003": null, "N03_004": "福岡市", "N03_005": "西区", "N03_007": "40135", "city": "福岡市西区" }, "geometry": null },
{ "type": "Feature", "properties": { "N03_001": "福岡県", "N03_002": null, "N03_003": null, "N03_004": "福岡市", "N03_005": "西区", "N03_007": "40135", "city": "福岡市西区" }, "geometry": null },
{ "type": "Feature", "properties": { "N03_001": "福岡県", "N03_002": null, "N03_003": null, "N03_004": "福岡市", "N03_005": "西区", "N03_007": "40135", "city": "福岡市西区" }, "geometry": null },
{ "type": "Feature", "properties": { "N03_001": "福岡県", "N03_002": null, "N03_003": null, "N03_004": "福岡市", "N03_005": "西区", "N03_007": "40135", "city": "福岡市西区" }, "geometry": null },
{ "type": "Feature", "properties": { "N03_001": "福岡県", "N03_002": null, "N03_003": null, "N03_004": "福岡市", "N03_005": "西区", "N03_007": "40135", "city": "福岡市西区" }, "geometry": null },
{ "type": "Feature", "properties": { "N03_001": "福岡県", "N03_002": null, "N03_003": null, "N03_004": "福岡市", "N03_005": "西区", "N03_007": "40135", "city": "福岡市西区" }, "geometry": null },
{ "type": "Feature", "properties": { "N03_001": "福岡県", "N03_002": null, "N03_003": null, "N03_004": "福岡市", "N03_005": "西区", "N03_007": "40135", "city": "福岡市西区" }, "geometry": null },
{ "type": "Feature", "properties": { "N03_001": "福岡県", "N03_002": null, "N03_003": null, "N03_004": "福岡市", "N03_005": "西区", "N03_007": "40135", "city": "福岡市西区" }, "geometry": null },
{ "type": "Feature", "properties": { "N03_001": "福岡県", "N03_002": null, "N03_003": null, "N03_004": "福岡市", "N03_005": "西区", "N03_007": "40135", "city": "福岡市西区" }, "geometry": null },
{ "type": "Feature", "properties": { "N03_001": "福岡県", "N03_002": null, "N03_003": null, "N03_004": "福岡市", "N03_005": "西区", "N03_007": "40135", "city": "福岡市西区" }, "geometry": null },
{ "type": "Feature", "properties": { "N03_001": "福岡県", "N03_002": null, "N03_003": null, "N03_004": "福岡市", "N03_005": "西区", "N03_007": "40135", "city": "福岡市西区" }, "geometry": null },
{ "type": "Feature", "properties": { "N03_001": "福岡県", "N03_002": null, "N03_003": null, "N03_004": "福岡市", "N03_005": "西区", "N03_007": "40135", "city": "福岡市西区" }, "geometry": null },
{ "type": "Feature", "properties": { "N03_001": "福岡県", "N03_002": null, "N03_003": null, "N03_004": "福岡市", "N03_005": "西区", "N03_007": "40135", "city": "福岡市西区" }, "geometry": null },
{ "type": "Feature", "properties": { "N03_001": "福岡県", "N03_002": null, "N03_003": null, "N03_004": "福岡市", "N03_005": "西区", "N03_007": "40135", "city": "福岡市西区" }, "geometry": null },
{ "type": "Feature", "properties": { "N03_001": "福岡県", "N03_002": null, "N03_003": null, "N03_004": "福岡市", "N03_005": "西区", "N03_007": "40135", "city": "福岡市西区" }, "geometry": null },
{ "type": "Feature", "properties": { "N03_001": "福岡県", "N03_002": null, "N03_003": null, "N03_004": "福岡市", "N03_005": "西区", "N03_007": "40135", "city": "福岡市西区" }, "geometry": null },
{ "type": "Feature", "properties": { "N03_001": "福岡県", "N03_002": null, "N03_003": null, "N03_004": "福岡市", "N03_005": "西区", "N03_007": "40135", "city": "福岡市西区" }, "geometry": null },
{ "type": "Feature", "properties": { "N03_001": "福岡県", "N03_002": null, "N03_003": null, "N03_004": "福岡市", "N03_005": "西区", "N03_007": "40135", "city": "福岡市西区" }, "geometry": null },
{ "type": "Feature", "properties": { "N03_001": "福岡県", "N03_002": null, "N03_003": null, "N03_004": "福岡市", "N03_005": "西区", "N03_007": "40135", "city": "福岡市西区" }, "geometry": null },
{ "type": "Feature", "properties": { "N03_001": "福岡県", "N03_002": null, "N03_003": null, "N03_004": "福岡市", "N03_005": "西区", "N03_007": "40135", "city": "福岡市西区" }, "geometry": null },
{ "type": "Feature", "properties": { "N03_001": "福岡県", "N03_002": null, "N03_003": null, "N03_004": "福岡市", "N03_005": "西区", "N03_007": "40135", "city": "福岡市西区" }, "geometry": null },
{ "type": "Feature", "properties": { "N03_001": "福岡県", "N03_002": null, "N03_003": null, "N03_004": "福岡市", "N03_005": "西区", "N03_007": "40135", "city": "福岡市西区" }, "geometry": null },
{ "type": "Feature", "properties": { "N03_001": "福岡県", "N03_002": null, "N03_003": null, "N03_004": "福岡市", "N03_005": "西区", "N03_007": "40135", "city": "福岡市西区" }, "geometry": null },
{ "type": "Feature", "properties": { "N03_001": "福岡県", "N03_002": null, "N03_003": null, "N03_004": "福岡市", "N03_005": "西区", "N03_007": "40135", "city": "福岡市西区" }, "geometry": null },
{ "type": "Feature", "properties": { "N03_001": "福岡県", "N03_002": null, "N03_003": null, "N03_004": "福岡市", "N03_005": "西区", "N03_007": "40135", "city": "福岡市西区" }, "geometry": null },
{ "type": "Feature", "properties": { "N03_001": "福岡県", "N03_002": null, "N03_003": null, "N03_004": "福岡市", "N03_005": "西区", "N03_007": "40135", "city": "福岡市西区" }, "geometry": null },
{ "type": "Feature", "properties": { "N03_001": "福岡県", "N03_002": null, "N03_003": null, "N03_004": "福岡市", "N03_005": "西区", "N03_007": "40135", "city": "福岡市西区" }, "geometry": null },
{ "type": "Feature", "properties": { "N03_001": "福岡県", "N03_002": null, "N03_003": null, "N03_004": "福岡市", "N03_005": "西区", "N03_007": "40135", "city": "福岡市西区" }, "geometry": null },
{ "type": "Feature", "properties": { "N03_001": "福岡県", "N03_002": null, "N03_003": null, "N03_004": "福岡市", "N03_005": "西区", "N03_007": "40135", "city": "福岡市西区" }, "geometry": null },
{ "type": "Feature", "properties": { "N03_001": "福岡県", "N03_002": null, "N03_003": null, "N03_004": "福岡市", "N03_005": "西区", "N03_007": "40135", "city": "福岡市西区" }, "geometry": null },
{ "type": "Feature", "properties": { "N03_001": "福岡県", "N03_002": null, "N03_003": null, "N03_004": "福岡市", "N03_005": "西区", "N03_007": "40135", "city": "福岡市西区" }, "geometry": null },
{ "type": "Feature", "properties": { "N03_001": "福岡県", "N03_002": null, "N03_003": null, "N03_004": "福岡市", "N03_005": "西区", "N03_007": "40135", "city": "福岡市西区" }, "geometry": null },
{ "type": "Feature", "properties": { "N03_001": "福岡県", "N03_002": null, "N03_003": null, "N03_004": "福岡市", "N03_005": "西区", "N03_007": "40135", "city": "福岡市西区" }, "geometry": null },
{ "type": "Feature", "properties": { "N03_001": "福岡県", "N03_002": null, "N03_003": null, "N03_004": "福岡市", "N03_005": "西区", "N03_007": "40135", "city": "福岡市西区" }, "geometry": null },
{ "type": "Feature", "properties": { "N03_001": "福岡県", "N03_002": null, "N03_003": null, "N03_004": "福岡市", "N03_005": "西区", "N03_007": "40135", "city": "福岡市西区" }, "geometry": null },
{ "type": "Feature", "properties": { "N03_001": "福岡県", "N03_002": null, "N03_003": null, "N03_004": "福岡市", "N03_005": "西区", "N03_007": "40135", "city": "福岡市西区" }, "geometry": null },
{ "type": "Feature", "properties": { "N03_001": "福岡県", "N03_002": null, "N03_003": null, "N03_004": "福岡市", "N03_005": "西区", "N03_007": "40135", "city": "福岡市西区" }, "geometry": null },
{ "type": "Feature", "properties": { "N03_001": "福岡県", "N03_002": null, "N03_003": null, "N03_004": "福岡市", "N03_005": "西区", "N03_007": "40135", "city": "福岡市西区" }, "geometry": null },
{ "type": "Feature", "properties": { "N03_001": "福岡県", "N03_002": null, "N03_003": null, "N03_004": "福岡市", "N03_005": "西区", "N03_007": "40135", "city": "福岡市西区" }, "geometry": null },
{ "type": "Feature", "properties": { "N03_001": "福岡県", "N03_002": null, "N03_003": null, "N03_004": "福岡市", "N03_005": "西区", "N03_007": "40135", "city": "福岡市西区" }, "geometry": null },
{ "type": "Feature", "properties": { "N03_001": "福岡県", "N03_002": null, "N03_003": null, "N03_004": "福岡市", "N03_005": "西区", "N03_007": "40135", "city": "福岡市西区" }, "geometry": null },
{ "type": "Feature", "properties": { "N03_001": "福岡県", "N03_002": null, "N03_003": null, "N03_004": "福岡市", "N03_005": "西区", "N03_007": "40135", "city": "福岡市西区" }, "geometry": null },
{ "type": "Feature", "properties": { "N03_001": "福岡県", "N03_002": null, "N03_003": null, "N03_004": "福岡市", "N03_005": "西区", "N03_007": "40135", "city": "福岡市西区" }, "geometry": null },
{ "type": "Feature", "properties": { "N03_001": "福岡県", "N03_002": null, "N03_003": null, "N03_004": "福岡市", "N03_005": "西区", "N03_007": "40135", "city": "福岡市西区" }, "geometry": null },
{ "type": "Feature", "properties": { "N03_001": "福岡県", "N03_002": null, "N03_003": null, "N03_004": "福岡市", "N03_005": "西区", "N03_007": "40135", "city": "福岡市西区" }, "geometry": null },
{ "type": "Feature", "properties": { "N03_001": "福岡県", "N03_002": null, "N03_003": null, "N03_004": "福岡市", "N03_005": "西区", "N03_007": "40135", "city": "福岡市西区" }, "geometry": null },
{ "type": "Feature", "properties": { "N03_001": "福岡県", "N03_002": null, "N03_003": null, "N03_004": "福岡市", "N03_005": "西区", "N03_007": "40135", "city": "福岡市西区" }, "geometry": null },
{ "type": "Feature", "properties": { "N03_001": "福岡県", "N03_002": null, "N03_003": null, "N03_004": "福岡市", "N03_005": "西区", "N03_007": "40135", "city": "福岡市西区" }, "geometry": null },
{ "type": "Feature", "properties": { "N03_001": "福岡県", "N03_002": null, "N03_003": null, "N03_004": "福岡市", "N03_005": "西区", "N03_007": "40135", "city": "福岡市西区" }, "geometry": null },
{ "type": "Feature", "properties": { "N03_001": "福岡県", "N03_002": null, "N03_003": null, "N03_004": "福岡市", "N03_005": "西区", "N03_007": "40135", "city": "福岡市西区" }, "geometry": null },
{ "type": "Feature", "properties": { "N03_001": "福岡県", "N03_002": null, "N03_003": null, "N03_004": "福岡市", "N03_005": "西区", "N03_007": "40135", "city": "福岡市西区" }, "geometry": null },
{ "type": "Feature", "properties": { "N03_001": "福岡県", "N03_002": null, "N03_003": null, "N03_004": "福岡市", "N03_005": "西区", "N03_007": "40135", "city": "福岡市西区" }, "geometry": null },
{ "type": "Feature", "properties": { "N03_001": "福岡県", "N03_002": null, "N03_003": null, "N03_004": "福岡市", "N03_005": "西区", "N03_007": "40135", "city": "福岡市西区" }, "geometry": null },
{ "type": "Feature", "properties": { "N03_001": "福岡県", "N03_002": null, "N03_003": null, "N03_004": "福岡市", "N03_005": "西区", "N03_007": "40135", "city": "福岡市西区" }, "geometry": null },
{ "type": "Feature", "properties": { "N03_001": "福岡県", "N03_002": null, "N03_003": null, "N03_004": "福岡市", "N03_005": "西区", "N03_007": "40135", "city": "福岡市西区" }, "geometry": null },
{ "type": "Feature", "properties": { "N03_001": "福岡県", "N03_002": null, "N03_003": null, "N03_004": "福岡市", "N03_005": "西区", "N03_007": "40135", "city": "福岡市西区" }, "geometry": null },
{ "type": "Feature", "properties": { "N03_001": "福岡県", "N03_002": null, "N03_003": null, "N03_004": "福岡市", "N03_005": "西区", "N03_007": "40135", "city": "福岡市西区" }, "geometry": null },
{ "type": "Feature", "properties": { "N03_001": "福岡県", "N03_002": null, "N03_003": null, "N03_004": "福岡市", "N03_005": "西区", "N03_007": "40135", "city": "福岡市西区" }, "geometry": null },
{ "type": "Feature", "properties": { "N03_001": "福岡県", "N03_002": null, "N03_003": null, "N03_004": "福岡市", "N03_005": "西区", "N03_007": "40135", "city": "福岡市西区" }, "geometry": null },
{ "type": "Feature", "properties": { "N03_001": "福岡県", "N03_002": null, "N03_003": null, "N03_004": "福岡市", "N03_005": "西区", "N03_007": "40135", "city": "福岡市西区" }, "geometry": null },
{ "type": "Feature", "properties": { "N03_001": "福岡県", "N03_002": null, "N03_003": null, "N03_004": "福岡市", "N03_005": "西区", "N03_007": "40135", "city": "福岡市西区" }, "geometry": null },
{ "type": "Feature", "properties": { "N03_001": "福岡県", "N03_002": null, "N03_003": null, "N03_004": "福岡市", "N03_005": "西区", "N03_007": "40135", "city": "福岡市西区" }, "geometry": null },
{ "type": "Feature", "properties": { "N03_001": "福岡県", "N03_002": null, "N03_003": null, "N03_004": "福岡市", "N03_005": "西区", "N03_007": "40135", "city": "福岡市西区" }, "geometry": null },
{ "type": "Feature", "properties": { "N03_001": "福岡県", "N03_002": null, "N03_003": null, "N03_004": "福岡市", "N03_005": "西区", "N03_007": "40135", "city": "福岡市西区" }, "geometry": null },
{ "type": "Feature", "properties": { "N03_001": "福岡県", "N03_002": null, "N03_003": null, "N03_004": "福岡市", "N03_005": "西区", "N03_007": "40135", "city": "福岡市西区" }, "geometry": null },
{ "type": "Feature", "properties": { "N03_001": "福岡県", "N03_002": null, "N03_003": null, "N03_004": "福岡市", "N03_005": "西区", "N03_007": "40135", "city": "福岡市西区" }, "geometry": null },
{ "type": "Feature", "properties": { "N03_001": "福岡県", "N03_002": null, "N03_003": null, "N03_004": "福岡市", "N03_005": "西区", "N03_007": "40135", "city": "福岡市西区" }, "geometry": null },
{ "type": "Feature", "properties": { "N03_001": "福岡県", "N03_002": null, "N03_003": null, "N03_004": "福岡市", "N03_005": "西区", "N03_007": "40135", "city": "福岡市西区" }, "geometry": null },
{ "type": "Feature", "properties": { "N03_001": "福岡県", "N03_002": null, "N03_003": null, "N03_004": "福岡市", "N03_005": "西区", "N03_007": "40135", "city": "福岡市西区" }, "geometry": null },
{ "type": "Feature", "properties": { "N03_001": "福岡県", "N03_002": null, "N03_003": null, "N03_004": "福岡市", "N03_005": "西区", "N03_007": "40135", "city": "福岡市西区" }, "geometry": null },
{ "type": "Feature", "properties": { "N03_001": "福岡県", "N03_002": null, "N03_003": null, "N03_004": "福岡市", "N03_005": "西区", "N03_007": "40135", "city": "福岡市西区" }, "geometry": null },
{ "type": "Feature", "properties": { "N03_001": "福岡県", "N03_002": null, "N03_003": null, "N03_004": "福岡市", "N03_005": "西区", "N03_007": "40135", "city": "福岡市西区" }, "geometry": null },
{ "type": "Feature", "properties": { "N03_001": "福岡県", "N03_002": null, "N03_003": null, "N03_004": "福岡市", "N03_005": "西区", "N03_007": "40135", "city": "福岡市西区" }, "geometry": null },
{ "type": "Feature", "properties": { "N03_001": "福岡県", "N03_002": null, "N03_003": null, "N03_004": "福岡市", "N03_005": "西区", "N03_007": "40135", "city": "福岡市西区" }, "geometry": null },
{ "type": "Feature", "properties": { "N03_001": "福岡県", "N03_002": null, "N03_003": null, "N03_004": "福岡市", "N03_005": "西区", "N03_007": "40135", "city": "福岡市西区" }, "geometry": null },
{ "type": "Feature", "properties": { "N03_001": "福岡県", "N03_002": null, "N03_003": null, "N03_004": "福岡市", "N03_005": "西区", "N03_007": "40135", "city": "福岡市西区" }, "geometry": null },
{ "type": "Feature", "properties": { "N03_001": "福岡県", "N03_002": null, "N03_003": null, "N03_004": "福岡市", "N03_005": "西区", "N03_007": "40135", "city": "福岡市西区" }, "geometry": null },
{ "type": "Feature", "properties": { "N03_001": "福岡県", "N03_002": null, "N03_003": null, "N03_004": "福岡市", "N03_005": "西区", "N03_007": "40135", "city": "福岡市西区" }, "geometry": null },
{ "type": "Feature", "properties": { "N03_001": "福岡県", "N03_002": null, "N03_003": null, "N03_004": "福岡市", "N03_005": "西区", "N03_007": "40135", "city": "福岡市西区" }, "geometry": null },
{ "type": "Feature", "properties": { "N03_001": "福岡県", "N03_002": null, "N03_003": null, "N03_004": "福岡市", "N03_005": "西区", "N03_007": "40135", "city": "福岡市西区" }, "geometry": null },
{ "type": "Feature", "properties": { "N03_001": "福岡県", "N03_002": null, "N03_003": null, "N03_004": "福岡市", "N03_005": "西区", "N03_007": "40135", "city": "福岡市西区" }, "geometry": null },
{ "type": "Feature", "properties": { "N03_001": "福岡県", "N03_002": null, "N03_003": null, "N03_004": "福岡市", "N03_005": "西区", "N03_007": "40135", "city": "福岡市西区" }, "geometry": null },
{ "type": "Feature", "properties": { "N03_001": "福岡県", "N03_002": null, "N03_003": null, "N03_004": "福岡市", "N03_005": "西区", "N03_007": "40135", "city": "福岡市西区" }, "geometry": null },
{ "type": "Feature", "properties": { "N03_001": "福岡県", "N03_002": null, "N03_003": null, "N03_004": "福岡市", "N03_005": "西区", "N03_007": "40135", "city": "福岡市西区" }, "geometry": null },
{ "type": "Feature", "properties": { "N03_001": "福岡県", "N03_002": null, "N03_003": null, "N03_004": "福岡市", "N03_005": "西区", "N03_007": "40135", "city": "福岡市西区" }, "geometry": null },
{ "type": "Feature", "properties": { "N03_001": "福岡県", "N03_002": null, "N03_003": null, "N03_004": "福岡市", "N03_005": "西区", "N03_007": "40135", "city": "福岡市西区" }, "geometry": null },
{ "type": "Feature", "properties": { "N03_001": "福岡県", "N03_002": null, "N03_003": null, "N03_004": "福岡市", "N03_005": "西区", "N03_007": "40135", "city": "福岡市西区" }, "geometry": null },
{ "type": "Feature", "properties": { "N03_001": "福岡県", "N03_002": null, "N03_003": null, "N03_004": "福岡市", "N03_005": "西区", "N03_007": "40135", "city": "福岡市西区" }, "geometry": null },
{ "type": "Feature", "properties": { "N03_001": "福岡県", "N03_002": null, "N03_003": null, "N03_004": "福岡市", "N03_005": "西区", "N03_007": "40135", "city": "福岡市西区" }, "geometry": null },
{ "type": "Feature", "properties": { "N03_001": "福岡県", "N03_002": null, "N03_003": null, "N03_004": "福岡市", "N03_005": "西区", "N03_007": "40135", "city": "福岡市西区" }, "geometry": null },
{ "type": "Feature", "properties": { "N03_001": "福岡県", "N03_002": null, "N03_003": null, "N03_004": "福岡市", "N03_005": "西区", "N03_007": "40135", "city": "福岡市西区" }, "geometry": null },
{ "type": "Feature", "properties": { "N03_001": "福岡県", "N03_002": null, "N03_003": null, "N03_004": "福岡市", "N03_005": "西区", "N03_007": "40135", "city": "福岡市西区" }, "geometry": null },
{ "type": "Feature", "properties": { "N03_001": "福岡県", "N03_002": null, "N03_003": null, "N03_004": "福岡市", "N03_005": "西区", "N03_007": "40135", "city": "福岡市西区" }, "geometry": null },
{ "type": "Feature", "properties": { "N03_001": "福岡県", "N03_002": null, "N03_003": null, "N03_004": "福岡市", "N03_005": "西区", "N03_007": "40135", "city": "福岡市西区" }, "geometry": null },
{ "type": "Feature", "properties": { "N03_001": "福岡県", "N03_002": null, "N03_003": null, "N03_004": "福岡市", "N03_005": "西区", "N03_007": "40135", "city": "福岡市西区" }, "geometry": null },
{ "type": "Feature", "properties": { "N03_001": "福岡県", "N03_002": null, "N03_003": null, "N03_004": "福岡市", "N03_005": "西区", "N03_007": "40135", "city": "福岡市西区" }, "geometry": null },
{ "type": "Feature", "properties": { "N03_001": "福岡県", "N03_002": null, "N03_003": null, "N03_004": "福岡市", "N03_005": "西区", "N03_007": "40135", "city": "福岡市西区" }, "geometry": null },
{ "type": "Feature", "properties": { "N03_001": "福岡県", "N03_002": null, "N03_003": null, "N03_004": "福岡市", "N03_005": "西区", "N03_007": "40135", "city": "福岡市西区" }, "geometry": null },
{ "type": "Feature", "properties": { "N03_001": "福岡県", "N03_002": null, "N03_003": null, "N03_004": "福岡市", "N03_005": "西区", "N03_007": "40135", "city": "福岡市西区" }, "geometry": null },
{ "type": "Feature", "properties": { "N03_001": "福岡県", "N03_002": null, "N03_003": null, "N03_004": "福岡市", "N03_005": "西区", "N03_007": "40135", "city": "福岡市西区" }, "geometry": null },
{ "type": "Feature", "properties": { "N03_001": "福岡県", "N03_002": null, "N03_003": null, "N03_004": "福岡市", "N03_005": "西区", "N03_007": "40135", "city": "福岡市西区" }, "geometry": null },
{ "type": "Feature", "properties": { "N03_001": "福岡県", "N03_002": null, "N03_003": null, "N03_004": "福岡市", "N03_005": "西区", "N03_007": "40135", "city": "福岡市西区" }, "geometry": null },
{ "type": "Feature", "properties": { "N03_001": "福岡県", "N03_002": null, "N03_003": null, "N03_004": "福岡市", "N03_005": "西区", "N03_007": "40135", "city": "福岡市西区" }, "geometry": null },
{ "type": "Feature", "properties": { "N03_001": "福岡県", "N03_002": null, "N03_003": null, "N03_004": "福岡市", "N03_005": "西区", "N03_007": "40135", "city": "福岡市西区" }, "geometry": null },
{ "type": "Feature", "properties": { "N03_001": "福岡県", "N03_002": null, "N03_003": null, "N03_004": "福岡市", "N03_005": "西区", "N03_007": "40135", "city": "福岡市西区" }, "geometry": null },
{ "type": "Feature", "properties": { "N03_001": "福岡県", "N03_002": null, "N03_003": null, "N03_004": "福岡市", "N03_005": "西区", "N03_007": "40135", "city": "福岡市西区" }, "geometry": null },
{ "type": "Feature", "properties": { "N03_001": "福岡県", "N03_002": null, "N03_003": null, "N03_004": "福岡市", "N03_005": "西区", "N03_007": "40135", "city": "福岡市西区" }, "geometry": null },
{ "type": "Feature", "properties": { "N03_001": "福岡県", "N03_002": null, "N03_003": null, "N03_004": "福岡市", "N03_005": "西区", "N03_007": "40135", "city": "福岡市西区" }, "geometry": null },
{ "type": "Feature", "properties": { "N03_001": "福岡県", "N03_002": null, "N03_003": null, "N03_004": "福岡市", "N03_005": "西区", "N03_007": "40135", "city": "福岡市西区" }, "geometry": null },
{ "type": "Feature", "properties": { "N03_001": "福岡県", "N03_002": null, "N03_003": null, "N03_004": "福岡市", "N03_005": "西区", "N03_007": "40135", "city": "福岡市西区" }, "geometry": null },
{ "type": "Feature", "properties": { "N03_001": "福岡県", "N03_002": null, "N03_003": null, "N03_004": "福岡市", "N03_005": "西区", "N03_007": "40135", "city": "福岡市西区" }, "geometry": null },
{ "type": "Feature", "properties": { "N03_001": "福岡県", "N03_002": null, "N03_003": null, "N03_004": "福岡市", "N03_005": "西区", "N03_007": "40135", "city": "福岡市西区" }, "geometry": null },
{ "type": "Feature", "properties": { "N03_001": "福岡県", "N03_002": null, "N03_003": null, "N03_004": "福岡市", "N03_005": "西区", "N03_007": "40135", "city": "福岡市西区" }, "geometry": null },
{ "type": "Feature", "properties": { "N03_001": "福岡県", "N03_002": null, "N03_003": null, "N03_004": "福岡市", "N03_005": "西区", "N03_007": "40135", "city": "福岡市西区" }, "geometry": null },
{ "type": "Feature", "properties": { "N03_001": "福岡県", "N03_002": null, "N03_003": null, "N03_004": "福岡市", "N03_005": "西区", "N03_007": "40135", "city": "福岡市西区" }, "geometry": null },
{ "type": "Feature", "properties": { "N03_001": "福岡県", "N03_002": null, "N03_003": null, "N03_004": "福岡市", "N03_005": "西区", "N03_007": "40135", "city": "福岡市西区" }, "geometry": null },
{ "type": "Feature", "properties": { "N03_001": "福岡県", "N03_002": null, "N03_003": null, "N03_004": "福岡市", "N03_005": "西区", "N03_007": "40135", "city": "福岡市西区" }, "geometry": null },
{ "type": "Feature", "properties": { "N03_001": "福岡県", "N03_002": null, "N03_003": null, "N03_004": "福岡市", "N03_005": "西区", "N03_007": "40135", "city": "福岡市西区" }, "geometry": null },
{ "type": "Feature", "properties": { "N03_001": "福岡県", "N03_002": null, "N03_003": null, "N03_004": "福岡市", "N03_005": "西区", "N03_007": "40135", "city": "福岡市西区" }, "geometry": null },
{ "type": "Feature", "properties": { "N03_001": "福岡県", "N03_002": null, "N03_003": null, "N03_004": "福岡市", "N03_005": "西区", "N03_007": "40135", "city": "福岡市西区" }, "geometry": null },
{ "type": "Feature", "properties": { "N03_001": "福岡県", "N03_002": null, "N03_003": null, "N03_004": "福岡市", "N03_005": "西区", "N03_007": "40135", "city": "福岡市西区" }, "geometry": null },
{ "type": "Feature", "properties": { "N03_001": "福岡県", "N03_002": null, "N03_003": null, "N03_004": "福岡市", "N03_005": "西区", "N03_007": "40135", "city": "福岡市西区" }, "geometry": null },
{ "type": "Feature", "properties": { "N03_001": "福岡県", "N03_002": null, "N03_003": null, "N03_004": "福岡市", "N03_005": "西区", "N03_007": "40135", "city": "福岡市西区" }, "geometry": null },
{ "type": "Feature", "properties": { "N03_001": "福岡県", "N03_002": null, "N03_003": null, "N03_004": "福岡市", "N03_005": "西区", "N03_007": "40135", "city": "福岡市西区" }, "geometry": null },
{ "type": "Feature", "properties": { "N03_001": "福岡県", "N03_002": null, "N03_003": null, "N03_004": "福岡市", "N03_005": "西区", "N03_007": "40135", "city": "福岡市西区" }, "geometry": null },
{ "type": "Feature", "properties": { "N03_001": "福岡県", "N03_002": null, "N03_003": null, "N03_004": "福岡市", "N03_005": "西区", "N03_007": "40135", "city": "福岡市西区" }, "geometry": null },
{ "type": "Feature", "properties": { "N03_001": "福岡県", "N03_002": null, "N03_003": null, "N03_004": "福岡市", "N03_005": "西区", "N03_007": "40135", "city": "福岡市西区" }, "geometry": null },
{ "type": "Feature", "properties": { "N03_001": "福岡県", "N03_002": null, "N03_003": null, "N03_004": "福岡市", "N03_005": "西区", "N03_007": "40135", "city": "福岡市西区" }, "geometry": null },
{ "type": "Feature", "properties": { "N03_001": "福岡県", "N03_002": null, "N03_003": null, "N03_004": "福岡市", "N03_005": "西区", "N03_007": "40135", "city": "福岡市西区" }, "geometry": null },
{ "type": "Feature", "properties": { "N03_001": "福岡県", "N03_002": null, "N03_003": null, "N03_004": "福岡市", "N03_005": "西区", "N03_007": "40135", "city": "福岡市西区" }, "geometry": null },
{ "type": "Feature", "properties": { "N03_001": "福岡県", "N03_002": null, "N03_003": null, "N03_004": "福岡市", "N03_005": "西区", "N03_007": "40135", "city": "福岡市西区" }, "geometry": null },
{ "type": "Feature", "properties": { "N03_001": "福岡県", "N03_002": null, "N03_003": null, "N03_004": "福岡市", "N03_005": "西区", "N03_007": "40135", "city": "福岡市西区" }, "geometry": null },
{ "type": "Feature", "properties": { "N03_001": "福岡県", "N03_002": null, "N03_003": null, "N03_004": "福岡市", "N03_005": "西区", "N03_007": "40135", "city": "福岡市西区" }, "geometry": null },
{ "type": "Feature", "properties": { "N03_001": "福岡県", "N03_002": null, "N03_003": null, "N03_004": "福岡市", "N03_005": "西区", "N03_007": "40135", "city": "福岡市西区" }, "geometry": null },
{ "type": "Feature", "properties": { "N03_001": "福岡県", "N03_002": null, "N03_003": null, "N03_004": "福岡市", "N03_005": "西区", "N03_007": "40135", "city": "福岡市西区" }, "geometry": null },
{ "type": "Feature", "properties": { "N03_001": "福岡県", "N03_002": null, "N03_003": null, "N03_004": "福岡市", "N03_005": "西区", "N03_007": "40135", "city": "福岡市西区" }, "geometry": null },
{ "type": "Feature", "properties": { "N03_001": "福岡県", "N03_002": null, "N03_003": null, "N03_004": "福岡市", "N03_005": "西区", "N03_007": "40135", "city": "福岡市西区" }, "geometry": null },
{ "type": "Feature", "properties": { "N03_001": "福岡県", "N03_002": null, "N03_003": null, "N03_004": "福岡市", "N03_005": "西区", "N03_007": "40135", "city": "福岡市西区" }, "geometry": null },
{ "type": "Feature", "properties": { "N03_001": "福岡県", "N03_002": null, "N03_003": null, "N03_004": "福岡市", "N03_005": "西区", "N03_007": "40135", "city": "福岡市西区" }, "geometry": null },
{ "type": "Feature", "properties": { "N03_001": "福岡県", "N03_002": null, "N03_003": null, "N03_004": "福岡市", "N03_005": "西区", "N03_007": "40135", "city": "福岡市西区" }, "geometry": null },
{ "type": "Feature", "properties": { "N03_001": "福岡県", "N03_002": null, "N03_003": null, "N03_004": "福岡市", "N03_005": "西区", "N03_007": "40135", "city": "福岡市西区" }, "geometry": null },
{ "type": "Feature", "properties": { "N03_001": "福岡県", "N03_002": null, "N03_003": null, "N03_004": "福岡市", "N03_005": "西区", "N03_007": "40135", "city": "福岡市西区" }, "geometry": null },
{ "type": "Feature", "properties": { "N03_001": "福岡県", "N03_002": null, "N03_003": null, "N03_004": "福岡市", "N03_005": "西区", "N03_007": "40135", "city": "福岡市西区" }, "geometry": null },
{ "type": "Feature", "properties": { "N03_001": "福岡県", "N03_002": null, "N03_003": null, "N03_004": "福岡市", "N03_005": "西区", "N03_007": "40135", "city": "福岡市西区" }, "geometry": null },
{ "type": "Feature", "properties": { "N03_001": "福岡県", "N03_002": null, "N03_003": null, "N03_004": "福岡市", "N03_005": "西区", "N03_007": "40135", "city": "福岡市西区" }, "geometry": null },
{ "type": "Feature", "properties": { "N03_001": "福岡県", "N03_002": null, "N03_003": null, "N03_004": "福岡市", "N03_005": "西区", "N03_007": "40135", "city": "福岡市西区" }, "geometry": null },
{ "type": "Feature", "properties": { "N03_001": "福岡県", "N03_002": null, "N03_003": null, "N03_004": "福岡市", "N03_005": "西区", "N03_007": "40135", "city": "福岡市西区" }, "geometry": null },
{ "type": "Feature", "properties": { "N03_001": "福岡県", "N03_002": null, "N03_003": null, "N03_004": "福岡市", "N03_005": "西区", "N03_007": "40135", "city": "福岡市西区" }, "geometry": null },
{ "type": "Feature", "properties": { "N03_001": "福岡県", "N03_002": null, "N03_003": null, "N03_004": "福岡市", "N03_005": "西区", "N03_007": "40135", "city": "福岡市西区" }, "geometry": null },
{ "type": "Feature", "properties": { "N03_001": "福岡県", "N03_002": null, "N03_003": null, "N03_004": "福岡市", "N03_005": "西区", "N03_007": "40135", "city": "福岡市西区" }, "geometry": null },
{ "type": "Feature", "properties": { "N03_001": "福岡県", "N03_002": null, "N03_003": null, "N03_004": "福岡市", "N03_005": "西区", "N03_007": "40135", "city": "福岡市西区" }, "geometry": null },
{ "type": "Feature", "properties": { "N03_001": "福岡県", "N03_002": null, "N03_003": null, "N03_004": "福岡市", "N03_005": "西区", "N03_007": "40135", "city": "福岡市西区" }, "geometry": null },
{ "type": "Feature", "properties": { "N03_001": "福岡県", "N03_002": null, "N03_003": null, "N03_004": "福岡市", "N03_005": "西区", "N03_007": "40135", "city": "福岡市西区" }, "geometry": null },
{ "type": "Feature", "properties": { "N03_001": "福岡県", "N03_002": null, "N03_003": null, "N03_004": "福岡市", "N03_005": "西区", "N03_007": "40135", "city": "福岡市西区" }, "geometry": null },
{ "type": "Feature", "properties": { "N03_001": "福岡県", "N03_002": null, "N03_003": null, "N03_004": "福岡市", "N03_005": "西区", "N03_007": "40135", "city": "福岡市西区" }, "geometry": null },
{ "type": "Feature", "properties": { "N03_001": "福岡県", "N03_002": null, "N03_003": null, "N03_004": "福岡市", "N03_005": "西区", "N03_007": "40135", "city": "福岡市西区" }, "geometry": null },
{ "type": "Feature", "properties": { "N03_001": "福岡県", "N03_002": null, "N03_003": null, "N03_004": "福岡市", "N03_005": "西区", "N03_007": "40135", "city": "福岡市西区" }, "geometry": null },
{ "type": "Feature", "properties": { "N03_001": "福岡県", "N03_002": null, "N03_003": null, "N03_004": "福岡市", "N03_005": "西区", "N03_007": "40135", "city": "福岡市西区" }, "geometry": null },
{ "type": "Feature", "properties": { "N03_001": "福岡県", "N03_002": null, "N03_003": null, "N03_004": "福岡市", "N03_005": "西区", "N03_007": "40135", "city": "福岡市西区" }, "geometry": null },
{ "type": "Feature", "properties": { "N03_001": "福岡県", "N03_002": null, "N03_003": null, "N03_004": "福岡市", "N03_005": "城南区", "N03_007": "40136", "city": "福岡市城南区" }, "geometry": { "type": "Polygon", "coordinates": [ [ [ 130.365354163, 33.517688892 ], [ 130.368402503, 33.516569162 ], [ 130.375262502999988, 33.515745 ], [ 130.375830558, 33.519321667 ], [ 130.37714083, 33.521907495 ], [ 130.38311499400001, 33.526759721 ], [ 130.385201946, 33.531158333 ], [ 130.384721115, 33.535012225 ], [ 130.388056549999988, 33.540305532 ], [ 130.391357497, 33.539142775 ], [ 130.389346667000012, 33.544561108 ], [ 130.390444994, 33.546473054 ], [ 130.388669442, 33.550741108 ], [ 130.387508054, 33.555339441 ], [ 130.387840272, 33.559836946 ], [ 130.385960558, 33.560937225000011 ], [ 130.38196917, 33.561143333 ], [ 130.379832776, 33.562543054 ], [ 130.376681115, 33.562458333 ], [ 130.375816939, 33.564755279 ], [ 130.376172503, 33.57149805400001 ], [ 130.375444449000014, 33.574814441 ], [ 130.373142503, 33.579012225 ], [ 130.370050271999986, 33.580958613 ], [ 130.36539166, 33.58164 ], [ 130.36262917, 33.575229721 ], [ 130.35846, 33.575006667 ], [ 130.354660272, 33.564357775 ], [ 130.35672166, 33.564405829 ], [ 130.356396394, 33.560800829 ], [ 130.355150830000014, 33.557179162 ], [ 130.351089441999989, 33.555753333 ], [ 130.348132502999988, 33.549027495 ], [ 130.349658054, 33.547684441 ], [ 130.34847917, 33.545767495 ], [ 130.350068612, 33.543583892 ], [ 130.35371111500001, 33.542700829 ], [ 130.356196109, 33.543095279 ], [ 130.356905551000011, 33.539610829 ], [ 130.359536109, 33.537251667 ], [ 130.360019728, 33.534315279 ], [ 130.364443333, 33.532379721 ], [ 130.363564163, 33.529021667 ], [ 130.364120558, 33.525178333 ], [ 130.366532503, 33.522751946 ], [ 130.366645551, 33.519583613 ], [ 130.365354163, 33.517688892 ] ] ] } },
{ "type": "Feature", "properties": { "N03_001": "福岡県", "N03_002": null, "N03_003": null, "N03_004": "福岡市", "N03_005": "早良区", "N03_007": "40137", "city": "福岡市早良区" }, "geometry": { "type": "Polygon", "coordinates": [ [ [ 130.396163605999988, 33.427405559 ], [ 130.397514163000011, 33.430051667 ], [ 130.395925551, 33.43191666700001 ], [ 130.397775551, 33.432802225 ], [ 130.396227224, 33.434623892 ], [ 130.396026109, 33.440298333 ], [ 130.403106109, 33.437081108 ], [ 130.404381388, 33.440604162 ], [ 130.40236499400001, 33.443164721 ], [ 130.400018327, 33.442959721 ], [ 130.398869728, 33.445279721 ], [ 130.399354721, 33.448790828999989 ], [ 130.39652, 33.450521108 ], [ 130.39340639400001, 33.451310279 ], [ 130.387963606, 33.454797225 ], [ 130.386068054, 33.458657495 ], [ 130.386883606, 33.460813613 ], [ 130.385812218000012, 33.462101108 ], [ 130.388018054000014, 33.466461946 ], [ 130.383034721, 33.475238613 ], [ 130.382376666999988, 33.47920249500001 ], [ 130.381268054, 33.480381387 ], [ 130.381853891, 33.484010829 ], [ 130.381417782, 33.487120279 ], [ 130.378378612, 33.497492775 ], [ 130.375873891, 33.500428892 ], [ 130.373478612000014, 33.501964441 ], [ 130.371232776, 33.504775 ], [ 130.367662218, 33.508098054 ], [ 130.367352503, 33.509693613 ], [ 130.364657497, 33.512019441 ], [ 130.365939728, 33.513542495 ], [ 130.365354163, 33.517688892 ], [ 130.366645551, 33.519583613 ], [ 130.366532503, 33.522751946 ], [ 130.364120558, 33.525178333 ], [ 130.363564163, 33.529021667 ], [ 130.364443333, 33.532379721 ], [ 130.360019728, 33.534315279 ], [ 130.359536109, 33.537251667 ], [ 130.356905551000011, 33.539610829 ], [ 130.356196109, 33.543095279 ], [ 130.35371111500001, 33.542700829 ], [ 130.350068612, 33.543583892 ], [ 130.34847917, 33.545767495 ], [ 130.349658054, 33.547684441 ], [ 130.348132502999988, 33.549027495 ], [ 130.351089441999989, 33.555753333 ], [ 130.355150830000014, 33.557179162 ], [ 130.356396394, 33.560800829 ], [ 130.35672166, 33.564405829 ], [ 130.354660272, 33.564357775 ], [ 130.35846, 33.575006667 ], [ 130.36262917, 33.575229721 ], [ 130.36539166, 33.58164 ], [ 130.360979728, 33.588325559 ], [ 130.356494838, 33.59662036 ], [ 130.352890777999988, 33.595147667 ], [ 130.346848443999988, 33.594951107999989 ], [ 130.34315834, 33.595738856 ], [ 130.34347917, 33.587954162 ], [ 130.338953333, 33.58161 ], [ 130.334179442, 33.579029721 ], [ 130.330573891, 33.577830279 ], [ 130.327897224, 33.575566387 ], [ 130.326671388, 33.571509162 ], [ 130.326613891, 33.567038892 ], [ 130.324837782, 33.552799162 ], [ 130.323453605999987, 33.547897775 ], [ 130.324076667000014, 33.539541946 ], [ 130.322438612000013, 33.536850279 ], [ 130.321986939, 33.53013416200001 ], [ 130.322671115, 33.527116946 ], [ 130.321988885, 33.523659441 ], [ 130.323002218, 33.51852 ], [ 130.31818610900001, 33.515183613 ], [ 130.315150272000011, 33.515378333 ], [ 130.312822218, 33.511533892 ], [ 130.31339917, 33.507081946 ], [ 130.31035917, 33.50693 ], [ 130.308054163, 33.505524162 ], [ 130.30480917, 33.505925 ], [ 130.299294449, 33.505044721 ], [ 130.294646938999989, 33.507035279 ], [ 130.293639727999988, 33.508300829 ], [ 130.293086109, 33.512437225 ], [ 130.291798612, 33.513006108 ], [ 130.290443333000013, 33.512331667 ], [ 130.289136667, 33.509071667 ], [ 130.287386938999987, 33.51117 ], [ 130.284281388000011, 33.512349721 ], [ 130.285607223999989, 33.507067775 ], [ 130.279506938999987, 33.506655559 ], [ 130.277888327, 33.50161 ], [ 130.274875279000014, 33.497473613 ], [ 130.271928327000012, 33.495355829 ], [ 130.274434993999989, 33.492689162 ], [ 130.276015551, 33.489481946 ], [ 130.272733606, 33.488269162 ], [ 130.273529442000012, 33.483743892 ], [ 130.272113891, 33.479351108 ], [ 130.276706667000013, 33.478881387 ], [ 130.278444449, 33.476284162 ], [ 130.282050558, 33.474505 ], [ 130.288246394, 33.469613613 ], [ 130.291185551000012, 33.469423892 ], [ 130.29268221800001, 33.466689441 ], [ 130.295171114999988, 33.465345559 ], [ 130.29588166, 33.463552495 ], [ 130.303256939, 33.461303333 ], [ 130.305674449, 33.463143333 ], [ 130.311120558, 33.461975559 ], [ 130.31330166, 33.460362225 ], [ 130.313784163, 33.458096667 ], [ 130.319656939, 33.458732225 ], [ 130.323122503, 33.455961108 ], [ 130.326063606, 33.455089441 ], [ 130.331972218, 33.451270559 ], [ 130.33499917, 33.450372225 ], [ 130.336372776, 33.445229162 ], [ 130.344195279, 33.444434441 ], [ 130.345428054, 33.445021387 ], [ 130.352122218, 33.436794441 ], [ 130.355786939000012, 33.433239721 ], [ 130.363316667, 33.434934721 ], [ 130.367375837, 33.434105279 ], [ 130.368811388000012, 33.436280829 ], [ 130.370579442, 33.433205279 ], [ 130.375298054000012, 33.430201946 ], [ 130.377843332999987, 33.427141108 ], [ 130.378032776, 33.425090559 ], [ 130.38273166, 33.426549162 ], [ 130.384081388, 33.427762225 ], [ 130.387393333, 33.428115829 ], [ 130.388737497, 33.426330279 ], [ 130.391193333, 33.426077495 ], [ 130.396163605999988, 33.427405559 ] ] ] } },
{ "type": "Feature", "properties": { "N03_001": "福岡県", "N03_002": null, "N03_003": null, "N03_004": "福岡市", "N03_005": "早良区", "N03_007": "40137", "city": "福岡市早良区" }, "geometry": null },
{ "type": "Feature", "properties": { "N03_001": "福岡県", "N03_002": null, "N03_003": null, "N03_004": "福岡市", "N03_005": "早良区", "N03_007": "40137", "city": "福岡市早良区" }, "geometry": null },
{ "type": "Feature", "properties": { "N03_001": "福岡県", "N03_002": null, "N03_003": null, "N03_004": "福岡市", "N03_005": "早良区", "N03_007": "40137", "city": "福岡市早良区" }, "geometry": null },
{ "type": "Feature", "properties": { "N03_001": "福岡県", "N03_002": null, "N03_003": null, "N03_004": "大牟田市", "N03_005": null, "N03_007": "40202", "city": "大牟田市" }, "geometry": { "type": "Polygon", "coordinates": [ [ [ 130.417677717, 33.07189 ], [ 130.425382827, 33.052852441 ], [ 130.422368949, 33.051190108 ], [ 130.421928689999987, 33.044835973 ], [ 130.419282866, 33.03605025200001 ], [ 130.423106641, 33.029544162 ], [ 130.407753359, 33.017335081 ], [ 130.409658054, 33.012448279 ], [ 130.414312672, 33.016799027 ], [ 130.416294591, 33.01416891 ], [ 130.419239624, 33.007630694 ], [ 130.413237587999987, 33.007970514 ], [ 130.409317354, 33.009436631 ], [ 130.39663683500001, 33.004768802 ], [ 130.395402866000012, 33.002304586 ], [ 130.396722477, 33.000023441 ], [ 130.413362399, 33.004021144 ], [ 130.414136692999989, 33.002313766 ], [ 130.424799442, 33.00516536 ], [ 130.436248911, 33.005062342 ], [ 130.444870856, 33.002470423 ], [ 130.448531971, 33.002537937 ], [ 130.450656990999988, 33.00389627900001 ], [ 130.455972568, 33.003911577 ], [ 130.462041427, 33.002719369 ], [ 130.468416446, 33.002874117 ], [ 130.47459035, 33.001438865 ], [ 130.477263969, 33.001708595 ], [ 130.479228404999986, 33.003479991 ], [ 130.484183152000014, 33.001533342 ], [ 130.486023982, 33.002435856 ], [ 130.490927575, 33.003028937000011 ], [ 130.499103645, 33.006560099 ], [ 130.504200856000011, 33.004750955 ], [ 130.506113632, 33.00278236 ], [ 130.506749442, 33.00605264 ], [ 130.508727211, 33.007437099 ], [ 130.512573307, 33.00757573 ], [ 130.515792983000011, 33.014018532 ], [ 130.512903567, 33.016769072 ], [ 130.513013839, 33.019306856 ], [ 130.510952464000013, 33.023137685 ], [ 130.50768608300001, 33.023599333 ], [ 130.507557471000013, 33.025048225 ], [ 130.504694994, 33.027023486 ], [ 130.504538379, 33.031675703 ], [ 130.503747004, 33.034057081 ], [ 130.504473411, 33.036789036 ], [ 130.500801777, 33.04158818 ], [ 130.498289559, 33.04361873 ], [ 130.494902348000011, 33.048980658 ], [ 130.49672847, 33.051757892 ], [ 130.503739857, 33.055750423 ], [ 130.504057367, 33.058025982 ], [ 130.513092347999986, 33.061517404999989 ], [ 130.514187069, 33.06360991 ], [ 130.516873735, 33.065566586 ], [ 130.523962335, 33.066031054 ], [ 130.52529289200001, 33.066721054 ], [ 130.531438885, 33.063970775 ], [ 130.533591167, 33.06873773 ], [ 130.533696239, 33.073114964 ], [ 130.535312879, 33.073769414 ], [ 130.535367912, 33.07805191 ], [ 130.537630402, 33.079580252 ], [ 130.539770947, 33.079635811 ], [ 130.542453424, 33.081735261 ], [ 130.542180389, 33.085036649 ], [ 130.540749844, 33.086055252 ], [ 130.539044877, 33.090618027 ], [ 130.535548987999988, 33.090509063 ], [ 130.534055668, 33.085967414 ], [ 130.531088197, 33.083876883 ], [ 130.525197665, 33.082610495 ], [ 130.522521751, 33.083000117 ], [ 130.519653191, 33.087058486 ], [ 130.520397523000014, 33.091076685 ], [ 130.518264994, 33.093001108 ], [ 130.51715083, 33.096375559 ], [ 130.51360917, 33.098077775 ], [ 130.507839442, 33.098018613 ], [ 130.505936109, 33.094940559 ], [ 130.506791946, 33.091980279 ], [ 130.500564720999989, 33.090070829 ], [ 130.495656394, 33.089927775 ], [ 130.492418885, 33.086963892 ], [ 130.486179170000014, 33.085251108 ], [ 130.482954721, 33.085067225 ], [ 130.481183333, 33.086854162 ], [ 130.478042503000012, 33.086948892 ], [ 130.475381946, 33.088764162 ], [ 130.472242503, 33.089010559 ], [ 130.46605083, 33.087591108 ], [ 130.464485279, 33.088996108 ], [ 130.45986917, 33.088953054 ], [ 130.454767224, 33.08798082900001 ], [ 130.449593333, 33.087888613 ], [ 130.450750272, 33.085488054 ], [ 130.447808327, 33.081446108 ], [ 130.444745278999989, 33.078804162 ], [ 130.439146939000011, 33.075939162 ], [ 130.43173499400001, 33.075091667 ], [ 130.428604721, 33.07547777500001 ], [ 130.426457223999989, 33.073986108 ], [ 130.417677717, 33.07189 ] ] ] } },
{ "type": "Feature", "properties": { "N03_001": "福岡県", "N03_002": null, "N03_003": null, "N03_004": "大牟田市", "N03_005": null, "N03_007": "40202", "city": "大牟田市" }, "geometry": null },
{ "type": "Feature", "properties": { "N03_001": "福岡県", "N03_002": null, "N03_003": null, "N03_004": "大牟田市", "N03_005": null, "N03_007": "40202", "city": "大牟田市" }, "geometry": null },
{ "type": "Feature", "properties": { "N03_001": "福岡県", "N03_002": null, "N03_003": null, "N03_004": "久留米市", "N03_005": null, "N03_007": "40203", "city": "久留米市" }, "geometry": { "type": "Polygon", "coordinates": [ [ [ 130.535978457, 33.342962297 ], [ 130.532802620000012, 33.346131459 ], [ 130.529962335, 33.342487297 ], [ 130.526801219, 33.340215072 ], [ 130.519551219, 33.340490631 ], [ 130.51209594, 33.344062297 ], [ 130.507981206000011, 33.342797018 ], [ 130.506743981999989, 33.341159234 ], [ 130.505649805, 33.331066739 ], [ 130.502386187000013, 33.327597009 ], [ 130.499455629000011, 33.325575901 ], [ 130.496112853, 33.326470901 ], [ 130.490354527, 33.329670622 ], [ 130.487050921, 33.332709505 ], [ 130.484097302, 33.332918396 ], [ 130.480232866, 33.331075063 ], [ 130.478118418, 33.329171171 ], [ 130.476991751000014, 33.326003676 ], [ 130.479892296, 33.32262673 ], [ 130.483023126, 33.320618396 ], [ 130.487510908, 33.319708676 ], [ 130.489394786, 33.315929225 ], [ 130.48745284, 33.312721171 ], [ 130.48490118, 33.306217009 ], [ 130.483582568, 33.305134225 ], [ 130.478255901000011, 33.304341171 ], [ 130.46671090800001, 33.30475145 ], [ 130.461005070999988, 33.304308676 ], [ 130.458018132, 33.303274225 ], [ 130.45561119300001, 33.300810892 ], [ 130.454844228000013, 33.295779505 ], [ 130.456234488, 33.29379145 ], [ 130.466226446, 33.290330333 ], [ 130.468010039, 33.28777838700001 ], [ 130.467607249999986, 33.286305054 ], [ 130.464864734, 33.28485645 ], [ 130.458281401, 33.283008667 ], [ 130.454531958, 33.283580063 ], [ 130.452954734, 33.282948117 ], [ 130.448725305000011, 33.278407838 ], [ 130.448202802, 33.274749225 ], [ 130.450590584, 33.270056171 ], [ 130.450940311000011, 33.267492279000017 ], [ 130.449746148, 33.265097559 ], [ 130.447109209, 33.263994784 ], [ 130.442458106, 33.264027008999989 ], [ 130.439082555, 33.265837838 ], [ 130.436229766999986, 33.269794234 ], [ 130.435084202000013, 33.275883676000014 ], [ 130.435928093, 33.28130145 ], [ 130.437874747, 33.283797009 ], [ 130.437208366, 33.285418676 ], [ 130.438495018999987, 33.289376901 ], [ 130.433780026, 33.292450342 ], [ 130.431358366000012, 33.292413955 ], [ 130.427930311000011, 33.290912568 ], [ 130.426625875000013, 33.289149793 ], [ 130.427958923, 33.286750901 ], [ 130.429871983999988, 33.286223676 ], [ 130.430946148, 33.280532288000011 ], [ 130.429584487999989, 33.277167568 ], [ 130.429727834, 33.274599793 ], [ 130.428102282999987, 33.27160118 ], [ 130.426323384999989, 33.270614793 ], [ 130.424592555, 33.271834514 ], [ 130.42084284, 33.271850622 ], [ 130.418824228, 33.270462018 ], [ 130.417059235000011, 33.267250072 ], [ 130.419509248, 33.261603405 ], [ 130.417072866000012, 33.255839793 ], [ 130.414895927, 33.252648964 ], [ 130.411351219000011, 33.250154523 ], [ 130.408932335, 33.249416748 ], [ 130.402096239, 33.248651468 ], [ 130.401173449999987, 33.252012306 ], [ 130.401336226000012, 33.256821748 ], [ 130.400018158, 33.259099802 ], [ 130.395005383000012, 33.260667577 ], [ 130.391979559, 33.260228694 ], [ 130.388965396, 33.257119243 ], [ 130.389451517999987, 33.253323414 ], [ 130.391073463, 33.249358694 ], [ 130.390308197, 33.245303694 ], [ 130.385204604, 33.240461189 ], [ 130.387675707, 33.239171189 ], [ 130.391629598, 33.23854702700001 ], [ 130.393633982000011, 33.236944189 ], [ 130.393443100000013, 33.23412855 ], [ 130.395389715, 33.232269856 ], [ 130.399217652, 33.231737856 ], [ 130.401229597999986, 33.229734243 ], [ 130.405580156000013, 33.229951189 ], [ 130.407016537, 33.231894523 ], [ 130.411805136, 33.232479523 ], [ 130.412026796, 33.235217018 ], [ 130.414989857, 33.235035351 ], [ 130.41429987, 33.228410072 ], [ 130.412179040000012, 33.226305631 ], [ 130.412388482000011, 33.224720631 ], [ 130.416314863999986, 33.22471618 ], [ 130.41632904, 33.225972297 ], [ 130.420950389000012, 33.225263486 ], [ 130.423139079, 33.223973459 ], [ 130.425499287, 33.230114568 ], [ 130.429960532, 33.230270811 ], [ 130.437510661, 33.22891645 ], [ 130.435620376, 33.231612838 ], [ 130.4353362, 33.236892288 ], [ 130.442249585000013, 33.237174946 ], [ 130.441574799, 33.24423673 ], [ 130.443904514, 33.24521145 ], [ 130.445003684, 33.243735333 ], [ 130.450622283, 33.241197279 ], [ 130.457616174, 33.237255613 ], [ 130.458425901, 33.234214495 ], [ 130.458507016999988, 33.22986755 ], [ 130.460490078, 33.227041162 ], [ 130.461219805000013, 33.22425755 ], [ 130.463700908, 33.224106162 ], [ 130.465742296, 33.224765883 ], [ 130.465812568, 33.228091162 ], [ 130.469257017, 33.228085333 ], [ 130.469786174, 33.230610604 ], [ 130.471195615999989, 33.230791162 ], [ 130.472221725, 33.233539775 ], [ 130.474846174, 33.232562 ], [ 130.475207549, 33.235920613 ], [ 130.476498664, 33.238365613 ], [ 130.473696706, 33.241644495 ], [ 130.480469209, 33.240131721 ], [ 130.4835031, 33.239993108 ], [ 130.486872541999986, 33.241100054 ], [ 130.487313645, 33.243679225 ], [ 130.497041153999987, 33.243668396 ], [ 130.496981427, 33.245004225 ], [ 130.501981427, 33.246964784 ], [ 130.501523372, 33.245567838 ], [ 130.505109481, 33.244682568 ], [ 130.507200869, 33.247883676 ], [ 130.508329481, 33.246960901 ], [ 130.509512801999989, 33.255133946 ], [ 130.512051686, 33.253553117 ], [ 130.511435019, 33.255723946 ], [ 130.513190843, 33.257363117 ], [ 130.510696122000013, 33.260554784 ], [ 130.514540571, 33.259240613 ], [ 130.515138353, 33.25520673 ], [ 130.516225019, 33.257493117 ], [ 130.520603904000012, 33.260895901 ], [ 130.519501958, 33.25876173 ], [ 130.521763631999988, 33.258263126 ], [ 130.521964462, 33.256748964 ], [ 130.527650856, 33.260952856 ], [ 130.531079702, 33.260644027 ], [ 130.52828725, 33.259668964 ], [ 130.529016135, 33.258098414 ], [ 130.534173722, 33.258277919 ], [ 130.53546201, 33.259650784 ], [ 130.534552257, 33.262649252 ], [ 130.537747821000011, 33.26225675700001 ], [ 130.54593061, 33.260149829 ], [ 130.553577289, 33.262739 ], [ 130.556932296000014, 33.264760117 ], [ 130.560765629, 33.264548459 ], [ 130.566109533, 33.266383459 ], [ 130.56609454, 33.268348739 ], [ 130.568243709, 33.273790126 ], [ 130.575824565, 33.277133459 ], [ 130.576729572, 33.275822072 ], [ 130.579783735, 33.27491374800001 ], [ 130.5826693, 33.271617369 ], [ 130.58109847, 33.268327928 ], [ 130.581962917999988, 33.267663216 ], [ 130.587148768, 33.268623225 ], [ 130.588026821999989, 33.270585991 ], [ 130.591791271, 33.270239063 ], [ 130.593424332000012, 33.272678225 ], [ 130.597975174999988, 33.273694631 ], [ 130.598066835, 33.274934901 ], [ 130.602114345, 33.274481027 ], [ 130.607789079000014, 33.280431856 ], [ 130.611217977, 33.281141027 ], [ 130.613944916, 33.282712423 ], [ 130.614296589, 33.28428964 ], [ 130.616754916, 33.286178252 ], [ 130.616585201, 33.290869351 ], [ 130.620356861, 33.291077135 ], [ 130.622344929, 33.292687135 ], [ 130.628386316, 33.29201909 ], [ 130.630715759, 33.294075757 ], [ 130.631323541, 33.296472423 ], [ 130.636017704000011, 33.297768541 ], [ 130.637445486, 33.298862423 ], [ 130.64353297, 33.298662144 ], [ 130.646831012, 33.29783464 ], [ 130.650992944, 33.298766577 ], [ 130.653958507999988, 33.300410198 ], [ 130.663362412, 33.302254396 ], [ 130.667931855, 33.301891342 ], [ 130.669622685, 33.302588568 ], [ 130.677290726, 33.303540514 ], [ 130.680351284000011, 33.302483297 ], [ 130.688525992, 33.304028577 ], [ 130.689490713, 33.306013018 ], [ 130.694672918, 33.306163568 ], [ 130.698749585, 33.305192739 ], [ 130.700430143, 33.306569126 ], [ 130.705312905, 33.306396072 ], [ 130.714602879000012, 33.304177739 ], [ 130.722954241, 33.302926631 ], [ 130.724037017, 33.302136351 ], [ 130.72874116700001, 33.302658847 ], [ 130.725143683999988, 33.321117712 ], [ 130.726277017, 33.324434099 ], [ 130.723464799, 33.324719369 ], [ 130.724474514, 33.334009919 ], [ 130.723701737999988, 33.337724081 ], [ 130.726340908, 33.337977685 ], [ 130.726355356999989, 33.340188514 ], [ 130.731125655, 33.340128495 ], [ 130.730906213, 33.347123757 ], [ 130.726196459, 33.347147676 ], [ 130.725037289, 33.348452676 ], [ 130.725472853000014, 33.351013784 ], [ 130.718350636, 33.353091559 ], [ 130.718915642000013, 33.35593073 ], [ 130.722667575, 33.357803784 ], [ 130.725817847, 33.35773155 ], [ 130.7277662, 33.352814324 ], [ 130.731867328, 33.353950135 ], [ 130.731766226, 33.359048459 ], [ 130.729713709, 33.359096802 ], [ 130.728388703, 33.361259586 ], [ 130.725972581, 33.359833775 ], [ 130.722663684, 33.359917946 ], [ 130.72269952, 33.360884613 ], [ 130.719671737999988, 33.360884333 ], [ 130.719675357, 33.359218775 ], [ 130.714178417999989, 33.359317387 ], [ 130.7140962, 33.360156 ], [ 130.707708703, 33.360188775 ], [ 130.705479546, 33.364148766 ], [ 130.700177328, 33.362085991 ], [ 130.696762062, 33.362439045 ], [ 130.684199584999988, 33.362792657999989 ], [ 130.683878197000013, 33.361820712 ], [ 130.672966005, 33.361561009 ], [ 130.666793786999989, 33.362192667 ], [ 130.659589351, 33.36200627 ], [ 130.650589909, 33.36284682 ], [ 130.643936860999986, 33.360421252 ], [ 130.640157977, 33.358469586 ], [ 130.631332983, 33.352840135 ], [ 130.629275201000013, 33.355367631 ], [ 130.627586589, 33.359844856 ], [ 130.627425201, 33.362203459 ], [ 130.632927147, 33.363256523 ], [ 130.629667704000013, 33.365017631 ], [ 130.629399637, 33.366871523 ], [ 130.624429922, 33.367690405 ], [ 130.615270117, 33.367422955 ], [ 130.611740207999986, 33.36650345 ], [ 130.611745201, 33.365585117 ], [ 130.607149338999989, 33.36581 ], [ 130.607419235, 33.364608225 ], [ 130.6039707, 33.363450333 ], [ 130.602587951, 33.366560495 ], [ 130.605549922, 33.367489279 ], [ 130.578430454, 33.367072865 ], [ 130.578797626000011, 33.362170955000011 ], [ 130.577187004, 33.359649117 ], [ 130.571737108, 33.354274532 ], [ 130.570169883, 33.35521509 ], [ 130.562334047, 33.355207865 ], [ 130.562762101, 33.353388135 ], [ 130.558804318999989, 33.353232027 ], [ 130.557148482, 33.35055091 ], [ 130.55360987, 33.350266189 ], [ 130.550221803, 33.348384243 ], [ 130.550339857000012, 33.345423135 ], [ 130.546128470000014, 33.345237577 ], [ 130.546042633000013, 33.346787018 ], [ 130.540792348, 33.345673126 ], [ 130.537769844, 33.341399793 ], [ 130.535978457, 33.342962297 ] ] ] } },
{ "type": "Feature", "properties": { "N03_001": "福岡県", "N03_002": null, "N03_003": null, "N03_004": "直方市", "N03_005": null, "N03_007": "40204", "city": "直方市" }, "geometry": { "type": "Polygon", "coordinates": [ [ [ 130.684250558, 33.748444441 ], [ 130.686045551, 33.746095559 ], [ 130.686508612000011, 33.743565279 ], [ 130.689875836999988, 33.743774721 ], [ 130.691566394, 33.745913054 ], [ 130.69400527900001, 33.747088333 ], [ 130.697807782000012, 33.747020279 ], [ 130.701638742, 33.74518 ], [ 130.702561608, 33.747045739 ], [ 130.705136719, 33.747906559 ], [ 130.703305811, 33.744536865 ], [ 130.707154994, 33.743050559 ], [ 130.70896083, 33.740249721 ], [ 130.710471946000013, 33.735188054 ], [ 130.71511166, 33.735511667 ], [ 130.714313061000013, 33.732544162000011 ], [ 130.716958054, 33.731453613 ], [ 130.719579442, 33.729184162 ], [ 130.724093606, 33.731618892 ], [ 130.726237497, 33.731634721 ], [ 130.727278327, 33.729209441 ], [ 130.725118885, 33.727065829 ], [ 130.726893333, 33.725652775 ], [ 130.726630272, 33.718360829 ], [ 130.724513333, 33.715791108 ], [ 130.726474449, 33.712742775 ], [ 130.72636, 33.710253613 ], [ 130.727724720999987, 33.708743333 ], [ 130.72733083, 33.706595829 ], [ 130.729154994, 33.706495279 ], [ 130.72948555100001, 33.703673892 ], [ 130.731893891, 33.703657775 ], [ 130.734011114999987, 33.704953333 ], [ 130.736872503, 33.702506108 ], [ 130.736602503, 33.701345559 ], [ 130.739206939000013, 33.700007775 ], [ 130.743817224, 33.701758613 ], [ 130.74709083, 33.704492495 ], [ 130.746351946, 33.708571946 ], [ 130.749307781999988, 33.711104721 ], [ 130.749548612000012, 33.713302775 ], [ 130.748193332999989, 33.715901946 ], [ 130.750567497, 33.717438054 ], [ 130.753767782000011, 33.717595 ], [ 130.762666939000013, 33.719681946 ], [ 130.764733333, 33.720903892 ], [ 130.769162776, 33.721230829 ], [ 130.773298054, 33.72257 ], [ 130.773886108999989, 33.725173054 ], [ 130.777718054, 33.726194721 ], [ 130.778906667, 33.727448054 ], [ 130.782038885, 33.727408054 ], [ 130.783952218, 33.729024162 ], [ 130.785523332999986, 33.734093613 ], [ 130.787441946, 33.733699721 ], [ 130.788551388, 33.735496108 ], [ 130.788795279, 33.739667495 ], [ 130.79429083, 33.740627495 ], [ 130.797390272, 33.739040559 ], [ 130.804028612, 33.742035829 ], [ 130.803933333, 33.746425829 ], [ 130.805489169999987, 33.748137495 ], [ 130.804877782, 33.749812225 ], [ 130.802134720999987, 33.751116946 ], [ 130.802922218, 33.753280559 ], [ 130.801662218, 33.755236386999989 ], [ 130.802385550999986, 33.760727775 ], [ 130.79940250300001, 33.765185829 ], [ 130.80092250300001, 33.766170279 ], [ 130.800813333, 33.768399162 ], [ 130.802432218, 33.770550559 ], [ 130.80250722400001, 33.773569721 ], [ 130.800336394, 33.772906387 ], [ 130.799423606, 33.776793613 ], [ 130.794847497, 33.780283892 ], [ 130.79125250300001, 33.779026946 ], [ 130.788603061, 33.779851387 ], [ 130.784555278999989, 33.785173054 ], [ 130.781749728, 33.785899162 ], [ 130.772662776, 33.786503054 ], [ 130.768221388, 33.784900279 ], [ 130.766637782, 33.782385829 ], [ 130.768124994, 33.77728027900001 ], [ 130.766844994, 33.775611946 ], [ 130.761708327, 33.773320829 ], [ 130.760803061, 33.771616946 ], [ 130.757384449, 33.769474162 ], [ 130.753323061, 33.768626387 ], [ 130.752433747999987, 33.769839 ], [ 130.746001219, 33.772109441 ], [ 130.741928885, 33.771817775 ], [ 130.738141115, 33.77056166700001 ], [ 130.733004449, 33.772368892 ], [ 130.729708054000014, 33.774425279 ], [ 130.724902218000011, 33.775369721 ], [ 130.720676938999986, 33.774180829 ], [ 130.714439442000014, 33.784966387 ], [ 130.714001388000014, 33.787634721000018 ], [ 130.707161388, 33.796053892 ], [ 130.704714449, 33.794975279 ], [ 130.703684163, 33.792723054 ], [ 130.70045527900001, 33.790952775 ], [ 130.699938054, 33.788487225 ], [ 130.697746939000012, 33.787625559 ], [ 130.695445551, 33.782528333 ], [ 130.699721114999988, 33.776605 ], [ 130.700439442, 33.773563613 ], [ 130.699235550999987, 33.773030829 ], [ 130.699425551, 33.77023194600001 ], [ 130.698444163, 33.767824162 ], [ 130.69545, 33.766678892 ], [ 130.693103060999988, 33.767752495 ], [ 130.686706939, 33.765110279 ], [ 130.681013060999987, 33.7662 ], [ 130.680103605999989, 33.763171108 ], [ 130.683042218, 33.753046108 ], [ 130.685639728000012, 33.750514162 ], [ 130.684250558, 33.748444441 ] ] ] } },
{ "type": "Feature", "properties": { "N03_001": "福岡県", "N03_002": null, "N03_003": null, "N03_004": "飯塚市", "N03_005": null, "N03_007": "40205", "city": "飯塚市" }, "geometry": { "type": "Polygon", "coordinates": [ [ [ 130.672222776000012, 33.529076387 ], [ 130.669339728000011, 33.534644162 ], [ 130.67064250300001, 33.535627495 ], [ 130.670597496999989, 33.538402225 ], [ 130.673786667, 33.542020829 ], [ 130.676076109, 33.542988054 ], [ 130.677114721, 33.545228333 ], [ 130.6755, 33.547774721 ], [ 130.677698612, 33.550813054 ], [ 130.676824721, 33.553794721 ], [ 130.672982502999986, 33.554314721 ], [ 130.66873166, 33.551965829 ], [ 130.666026109, 33.549543613 ], [ 130.66494917, 33.554255 ], [ 130.665105837, 33.557651667 ], [ 130.663679728, 33.56277 ], [ 130.660628054, 33.566763613 ], [ 130.660285279, 33.568383892 ], [ 130.662736394, 33.569459721 ], [ 130.662723061, 33.573523333 ], [ 130.665742776, 33.579356108 ], [ 130.667346939, 33.585698892 ], [ 130.665745550999986, 33.586517225 ], [ 130.665787224000013, 33.583635 ], [ 130.664250829999986, 33.581944441 ], [ 130.659376394, 33.579718054 ], [ 130.656426109, 33.581756387 ], [ 130.658846939, 33.584450559 ], [ 130.659744163, 33.586946387 ], [ 130.655501945999987, 33.589014441 ], [ 130.649163061, 33.58871 ], [ 130.65014166, 33.592085279 ], [ 130.653392218, 33.593832775 ], [ 130.653860830000013, 33.595506946 ], [ 130.657902775999986, 33.59632305400001 ], [ 130.659522218, 33.597563054 ], [ 130.661914449, 33.596325829 ], [ 130.665686939000011, 33.59793 ], [ 130.666784162999988, 33.596494721 ], [ 130.669986394, 33.600275279 ], [ 130.674157782, 33.600960829 ], [ 130.676855550999989, 33.600480829 ], [ 130.67897083, 33.598266946 ], [ 130.679660272, 33.602488333 ], [ 130.682232218, 33.602413613 ], [ 130.682723061, 33.598961108 ], [ 130.685221388, 33.596734162 ], [ 130.689652218, 33.596856108 ], [ 130.690997497000012, 33.595733054 ], [ 130.69458083, 33.597863054 ], [ 130.697352503, 33.597828613 ], [ 130.700109728, 33.599507225 ], [ 130.697311388, 33.604593613 ], [ 130.699922218000012, 33.610053333 ], [ 130.700594449, 33.615085829 ], [ 130.697984448999989, 33.618078613 ], [ 130.698940558, 33.621305 ], [ 130.702821660000012, 33.623436667 ], [ 130.70212, 33.624344721 ], [ 130.706329727999986, 33.623526667 ], [ 130.70870917, 33.621247775 ], [ 130.712686394, 33.618894721 ], [ 130.714827781999986, 33.616146667 ], [ 130.722310558, 33.618543054 ], [ 130.726175837, 33.616658892 ], [ 130.726646394, 33.615525559 ], [ 130.73257416300001, 33.613129162 ], [ 130.735718327, 33.614063054 ], [ 130.739910272, 33.612532495 ], [ 130.738873061, 33.608388054 ], [ 130.738876939, 33.60392666700001 ], [ 130.740358885, 33.603638333 ], [ 130.741025279000013, 33.600653054 ], [ 130.742644163, 33.599073892 ], [ 130.745023333, 33.594821946 ], [ 130.747104162999989, 33.594333613 ], [ 130.748476394, 33.591598892 ], [ 130.751364994, 33.588652775 ], [ 130.754083606, 33.587549162 ], [ 130.762097224, 33.586287225 ], [ 130.761893891, 33.587738054 ], [ 130.765100272000012, 33.591894162 ], [ 130.768572776000013, 33.591841108 ], [ 130.77031083, 33.594518613 ], [ 130.774556109, 33.595666667 ], [ 130.772035279, 33.598959721 ], [ 130.774572776000014, 33.599703333 ], [ 130.775716939, 33.602665559 ], [ 130.774594162999989, 33.605731108 ], [ 130.776056939, 33.606742225 ], [ 130.775413606, 33.609140279 ], [ 130.771274721, 33.61093 ], [ 130.770251115, 33.612456946 ], [ 130.765880272, 33.611019162 ], [ 130.764344994, 33.611838892 ], [ 130.761712218000014, 33.615682225 ], [ 130.761194448999987, 33.617895279 ], [ 130.759293606, 33.618551667 ], [ 130.75924083000001, 33.621827495 ], [ 130.754313061, 33.629006667 ], [ 130.750485551, 33.631586108 ], [ 130.751181659999986, 33.635342225 ], [ 130.747884163, 33.639149721 ], [ 130.751618885, 33.643795829 ], [ 130.751671388, 33.646278892 ], [ 130.753855837, 33.650056667 ], [ 130.75728166, 33.650367225 ], [ 130.761171946, 33.654131667 ], [ 130.758322776, 33.656984441 ], [ 130.75884917, 33.65814 ], [ 130.756513061, 33.664046946 ], [ 130.754232776, 33.665239441 ], [ 130.753002503, 33.669955279 ], [ 130.75309083, 33.672653333 ], [ 130.751252776, 33.673890559 ], [ 130.752689728, 33.678147495 ], [ 130.75193027200001, 33.680992225 ], [ 130.755103606, 33.684760279 ], [ 130.75384917, 33.688429441 ], [ 130.751929442, 33.689208613 ], [ 130.751912438, 33.690830721 ], [ 130.748945551, 33.69606055900001 ], [ 130.747850272, 33.696460279 ], [ 130.74785055800001, 33.699590829 ], [ 130.743817224, 33.701758613 ], [ 130.739206939000013, 33.700007775 ], [ 130.736602503, 33.701345559 ], [ 130.736872503, 33.702506108 ], [ 130.734011114999987, 33.704953333 ], [ 130.731893891, 33.703657775 ], [ 130.72948555100001, 33.703673892 ], [ 130.729154994, 33.706495279 ], [ 130.72733083, 33.706595829 ], [ 130.726030272, 33.701999721 ], [ 130.721351946, 33.699777225 ], [ 130.716572776, 33.70152 ], [ 130.712076667, 33.700747414 ], [ 130.713326615, 33.698372468 ], [ 130.712190271999987, 33.696493054 ], [ 130.714831388, 33.692956667 ], [ 130.713395252999987, 33.688133667 ], [ 130.710830752, 33.685309279 ], [ 130.70772555100001, 33.683314162 ], [ 130.703215279, 33.682363892 ], [ 130.69851166, 33.685398892 ], [ 130.694209728, 33.684815279 ], [ 130.689088885, 33.685045279000015 ], [ 130.68768917, 33.684218054 ], [ 130.685485551, 33.686228054 ], [ 130.683082503, 33.685529721 ], [ 130.681375551, 33.683163892 ], [ 130.677679727999987, 33.68323444100001 ], [ 130.674698885, 33.688299441 ], [ 130.672404721, 33.688926946 ], [ 130.671120558000013, 33.691082775 ], [ 130.67014083, 33.691752775 ], [ 130.666287224, 33.689082775 ], [ 130.665053333, 33.691395 ], [ 130.659376667, 33.693321667 ], [ 130.659106394, 33.690599162 ], [ 130.654788054, 33.688096667000011 ], [ 130.64978, 33.687007225 ], [ 130.645214721, 33.688308333 ], [ 130.643457497000014, 33.687918333 ], [ 130.639028327, 33.683421667 ], [ 130.637894163, 33.680824162 ], [ 130.639369442, 33.67706 ], [ 130.63777944200001, 33.674439441 ], [ 130.638393060999988, 33.672653613 ], [ 130.634574721, 33.671932225 ], [ 130.632278327, 33.668016946 ], [ 130.627394994000014, 33.665962495 ], [ 130.625933890999988, 33.668205 ], [ 130.622365551, 33.668503054 ], [ 130.620911946, 33.667749441 ], [ 130.619701946, 33.664709162 ], [ 130.620935279, 33.663624721 ], [ 130.620306394000011, 33.660338054 ], [ 130.616470271999987, 33.656007775 ], [ 130.612603060999987, 33.654477495 ], [ 130.608987496999987, 33.650589441 ], [ 130.606176393999988, 33.65315 ], [ 130.601854449, 33.654293333 ], [ 130.601611388, 33.652832775 ], [ 130.596736666999988, 33.650835 ], [ 130.591495551, 33.65005 ], [ 130.585696939, 33.648548892 ], [ 130.58221360600001, 33.646970279 ], [ 130.576968054, 33.641559441 ], [ 130.575058612, 33.638065559 ], [ 130.577455551000014, 33.637856387 ], [ 130.582695551, 33.633420559 ], [ 130.585765837, 33.632366667 ], [ 130.587330830000013, 33.625982775 ], [ 130.583399442, 33.620018613 ], [ 130.58447917, 33.618733333 ], [ 130.589013606, 33.618462775 ], [ 130.591656394000012, 33.618990559 ], [ 130.594194163, 33.61657 ], [ 130.597101946, 33.615576387 ], [ 130.598769442, 33.612992495 ], [ 130.596805837, 33.612672775 ], [ 130.593529728, 33.608781108 ], [ 130.589915837, 33.606473333 ], [ 130.585786394, 33.601634721 ], [ 130.584074163, 33.605582225 ], [ 130.581666109, 33.607967495 ], [ 130.57981917, 33.602695559 ], [ 130.575781388, 33.604555829 ], [ 130.568088327, 33.606940829 ], [ 130.566454994, 33.604648333 ], [ 130.563347782, 33.602876108 ], [ 130.560834449, 33.600135559 ], [ 130.558137497, 33.599493054 ], [ 130.55977083, 33.596384162 ], [ 130.562909442, 33.593322495000017 ], [ 130.566421115, 33.590801108 ], [ 130.566542218, 33.586627495 ], [ 130.56826917, 33.582508333 ], [ 130.568188327, 33.579580279 ], [ 130.569289728, 33.578282225 ], [ 130.573858612, 33.576089441 ], [ 130.573433891, 33.575198054 ], [ 130.575067497, 33.569000279 ], [ 130.579453605999987, 33.565296108 ], [ 130.580939728, 33.561312225 ], [ 130.580414163, 33.558757225 ], [ 130.584088885, 33.554676667 ], [ 130.586331660000013, 33.551905279 ], [ 130.59342, 33.547698054 ], [ 130.595596667, 33.545667495 ], [ 130.59450888500001, 33.542841387000017 ], [ 130.595769170000011, 33.538781667 ], [ 130.597841115, 33.538497495 ], [ 130.60472083, 33.532286667 ], [ 130.605305279, 33.53004944100001 ], [ 130.607871115, 33.529244721 ], [ 130.612094721, 33.525202495 ], [ 130.6115, 33.522101108 ], [ 130.609910558, 33.519527225 ], [ 130.612248612, 33.517125 ], [ 130.618184721, 33.515964162 ], [ 130.619044163000012, 33.513283054 ], [ 130.621261946, 33.512907775 ], [ 130.619667497, 33.510815829 ], [ 130.621446394, 33.506098892 ], [ 130.622691946, 33.50527 ], [ 130.627925837, 33.504510279 ], [ 130.629549728, 33.506361387 ], [ 130.631920830000013, 33.506017495 ], [ 130.634151388, 33.509371387 ], [ 130.636024449, 33.504810559 ], [ 130.642144163000012, 33.505504721 ], [ 130.644930272000011, 33.506822225 ], [ 130.64868610900001, 33.509771108 ], [ 130.650891388, 33.509072495 ], [ 130.653135279, 33.510954162 ], [ 130.655929442, 33.510410279 ], [ 130.658915837, 33.50819472100001 ], [ 130.660666394, 33.504075559 ], [ 130.662384721, 33.503817225 ], [ 130.664947782000013, 33.505873613 ], [ 130.665543332999988, 33.509513054 ], [ 130.6648, 33.511004721 ], [ 130.665893333000014, 33.51708416200001 ], [ 130.663456667, 33.522623333 ], [ 130.665515551, 33.524269441 ], [ 130.667427224, 33.529098892 ], [ 130.670748885, 33.529879441 ], [ 130.672222776000012, 33.529076387 ] ] ] } },
{ "type": "Feature", "properties": { "N03_001": "福岡県", "N03_002": null, "N03_003": null, "N03_004": "田川市", "N03_005": null, "N03_007": "40206", "city": "田川市" }, "geometry": { "type": "Polygon", "coordinates": [ [ [ 130.785144449, 33.568310279 ], [ 130.788658327, 33.570420559 ], [ 130.78961416300001, 33.573053333 ], [ 130.792341388000011, 33.573391108 ], [ 130.795257497, 33.575257495 ], [ 130.792990558000014, 33.577481946 ], [ 130.793100272, 33.578783054 ], [ 130.796071388, 33.580065559 ], [ 130.797955551, 33.582361108 ], [ 130.797368885, 33.588872775 ], [ 130.799742218, 33.594148613 ], [ 130.799153333, 33.598028613 ], [ 130.796725551, 33.597842495 ], [ 130.795985551, 33.599415 ], [ 130.797422776, 33.603674162 ], [ 130.799522503, 33.606356946 ], [ 130.799116394, 33.608524162 ], [ 130.801445836999989, 33.612441387 ], [ 130.794651945999988, 33.616008333 ], [ 130.793634449, 33.617317775 ], [ 130.794803605999988, 33.623066946 ], [ 130.799398884999988, 33.624093892 ], [ 130.801700829999987, 33.621771667 ], [ 130.805154994, 33.622007225 ], [ 130.812844163, 33.618427775 ], [ 130.813025837, 33.617088333 ], [ 130.816974449000014, 33.617170279 ], [ 130.822661946000011, 33.612868333 ], [ 130.823955837, 33.609742225 ], [ 130.826146939000012, 33.610411946 ], [ 130.829845551, 33.609869441 ], [ 130.831572503, 33.608490279 ], [ 130.832217224, 33.605499721 ], [ 130.839645551, 33.610612495 ], [ 130.839846939000012, 33.61261 ], [ 130.842727782, 33.616151108 ], [ 130.845949728, 33.617444441000011 ], [ 130.841203606, 33.627242225 ], [ 130.836008885000012, 33.632418892 ], [ 130.835650272, 33.634722495 ], [ 130.837615279, 33.637566667 ], [ 130.84215, 33.638551946 ], [ 130.842087782, 33.641161946 ], [ 130.843258053999989, 33.644808333 ], [ 130.840864163, 33.645042775 ], [ 130.836751115, 33.648235279 ], [ 130.835226939, 33.648627775 ], [ 130.829795550999989, 33.654397495 ], [ 130.828101388, 33.65471666700001 ], [ 130.828910558, 33.657301667 ], [ 130.834665551, 33.656279721 ], [ 130.836789442, 33.657783054 ], [ 130.836639170000012, 33.660511946 ], [ 130.829485837, 33.661350279 ], [ 130.825371946, 33.664715279 ], [ 130.826410272, 33.668920829 ], [ 130.824559442, 33.669341387 ], [ 130.824776109, 33.67345 ], [ 130.826208885, 33.674556387 ], [ 130.826797223999989, 33.679883333 ], [ 130.827585279, 33.681046387 ], [ 130.826976394000013, 33.687174441 ], [ 130.825723606, 33.687969162 ], [ 130.828553891000013, 33.694936946 ], [ 130.82754, 33.696723613 ], [ 130.825191946, 33.695643333 ], [ 130.822986394, 33.696035279 ], [ 130.81933693900001, 33.694178613 ], [ 130.81455, 33.693991108 ], [ 130.811350272, 33.694578333 ], [ 130.808823606, 33.689483613 ], [ 130.806356666999989, 33.690519441 ], [ 130.806843606, 33.682858054 ], [ 130.803810558, 33.679988613 ], [ 130.805109728, 33.675258054 ], [ 130.806564721, 33.67441 ], [ 130.80751, 33.671219721 ], [ 130.80275, 33.669995 ], [ 130.802770558, 33.670900559 ], [ 130.796842218, 33.670271108 ], [ 130.795043061, 33.672575 ], [ 130.79238166, 33.670350559 ], [ 130.792690558, 33.667000829 ], [ 130.787814163, 33.666245 ], [ 130.786341115, 33.664755559 ], [ 130.78734917, 33.662438613 ], [ 130.788912218, 33.66248082900001 ], [ 130.791906394, 33.658991946 ], [ 130.791056667, 33.657974721 ], [ 130.793029170000011, 33.654558054 ], [ 130.79161166, 33.654194441 ], [ 130.792631388, 33.651288613 ], [ 130.788679441999989, 33.651456387 ], [ 130.788622503, 33.64953 ], [ 130.771642218000011, 33.643971108 ], [ 130.769024994, 33.642877775 ], [ 130.765228326999988, 33.642632495 ], [ 130.765082776000014, 33.641308892 ], [ 130.762491388, 33.641173333 ], [ 130.75798917, 33.639278613 ], [ 130.755248884999986, 33.640676387 ], [ 130.751618885, 33.643795829 ], [ 130.747884163, 33.639149721 ], [ 130.751181659999986, 33.635342225 ], [ 130.750485551, 33.631586108 ], [ 130.754313061, 33.629006667 ], [ 130.75924083000001, 33.621827495 ], [ 130.759293606, 33.618551667 ], [ 130.761194448999987, 33.617895279 ], [ 130.761712218000014, 33.615682225 ], [ 130.764344994, 33.611838892 ], [ 130.765880272, 33.611019162 ], [ 130.770251115, 33.612456946 ], [ 130.771274721, 33.61093 ], [ 130.775413606, 33.609140279 ], [ 130.776056939, 33.606742225 ], [ 130.774594162999989, 33.605731108 ], [ 130.775716939, 33.602665559 ], [ 130.774572776000014, 33.599703333 ], [ 130.772035279, 33.598959721 ], [ 130.774556109, 33.595666667 ], [ 130.77031083, 33.594518613 ], [ 130.768572776000013, 33.591841108 ], [ 130.765100272000012, 33.591894162 ], [ 130.761893891, 33.587738054 ], [ 130.762097224, 33.586287225 ], [ 130.76413917, 33.584201108 ], [ 130.76437083, 33.582139162 ], [ 130.767124994, 33.579811387 ], [ 130.769595551, 33.579296108 ], [ 130.771882776000012, 33.575933892 ], [ 130.77451917, 33.577813892 ], [ 130.775316108999988, 33.574733333 ], [ 130.776773061, 33.574278613 ], [ 130.772875836999987, 33.570782775 ], [ 130.776989728, 33.568638613 ], [ 130.785144449, 33.568310279 ] ] ] } },
{ "type": "Feature", "properties": { "N03_001": "福岡県", "N03_002": null, "N03_003": null, "N03_004": "柳川市", "N03_005": null, "N03_007": "40207", "city": "柳川市" }, "geometry": { "type": "Polygon", "coordinates": [ [ [ 130.352144994000014, 33.17079638700001 ], [ 130.353576393999987, 33.161793892 ], [ 130.355926394, 33.153817495 ], [ 130.356135837000011, 33.14888 ], [ 130.355784099, 33.140356946 ], [ 130.366666667, 33.139022441 ], [ 130.373309468, 33.141287081 ], [ 130.3744762, 33.139325775 ], [ 130.373683385, 33.135517387 ], [ 130.375313191, 33.133989748 ], [ 130.375082529, 33.131061892 ], [ 130.376911361999987, 33.128281441 ], [ 130.372727977000011, 33.123267495 ], [ 130.373303359, 33.119651829 ], [ 130.388141284, 33.111457532 ], [ 130.397663748000014, 33.10786189200001 ], [ 130.396643696000012, 33.105453973 ], [ 130.38757786, 33.096606865 ], [ 130.389558249, 33.093714108 ], [ 130.411729351, 33.086683234 ], [ 130.418666108999986, 33.091696108 ], [ 130.423112503, 33.096677775 ], [ 130.424382775999987, 33.099339441 ], [ 130.430888885, 33.107666387 ], [ 130.432946109, 33.111774721 ], [ 130.435312218, 33.114510829 ], [ 130.437023061, 33.119574441 ], [ 130.442516939, 33.122886108 ], [ 130.443825837, 33.126745 ], [ 130.446357782, 33.130097495 ], [ 130.447776939, 33.134376108 ], [ 130.452306394, 33.137122225 ], [ 130.454320558, 33.139254441 ], [ 130.452220272, 33.142936387 ], [ 130.452188885, 33.146250279 ], [ 130.453776939, 33.147244162 ], [ 130.458348885, 33.146897775 ], [ 130.460709728000012, 33.147973613 ], [ 130.462137224, 33.15495472100001 ], [ 130.46040917, 33.156764441 ], [ 130.460597782, 33.159007775 ], [ 130.453253061, 33.161974721 ], [ 130.45391693900001, 33.163938333 ], [ 130.45870083, 33.16383277500001 ], [ 130.459075837, 33.16783 ], [ 130.464924163, 33.167729162 ], [ 130.464995550999987, 33.167149162 ], [ 130.472978612, 33.167731387000011 ], [ 130.473444994, 33.165548892 ], [ 130.475373606, 33.167228333 ], [ 130.476034721, 33.170977225 ], [ 130.467887497, 33.171321667 ], [ 130.464453606, 33.172123892 ], [ 130.464711946, 33.173599721 ], [ 130.45143083, 33.174035559 ], [ 130.45297083, 33.175933892 ], [ 130.458624449000013, 33.176387775 ], [ 130.46087, 33.17961 ], [ 130.458421115, 33.180677225 ], [ 130.45712360600001, 33.185776667 ], [ 130.452622776, 33.186189441 ], [ 130.446091388000013, 33.184907775 ], [ 130.435168612000012, 33.181221108 ], [ 130.434554163, 33.186615559 ], [ 130.432316109, 33.187588892 ], [ 130.432383333, 33.190104721 ], [ 130.430341115, 33.194537775 ], [ 130.42835083, 33.194383613 ], [ 130.428105837, 33.196572224999983 ], [ 130.420343061000011, 33.194510829 ], [ 130.41415583700001, 33.193907225 ], [ 130.399571114999986, 33.194013532 ], [ 130.401592865999987, 33.192853667 ], [ 130.397679248, 33.189006802 ], [ 130.398802749999987, 33.188149946 ], [ 130.396878003000012, 33.184787495 ], [ 130.392157497, 33.179146387 ], [ 130.387700558, 33.180747225 ], [ 130.388296109, 33.182636387 ], [ 130.380419728, 33.185701387 ], [ 130.378895551, 33.183330279 ], [ 130.376454720999988, 33.184821667 ], [ 130.37791166, 33.187411667 ], [ 130.376750558, 33.188131387 ], [ 130.373786394, 33.185186667 ], [ 130.372145550999988, 33.186275279 ], [ 130.368658054, 33.183025279 ], [ 130.368401946, 33.179622775 ], [ 130.365893605999986, 33.177606946 ], [ 130.367542218000011, 33.174014441 ], [ 130.362524449, 33.170780279 ], [ 130.359514994, 33.172558892 ], [ 130.356361946, 33.170811667 ], [ 130.352144994000014, 33.17079638700001 ] ] ] } },
{ "type": "Feature", "properties": { "N03_001": "福岡県", "N03_002": null, "N03_003": null, "N03_004": "八女市", "N03_005": null, "N03_007": "40210", "city": "八女市" }, "geometry": { "type": "Polygon", "coordinates": [ [ [ 130.535918974999987, 33.184468775 ], [ 130.541535071, 33.184521009 ], [ 130.54589647200001, 33.182071297 ], [ 130.542237069, 33.179256297 ], [ 130.541648508, 33.174426856 ], [ 130.539772438, 33.170002405 ], [ 130.541103021999987, 33.167661856 ], [ 130.53923776900001, 33.164892414 ], [ 130.538661698999988, 33.160022973 ], [ 130.541423113, 33.155382144 ], [ 130.546825837, 33.158042991 ], [ 130.550819702000013, 33.157837441 ], [ 130.552645278999989, 33.155142171 ], [ 130.54980478600001, 33.14433245 ], [ 130.553843956, 33.138770532 ], [ 130.552691479, 33.13612109 ], [ 130.55175594, 33.12914582 ], [ 130.552269818000013, 33.125214982 ], [ 130.554209261000011, 33.122107775 ], [ 130.557033411, 33.120087784 ], [ 130.557712568, 33.112946116999986 ], [ 130.556468405, 33.11138418 ], [ 130.557364228000012, 33.109427514 ], [ 130.555938405, 33.107361405 ], [ 130.56045393, 33.104360586 ], [ 130.561795875, 33.104189198 ], [ 130.570799701999988, 33.106738667 ], [ 130.570993320000014, 33.108897829 ], [ 130.573161102, 33.111740342 ], [ 130.580198859, 33.116019243 ], [ 130.582598833, 33.114776757 ], [ 130.585355214, 33.115988144 ], [ 130.588931855, 33.115196495 ], [ 130.589760467, 33.113937883 ], [ 130.594723515, 33.11320818 ], [ 130.596736291000013, 33.11421791 ], [ 130.602759896, 33.114745991 ], [ 130.607010441, 33.110389622 ], [ 130.60940294400001, 33.109489081 ], [ 130.615550973000012, 33.108595505 ], [ 130.618764306, 33.111011351 ], [ 130.624337328, 33.111054441 ], [ 130.628315396, 33.112003072 ], [ 130.629604565, 33.111219468 ], [ 130.630999572, 33.112996144 ], [ 130.633839287, 33.113183946 ], [ 130.635906511, 33.111565901 ], [ 130.63993821, 33.113507595 ], [ 130.641191284, 33.112246775 ], [ 130.645585227, 33.11217709 ], [ 130.646159948, 33.108487667 ], [ 130.648096355, 33.108240739 ], [ 130.650710557999986, 33.110411595 ], [ 130.656171686, 33.108521081 ], [ 130.65957031100001, 33.10948555 ], [ 130.658416407, 33.111442757 ], [ 130.65491917, 33.111976892 ], [ 130.65468834, 33.115396324 ], [ 130.659638353, 33.115483856 ], [ 130.660263904, 33.118106631 ], [ 130.65962668, 33.121019117 ], [ 130.659950843, 33.124679658 ], [ 130.661380842999989, 33.126822441 ], [ 130.661365550999989, 33.12975882 ], [ 130.662431115, 33.130248541 ], [ 130.663045538, 33.134567703 ], [ 130.667514708, 33.13664355 ], [ 130.668900259, 33.138954099 ], [ 130.666308015999988, 33.143384631000011 ], [ 130.667279947999987, 33.147123234 ], [ 130.666285499, 33.150560153 ], [ 130.666509092000013, 33.155046532 ], [ 130.667536874, 33.156954865 ], [ 130.672517704, 33.159322928 ], [ 130.673096304000012, 33.16119654100001 ], [ 130.678731855, 33.164242387 ], [ 130.679100454, 33.166530162 ], [ 130.677804345, 33.16738959500001 ], [ 130.680021543, 33.171308748 ], [ 130.685217392999988, 33.169076829 ], [ 130.687136576, 33.166366586 ], [ 130.693089066, 33.159951333 ], [ 130.691041595, 33.154945811 ], [ 130.691178003, 33.152123324 ], [ 130.693360219999988, 33.151324739 ], [ 130.697145201000012, 33.153585009 ], [ 130.701149636999986, 33.152326982 ], [ 130.702587121, 33.153521135 ], [ 130.704316291, 33.15165892800001 ], [ 130.709358197, 33.151844748 ], [ 130.712355667999987, 33.155331117 ], [ 130.723008119000013, 33.151905874 ], [ 130.727687263, 33.154329486 ], [ 130.731166965, 33.154685604 ], [ 130.734529442, 33.153424505 ], [ 130.737058053999988, 33.148842036 ], [ 130.737485279, 33.146368721 ], [ 130.74176137500001, 33.143149865 ], [ 130.745373022, 33.142812099 ], [ 130.74975441, 33.138905784 ], [ 130.753869676, 33.137449414 ], [ 130.755014125, 33.133535577 ], [ 130.758552996, 33.13155309 ], [ 130.763917393000014, 33.132092514 ], [ 130.765226291, 33.128593414 ], [ 130.768300726, 33.127757054 ], [ 130.770889339, 33.124332676 ], [ 130.774406835, 33.125139081 ], [ 130.777555707, 33.12321827000001 ], [ 130.781879585000013, 33.124809676 ], [ 130.785957613, 33.123019703 ], [ 130.789176782999988, 33.124031378 ], [ 130.792787886000013, 33.123385 ], [ 130.794048716, 33.12167418 ], [ 130.799354267000012, 33.120350595 ], [ 130.802357315, 33.118183964 ], [ 130.807279261, 33.115858459000016 ], [ 130.811821505000012, 33.116642649 ], [ 130.813334838, 33.11506155 ], [ 130.818547328, 33.113428775 ], [ 130.820968703, 33.111352658 ], [ 130.821493968999988, 33.108838766 ], [ 130.820379235, 33.106571009 ], [ 130.824280623, 33.105642396 ], [ 130.826417846999988, 33.106571009 ], [ 130.836597549, 33.10525527 ], [ 130.837367549, 33.104040018 ], [ 130.84223144, 33.105286712 ], [ 130.844120337, 33.107507532 ], [ 130.849049235, 33.107648964 ], [ 130.85332201, 33.109141207 ], [ 130.85564869000001, 33.113083676 ], [ 130.861647315, 33.117527829 ], [ 130.859458431, 33.121366937 ], [ 130.863013450000011, 33.122688892 ], [ 130.866224851, 33.126847459 ], [ 130.867455979, 33.131077414 ], [ 130.867055707, 33.13374793700001 ], [ 130.869040156000011, 33.136301523 ], [ 130.869375991999988, 33.139794523 ], [ 130.870959053, 33.142443387 ], [ 130.870434890000013, 33.14532194600001 ], [ 130.873422114, 33.149260216 ], [ 130.875493787000011, 33.14925745 ], [ 130.879646304, 33.152986901 ], [ 130.879126848, 33.15654827 ], [ 130.876958508, 33.159414072 ], [ 130.876618236000013, 33.164654586 ], [ 130.873527938, 33.167857604 ], [ 130.878396017999989, 33.17277091 ], [ 130.877847134, 33.17419922500001 ], [ 130.885718262000012, 33.176293396 ], [ 130.885559105, 33.178303369 ], [ 130.886899663, 33.182386946 ], [ 130.886196057, 33.18471109 ], [ 130.887456899999989, 33.186271351 ], [ 130.884642724, 33.187705495 ], [ 130.883209105, 33.187056333 ], [ 130.880201608, 33.18834909000001 ], [ 130.874865473, 33.189270171 ], [ 130.871254916, 33.19166264 ], [ 130.869599079000011, 33.193867622 ], [ 130.865900726, 33.193927892 ], [ 130.863677392999989, 33.193062063 ], [ 130.858875149, 33.198054252 ], [ 130.855920143, 33.198544802 ], [ 130.854325966, 33.200022288 ], [ 130.847194553, 33.203118351 ], [ 130.843554565, 33.207237739 ], [ 130.839733450000011, 33.209891865 ], [ 130.836489001, 33.21059991 ], [ 130.836741219, 33.213033495 ], [ 130.838823178000013, 33.216928738999989 ], [ 130.844462101, 33.219309541 ], [ 130.845017108, 33.222910063 ], [ 130.847761284, 33.223772559 ], [ 130.849359338999989, 33.223107838 ], [ 130.854636031000013, 33.22652836 ], [ 130.857585758999988, 33.225550036 ], [ 130.859586057, 33.229126396 ], [ 130.857572995999988, 33.23052555 ], [ 130.852544916, 33.232255252 ], [ 130.847830182, 33.23307636 ], [ 130.843127938, 33.233019685 ], [ 130.832929274, 33.234170225 ], [ 130.831604812, 33.23366273 ], [ 130.826261453, 33.23676325200001 ], [ 130.825189507, 33.241010991 ], [ 130.827477302, 33.244905396 ], [ 130.82474980500001, 33.251051171 ], [ 130.824851466000013, 33.253421712 ], [ 130.822761738, 33.253877261 ], [ 130.81947144, 33.257995568 ], [ 130.81444809300001, 33.256730009 ], [ 130.81063695200001, 33.259572766 ], [ 130.804149429, 33.262563297 ], [ 130.798603009, 33.263715234 ], [ 130.792913813000013, 33.263601613 ], [ 130.79135965, 33.266731045 ], [ 130.792557717, 33.269524919 ], [ 130.787153528, 33.270713523 ], [ 130.782887691000013, 33.270210198 ], [ 130.781289351, 33.268632153 ], [ 130.776875201, 33.272852414 ], [ 130.77584965, 33.27563296400001 ], [ 130.772922425, 33.275473252 ], [ 130.770155499, 33.27861547700001 ], [ 130.768390506, 33.281849649 ], [ 130.76651411200001, 33.282671874 ], [ 130.76335022, 33.281996892 ], [ 130.762677445, 33.283366613 ], [ 130.759177458000011, 33.28283106300001 ], [ 130.75608524, 33.281414117 ], [ 130.752348313999988, 33.282935514 ], [ 130.747255824, 33.280019685 ], [ 130.743325006, 33.280724694 ], [ 130.73852559, 33.284715252 ], [ 130.735509209000014, 33.285118586 ], [ 130.733203658, 33.28687664 ], [ 130.731670882, 33.286327198 ], [ 130.72999422800001, 33.287774144 ], [ 130.730270052, 33.292145523 ], [ 130.725090349999988, 33.295969973 ], [ 130.724037017, 33.302136351 ], [ 130.722954241, 33.302926631 ], [ 130.714602879000012, 33.304177739 ], [ 130.705312905, 33.306396072 ], [ 130.700430143, 33.306569126 ], [ 130.698749585, 33.305192739 ], [ 130.694672918, 33.306163568 ], [ 130.689490713, 33.306013018 ], [ 130.688525992, 33.304028577 ], [ 130.680351284000011, 33.302483297 ], [ 130.677290726, 33.303540514 ], [ 130.669622685, 33.302588568 ], [ 130.667931855, 33.301891342 ], [ 130.663362412, 33.302254396 ], [ 130.653958507999988, 33.300410198 ], [ 130.650992944, 33.298766577 ], [ 130.646831012, 33.29783464 ], [ 130.64353297, 33.298662144 ], [ 130.637445486, 33.298862423 ], [ 130.636017704000011, 33.297768541 ], [ 130.631323541, 33.296472423 ], [ 130.630715759, 33.294075757 ], [ 130.628386316, 33.29201909 ], [ 130.622344929, 33.292687135 ], [ 130.620356861, 33.291077135 ], [ 130.616585201, 33.290869351 ], [ 130.616754916, 33.286178252 ], [ 130.619131868000011, 33.284702144 ], [ 130.618949922000013, 33.28159382 ], [ 130.61669131, 33.279311874 ], [ 130.616459922, 33.276197712 ], [ 130.618071595, 33.273521054 ], [ 130.617539922, 33.270502171 ], [ 130.620383541, 33.265607748 ], [ 130.617435758999989, 33.266156351 ], [ 130.616612425, 33.264580793 ], [ 130.620555214, 33.262549694 ], [ 130.619240208, 33.259576369 ], [ 130.624451336, 33.252881676 ], [ 130.625798003, 33.252755009 ], [ 130.627764668999987, 33.249812243 ], [ 130.627348846, 33.248354748 ], [ 130.630076628000012, 33.24583447700001 ], [ 130.631155525, 33.240321441 ], [ 130.630016355, 33.237955613 ], [ 130.626013293999989, 33.236653658 ], [ 130.620519403, 33.23619531500001 ], [ 130.618222737, 33.237187532 ], [ 130.608150765, 33.237167505 ], [ 130.605921038, 33.238426937 ], [ 130.605225759, 33.241542766 ], [ 130.602998807, 33.244766919 ], [ 130.59879297, 33.244813577 ], [ 130.59477406, 33.243565793 ], [ 130.594844060000014, 33.242186072 ], [ 130.592159598, 33.240604685 ], [ 130.590327912, 33.240689685 ], [ 130.586541518, 33.238054676 ], [ 130.582972348, 33.237551045 ], [ 130.578402348, 33.235233243 ], [ 130.572606226, 33.235147946 ], [ 130.562395110000011, 33.232404054 ], [ 130.554588988, 33.231931541 ], [ 130.551079818, 33.232239586 ], [ 130.55034454, 33.230621811 ], [ 130.544982866, 33.230226252 ], [ 130.535167575, 33.233939009 ], [ 130.531024241000011, 33.234117054 ], [ 130.529149805, 33.231828162 ], [ 130.526793696, 33.231040658 ], [ 130.524420623, 33.233008991 ], [ 130.518805084, 33.231225928 ], [ 130.519393696, 33.230337874 ], [ 130.520704527, 33.230873982 ], [ 130.527575084, 33.230973162 ], [ 130.525645084, 33.230287883 ], [ 130.523175642000012, 33.227708712 ], [ 130.520138145, 33.226428991 ], [ 130.523829274, 33.225477054 ], [ 130.526219261, 33.226303721 ], [ 130.525430104, 33.224157333 ], [ 130.522215655, 33.224000658 ], [ 130.52106428, 33.222966766 ], [ 130.522562905, 33.219415667 ], [ 130.524456238999988, 33.217919279 ], [ 130.523277912, 33.216266225 ], [ 130.519668196999987, 33.215906216 ], [ 130.520771841999988, 33.209076784 ], [ 130.52252879400001, 33.208383171 ], [ 130.521813813, 33.205920955 ], [ 130.51736022, 33.201132333 ], [ 130.522999416, 33.199214009 ], [ 130.530415512, 33.201139865 ], [ 130.531982179000011, 33.199997369 ], [ 130.531280246, 33.19805209 ], [ 130.527303307000011, 33.198276523000011 ], [ 130.525496952, 33.194088748 ], [ 130.527508106, 33.189747081 ], [ 130.532792568, 33.187713207 ], [ 130.533507859999986, 33.185808766 ], [ 130.535918974999987, 33.184468775 ] ] ] } },
{ "type": "Feature", "properties": { "N03_001": "福岡県", "N03_002": null, "N03_003": null, "N03_004": "筑後市", "N03_005": null, "N03_007": "40211", "city": "筑後市" }, "geometry": { "type": "Polygon", "coordinates": [ [ [ 130.463700908, 33.224106162 ], [ 130.460833423999986, 33.220980882999989 ], [ 130.459985681, 33.21521027 ], [ 130.458081946, 33.206843892 ], [ 130.45159166, 33.204839441 ], [ 130.453171115, 33.194563333 ], [ 130.454395551, 33.192203892 ], [ 130.459489442, 33.190545 ], [ 130.45712360600001, 33.185776667 ], [ 130.458421115, 33.180677225 ], [ 130.46087, 33.17961 ], [ 130.458624449000013, 33.176387775 ], [ 130.45297083, 33.175933892 ], [ 130.45143083, 33.174035559 ], [ 130.464711946, 33.173599721 ], [ 130.464453606, 33.172123892 ], [ 130.467887497, 33.171321667 ], [ 130.476034721, 33.170977225 ], [ 130.476750829999986, 33.176188054 ], [ 130.476810272, 33.183147495 ], [ 130.487622114, 33.18275361300001 ], [ 130.490165525, 33.178035414 ], [ 130.485527782, 33.175773333 ], [ 130.488093333, 33.172678892 ], [ 130.495753060999988, 33.172686387 ], [ 130.497853606, 33.174002495 ], [ 130.497789442, 33.175542775 ], [ 130.502006939000012, 33.180428613 ], [ 130.505396394, 33.182506667 ], [ 130.51424834, 33.181335045 ], [ 130.51957422800001, 33.182057144 ], [ 130.52553454, 33.181520054 ], [ 130.531928158, 33.183654595 ], [ 130.535918974999987, 33.184468775 ], [ 130.533507859999986, 33.185808766 ], [ 130.532792568, 33.187713207 ], [ 130.527508106, 33.189747081 ], [ 130.525496952, 33.194088748 ], [ 130.527303307000011, 33.198276523000011 ], [ 130.531280246, 33.19805209 ], [ 130.531982179000011, 33.199997369 ], [ 130.530415512, 33.201139865 ], [ 130.522999416, 33.199214009 ], [ 130.51736022, 33.201132333 ], [ 130.521813813, 33.205920955 ], [ 130.52252879400001, 33.208383171 ], [ 130.520771841999988, 33.209076784 ], [ 130.519668196999987, 33.215906216 ], [ 130.523277912, 33.216266225 ], [ 130.524456238999988, 33.217919279 ], [ 130.522562905, 33.219415667 ], [ 130.52106428, 33.222966766 ], [ 130.522215655, 33.224000658 ], [ 130.525430104, 33.224157333 ], [ 130.526219261, 33.226303721 ], [ 130.523829274, 33.225477054 ], [ 130.520138145, 33.226428991 ], [ 130.523175642000012, 33.227708712 ], [ 130.525645084, 33.230287883 ], [ 130.519393696, 33.230337874 ], [ 130.518805084, 33.231225928 ], [ 130.51861562900001, 33.233793423 ], [ 130.511638392, 33.239515631 ], [ 130.510980894999989, 33.237620631 ], [ 130.508601725, 33.238663405 ], [ 130.509726706, 33.242222568 ], [ 130.51205198400001, 33.244153964 ], [ 130.510963372, 33.246839234 ], [ 130.514486978, 33.246377297 ], [ 130.51188725, 33.250909784 ], [ 130.512051686, 33.253553117 ], [ 130.509512801999989, 33.255133946 ], [ 130.508329481, 33.246960901 ], [ 130.507200869, 33.247883676 ], [ 130.505109481, 33.244682568 ], [ 130.501523372, 33.245567838 ], [ 130.501981427, 33.246964784 ], [ 130.496981427, 33.245004225 ], [ 130.497041153999987, 33.243668396 ], [ 130.487313645, 33.243679225 ], [ 130.486872541999986, 33.241100054 ], [ 130.4835031, 33.239993108 ], [ 130.480469209, 33.240131721 ], [ 130.473696706, 33.241644495 ], [ 130.476498664, 33.238365613 ], [ 130.475207549, 33.235920613 ], [ 130.474846174, 33.232562 ], [ 130.472221725, 33.233539775 ], [ 130.471195615999989, 33.230791162 ], [ 130.469786174, 33.230610604 ], [ 130.469257017, 33.228085333 ], [ 130.465812568, 33.228091162 ], [ 130.465742296, 33.224765883 ], [ 130.463700908, 33.224106162 ] ] ] } },
{ "type": "Feature", "properties": { "N03_001": "福岡県", "N03_002": null, "N03_003": null, "N03_004": "大川市", "N03_005": null, "N03_007": "40212", "city": "大川市" }, "geometry": { "type": "Polygon", "coordinates": [ [ [ 130.352144994000014, 33.17079638700001 ], [ 130.356361946, 33.170811667 ], [ 130.359514994, 33.172558892 ], [ 130.362524449, 33.170780279 ], [ 130.367542218000011, 33.174014441 ], [ 130.365893605999986, 33.177606946 ], [ 130.368401946, 33.179622775 ], [ 130.368658054, 33.183025279 ], [ 130.372145550999988, 33.186275279 ], [ 130.373786394, 33.185186667 ], [ 130.376750558, 33.188131387 ], [ 130.37791166, 33.187411667 ], [ 130.376454720999988, 33.184821667 ], [ 130.378895551, 33.183330279 ], [ 130.380419728, 33.185701387 ], [ 130.388296109, 33.182636387 ], [ 130.387700558, 33.180747225 ], [ 130.392157497, 33.179146387 ], [ 130.396878003000012, 33.184787495 ], [ 130.398802749999987, 33.188149946 ], [ 130.397679248, 33.189006802 ], [ 130.401592865999987, 33.192853667 ], [ 130.399571114999986, 33.194013532 ], [ 130.41415583700001, 33.193907225 ], [ 130.420343061000011, 33.194510829 ], [ 130.422453475999987, 33.198332613 ], [ 130.421421141, 33.200999468 ], [ 130.418532776, 33.202209162 ], [ 130.420304449000014, 33.204910559 ], [ 130.414591414, 33.206392775 ], [ 130.413695550999989, 33.207934162 ], [ 130.419284721, 33.207008892 ], [ 130.420620558, 33.207693613 ], [ 130.42075524, 33.21117373 ], [ 130.419247458, 33.211449297 ], [ 130.421024890000012, 33.216392387 ], [ 130.422807095, 33.217655901 ], [ 130.423418481999988, 33.220540342 ], [ 130.412966265, 33.223323126 ], [ 130.412388482000011, 33.224720631 ], [ 130.412179040000012, 33.226305631 ], [ 130.41429987, 33.228410072 ], [ 130.414989857, 33.235035351 ], [ 130.412026796, 33.235217018 ], [ 130.411805136, 33.232479523 ], [ 130.407016537, 33.231894523 ], [ 130.405580156000013, 33.229951189 ], [ 130.401229597999986, 33.229734243 ], [ 130.399217652, 33.231737856 ], [ 130.395389715, 33.232269856 ], [ 130.393443100000013, 33.23412855 ], [ 130.393633982000011, 33.236944189 ], [ 130.391629598, 33.23854702700001 ], [ 130.387675707, 33.239171189 ], [ 130.385204604, 33.240461189 ], [ 130.378685435, 33.24146591 ], [ 130.377418495, 33.243616189 ], [ 130.373296291, 33.244264756999989 ], [ 130.372796290999986, 33.242013072 ], [ 130.370129105, 33.23976466700001 ], [ 130.370647717, 33.236086342 ], [ 130.373163256, 33.233015018 ], [ 130.374804358, 33.232827279 ], [ 130.379048262, 33.229178847 ], [ 130.378835253, 33.222150351 ], [ 130.376174721000012, 33.219921676 ], [ 130.367381946, 33.217550279 ], [ 130.362058612, 33.215202775 ], [ 130.358141388, 33.210796946 ], [ 130.35502917, 33.209231108 ], [ 130.346593332999987, 33.209065829 ], [ 130.342686109, 33.208281387 ], [ 130.339702218000014, 33.205017225 ], [ 130.33942221800001, 33.200367775 ], [ 130.340554994, 33.188445829 ], [ 130.342746939, 33.188210559 ], [ 130.346342218, 33.183842775 ], [ 130.347056394, 33.181955 ], [ 130.35312, 33.180462225 ], [ 130.352379727999988, 33.176486667 ], [ 130.352144994000014, 33.17079638700001 ] ] ] } },
{ "type": "Feature", "properties": { "N03_001": "福岡県", "N03_002": null, "N03_003": null, "N03_004": "行橋市", "N03_005": null, "N03_007": "40213", "city": "行橋市" }, "geometry": { "type": "Polygon", "coordinates": [ [ [ 130.894338327000014, 33.734143613 ], [ 130.89595917, 33.732277225 ], [ 130.895933332999988, 33.724512225 ], [ 130.898752218, 33.721679721 ], [ 130.904839442, 33.719838333 ], [ 130.903788053999989, 33.718550279 ], [ 130.90598166, 33.713903892 ], [ 130.907925837, 33.71241 ], [ 130.91215083, 33.711656667 ], [ 130.912791660000011, 33.717906108 ], [ 130.91381166, 33.720961108 ], [ 130.918458054000013, 33.721051108 ], [ 130.920628612, 33.718445 ], [ 130.923152218000013, 33.719289162 ], [ 130.923697497, 33.721441667 ], [ 130.926940272, 33.719785 ], [ 130.931254449, 33.719565559 ], [ 130.932199442000012, 33.717401108 ], [ 130.936192503, 33.714446108 ], [ 130.936048612, 33.712833613 ], [ 130.938616667, 33.711168333 ], [ 130.934935837000012, 33.707966387 ], [ 130.928777497, 33.699466946 ], [ 130.930244163, 33.694639162 ], [ 130.926687781999988, 33.691965 ], [ 130.929545837, 33.692022225 ], [ 130.929434994, 33.690042225 ], [ 130.932078327, 33.690865829 ], [ 130.932032217999989, 33.689011387 ], [ 130.929346109, 33.689061667 ], [ 130.928206394, 33.685590829 ], [ 130.92800166, 33.681939162 ], [ 130.926007782, 33.679308892 ], [ 130.928253332999986, 33.677730559 ], [ 130.926187497, 33.672216387 ], [ 130.934168612, 33.672139721 ], [ 130.939329442, 33.674309721 ], [ 130.941033061000013, 33.677125 ], [ 130.943954448999989, 33.676961946 ], [ 130.946042776000013, 33.678757495 ], [ 130.948623891000011, 33.678406108 ], [ 130.950945551, 33.680851108 ], [ 130.955061946, 33.678185559 ], [ 130.958076667, 33.679180829 ], [ 130.959808054, 33.682226946 ], [ 130.959927497, 33.684265 ], [ 130.961951946, 33.684093054 ], [ 130.964964449, 33.686533613 ], [ 130.969233333, 33.686871108 ], [ 130.971364163, 33.688778054 ], [ 130.970799441999986, 33.691204721 ], [ 130.977174163, 33.689733613 ], [ 130.979691946, 33.690561946 ], [ 130.982153891, 33.689663892 ], [ 130.984054721, 33.691872225 ], [ 130.989691946, 33.688987495 ], [ 130.992360272000013, 33.692774721 ], [ 130.995234721, 33.694564441 ], [ 130.99697389100001, 33.691482495 ], [ 131.006090272, 33.691167775 ], [ 131.00493083, 33.688857225 ], [ 131.002714994, 33.687711108 ], [ 131.000713333, 33.688270279 ], [ 131.002992218, 33.685860829 ], [ 131.002459442, 33.684341387 ], [ 131.007577223999988, 33.687723054 ], [ 131.004656667, 33.684926387 ], [ 131.004357497, 33.68112 ], [ 131.007566938999986, 33.680492225 ], [ 131.005262218000013, 33.678605559 ], [ 131.006269442, 33.677581946 ], [ 131.010529442, 33.677328892 ], [ 131.010722503000011, 33.676237775 ], [ 131.015991388, 33.678536108 ], [ 131.018491388, 33.681595559 ], [ 131.022867497, 33.683471108 ], [ 131.030289442, 33.679271387 ], [ 131.033069727999987, 33.679996946 ], [ 131.036764721, 33.679806108 ], [ 131.03929, 33.681499441 ], [ 131.043315837, 33.682753613 ], [ 131.04587917, 33.684969162 ], [ 131.045796265, 33.689095216 ], [ 131.041939585, 33.68953464 ], [ 131.039352283, 33.692115054 ], [ 131.03958297, 33.695387387 ], [ 131.037507419, 33.696314414 ], [ 131.037939689000012, 33.697845135 ], [ 131.034805331, 33.700293279 ], [ 131.035575642, 33.700710973 ], [ 131.030634306, 33.705474162 ], [ 131.028033384999986, 33.710219162 ], [ 131.025207951, 33.717048414 ], [ 131.023855694, 33.722991919 ], [ 131.022410246, 33.724848441 ], [ 131.022546939, 33.728037946 ], [ 131.02107607, 33.730889523000016 ], [ 131.016958444000011, 33.732389162 ], [ 131.014088029, 33.731475081 ], [ 131.013668560000013, 33.734199586 ], [ 131.014856615000014, 33.73468264000001 ], [ 131.017961141, 33.738909108 ], [ 131.016518029, 33.741932946 ], [ 131.018121946, 33.741373495 ], [ 131.017895888, 33.743742748 ], [ 131.019322335, 33.745357865 ], [ 131.017440947000011, 33.747468198 ], [ 131.016169559, 33.750795829 ], [ 131.012953139, 33.751279333 ], [ 131.009633774, 33.749423108 ], [ 131.011639027, 33.746893892 ], [ 131.008317173, 33.743913081 ], [ 131.004328586000014, 33.748206559 ], [ 131.004168275000012, 33.749918243 ], [ 131.000008326999989, 33.748642775 ], [ 130.991769728, 33.743402495 ], [ 130.985909442, 33.741211387 ], [ 130.984208884999987, 33.741646667 ], [ 130.978876939, 33.745274441 ], [ 130.97552527900001, 33.742419441 ], [ 130.969991388000011, 33.741729721 ], [ 130.965156667, 33.739297775 ], [ 130.956994994000013, 33.738680829 ], [ 130.957266667, 33.736087225 ], [ 130.95306917, 33.737524441 ], [ 130.951373891, 33.735663613 ], [ 130.94816917, 33.735766667 ], [ 130.94347, 33.737456946 ], [ 130.942926394000011, 33.740013613 ], [ 130.931981115000013, 33.740521387 ], [ 130.930795279, 33.743432775 ], [ 130.92869944200001, 33.744740279 ], [ 130.923886394, 33.744979441 ], [ 130.917674721, 33.747710559 ], [ 130.912223332999986, 33.747656667 ], [ 130.910040558, 33.748877775 ], [ 130.907226109, 33.746002775 ], [ 130.902258327, 33.753206108 ], [ 130.898661659999988, 33.747068892 ], [ 130.897006108999989, 33.740933892 ], [ 130.894682776, 33.738993054 ], [ 130.895164449, 33.735066667 ], [ 130.894338327000014, 33.734143613 ] ] ] } },
{ "type": "Feature", "properties": { "N03_001": "福岡県", "N03_002": null, "N03_003": null, "N03_004": "行橋市", "N03_005": null, "N03_007": "40213", "city": "行橋市" }, "geometry": { "type": "Polygon", "coordinates": [ [ [ 131.026572607, 33.728914468 ], [ 131.028472672, 33.727754865 ], [ 131.028928132, 33.730567586 ], [ 131.026572607, 33.728914468 ] ] ] } },
{ "type": "Feature", "properties": { "N03_001": "福岡県", "N03_002": null, "N03_003": null, "N03_004": "行橋市", "N03_005": null, "N03_007": "40213", "city": "行橋市" }, "geometry": null },
{ "type": "Feature", "properties": { "N03_001": "福岡県", "N03_002": null, "N03_003": null, "N03_004": "行橋市", "N03_005": null, "N03_007": "40213", "city": "行橋市" }, "geometry": null },
{ "type": "Feature", "properties": { "N03_001": "福岡県", "N03_002": null, "N03_003": null, "N03_004": "行橋市", "N03_005": null, "N03_007": "40213", "city": "行橋市" }, "geometry": null },
{ "type": "Feature", "properties": { "N03_001": "福岡県", "N03_002": null, "N03_003": null, "N03_004": "行橋市", "N03_005": null, "N03_007": "40213", "city": "行橋市" }, "geometry": null },
{ "type": "Feature", "properties": { "N03_001": "福岡県", "N03_002": null, "N03_003": null, "N03_004": "行橋市", "N03_005": null, "N03_007": "40213", "city": "行橋市" }, "geometry": null },
{ "type": "Feature", "properties": { "N03_001": "福岡県", "N03_002": null, "N03_003": null, "N03_004": "行橋市", "N03_005": null, "N03_007": "40213", "city": "行橋市" }, "geometry": null },
{ "type": "Feature", "properties": { "N03_001": "福岡県", "N03_002": null, "N03_003": null, "N03_004": "行橋市", "N03_005": null, "N03_007": "40213", "city": "行橋市" }, "geometry": null },
{ "type": "Feature", "properties": { "N03_001": "福岡県", "N03_002": null, "N03_003": null, "N03_004": "豊前市", "N03_005": null, "N03_007": "40214", "city": "豊前市" }, "geometry": { "type": "Polygon", "coordinates": [ [ [ 131.086659481, 33.634447721 ], [ 131.08463489, 33.63261317100001 ], [ 131.085087224, 33.629429721 ], [ 131.082260272000013, 33.626198333 ], [ 131.07686917, 33.623928054 ], [ 131.07125166, 33.616341387 ], [ 131.067921388, 33.612475559 ], [ 131.066153332999988, 33.609491108 ], [ 131.057026109, 33.603958613 ], [ 131.051528053999988, 33.598960279 ], [ 131.048694993999987, 33.595750559 ], [ 131.045566394, 33.587171946 ], [ 131.042537782000011, 33.584816946 ], [ 131.041482503, 33.58139889200001 ], [ 131.035828054, 33.573089441 ], [ 131.033223333, 33.571240829 ], [ 131.03186138800001, 33.567456946 ], [ 131.029732503, 33.565268054 ], [ 131.023994721, 33.564120279 ], [ 131.019307782, 33.560639162 ], [ 131.016907224, 33.560706667 ], [ 131.015537224000013, 33.556524721 ], [ 131.012117497, 33.553582495 ], [ 131.012217782, 33.548985 ], [ 131.009469728, 33.543800559 ], [ 131.010691388, 33.540111667 ], [ 131.009057224, 33.537948054 ], [ 131.005165279000011, 33.535744441 ], [ 131.00218416300001, 33.53305 ], [ 131.000312775999987, 33.533184441 ], [ 130.99714, 33.529101387 ], [ 130.99447583700001, 33.52708194600001 ], [ 130.993598327, 33.524293054 ], [ 130.990158611999988, 33.517426108 ], [ 130.991167782, 33.514733333 ], [ 130.98995166, 33.509140559 ], [ 130.991775279, 33.508332775 ], [ 130.997623890999989, 33.510113333 ], [ 131.001438054, 33.512175559 ], [ 131.005328612, 33.510847225 ], [ 131.015157781999989, 33.509067494999989 ], [ 131.019376939000011, 33.512602775 ], [ 131.02679, 33.513923333 ], [ 131.028534449, 33.517763892 ], [ 131.029836939, 33.518833333000011 ], [ 131.03573917, 33.51907305400001 ], [ 131.037906666999987, 33.516562775 ], [ 131.04235055800001, 33.514010559 ], [ 131.042557781999989, 33.512571387 ], [ 131.045500557999986, 33.50991 ], [ 131.047722502999989, 33.511071667 ], [ 131.05128, 33.510044441 ], [ 131.05331166, 33.507891946 ], [ 131.060946939, 33.509154441 ], [ 131.063097497, 33.510203333 ], [ 131.06765083, 33.509056387 ], [ 131.070459441999986, 33.512769441 ], [ 131.076406666999986, 33.517700829 ], [ 131.082135551, 33.518770829 ], [ 131.083985551000012, 33.521164721 ], [ 131.086850272, 33.521802775 ], [ 131.089102776, 33.52452 ], [ 131.090841388, 33.524768054 ], [ 131.094556394, 33.531171108 ], [ 131.093425551, 33.535654162 ], [ 131.104025279000012, 33.541058333 ], [ 131.105789442, 33.543976946 ], [ 131.109659728, 33.543103613 ], [ 131.113272218, 33.547768054 ], [ 131.11567, 33.554038054 ], [ 131.118623061, 33.557062775 ], [ 131.121797496999989, 33.567619721 ], [ 131.128091114999989, 33.574003333 ], [ 131.130997782, 33.57936555900001 ], [ 131.138409169999989, 33.582615279 ], [ 131.142173606, 33.585814162 ], [ 131.145166667000012, 33.586637225 ], [ 131.149507497, 33.58966082900001 ], [ 131.151909442, 33.590466108 ], [ 131.155198885, 33.594987495 ], [ 131.156652218, 33.598253054 ], [ 131.157328054, 33.600515559 ], [ 131.152906939, 33.602229721 ], [ 131.154787497, 33.604792225 ], [ 131.160071945999988, 33.607553054 ], [ 131.16082083, 33.609716108 ], [ 131.165364449, 33.61150889200001 ], [ 131.164875837000011, 33.613552225 ], [ 131.166186641, 33.616923514 ], [ 131.161774137, 33.616460378 ], [ 131.154989519999987, 33.619552072 ], [ 131.153865201, 33.621614081 ], [ 131.147511946, 33.622653604 ], [ 131.144700855999986, 33.625429306 ], [ 131.142408507999988, 33.626529306 ], [ 131.14027847, 33.625862793 ], [ 131.131829001, 33.626923162 ], [ 131.128867302, 33.628810604 ], [ 131.12884994800001, 33.631344063 ], [ 131.127233619, 33.631334009 ], [ 131.127247678, 33.629169441 ], [ 131.130861634000013, 33.626569117 ], [ 131.130507691, 33.625439234 ], [ 131.123952632999988, 33.626316279 ], [ 131.122191725, 33.624613234 ], [ 131.122943048, 33.627321838 ], [ 131.121490298, 33.627768252 ], [ 131.120713593, 33.63040127 ], [ 131.115001686, 33.630522315 ], [ 131.115269909, 33.625294874 ], [ 131.116218780999986, 33.624850541 ], [ 131.116548806999987, 33.619324387 ], [ 131.114095045, 33.617412063 ], [ 131.113040674, 33.617891189 ], [ 131.113377263, 33.623910207 ], [ 131.107984553, 33.623909892 ], [ 131.109063645, 33.618170225 ], [ 131.106567782000013, 33.616966811 ], [ 131.100077419, 33.618090054 ], [ 131.097482023, 33.621013595 ], [ 131.096954383999986, 33.623344081 ], [ 131.093665201, 33.623517342 ], [ 131.094261868, 33.627789414 ], [ 131.088627224, 33.633839468 ], [ 131.086659481, 33.634447721 ] ] ] } },
{ "type": "Feature", "properties": { "N03_001": "福岡県", "N03_002": null, "N03_003": null, "N03_004": "豊前市", "N03_005": null, "N03_007": "40214", "city": "豊前市" }, "geometry": null },
{ "type": "Feature", "properties": { "N03_001": "福岡県", "N03_002": null, "N03_003": null, "N03_004": "豊前市", "N03_005": null, "N03_007": "40214", "city": "豊前市" }, "geometry": null },
{ "type": "Feature", "properties": { "N03_001": "福岡県", "N03_002": null, "N03_003": null, "N03_004": "豊前市", "N03_005": null, "N03_007": "40214", "city": "豊前市" }, "geometry": null },
{ "type": "Feature", "properties": { "N03_001": "福岡県", "N03_002": null, "N03_003": null, "N03_004": "豊前市", "N03_005": null, "N03_007": "40214", "city": "豊前市" }, "geometry": null },
{ "type": "Feature", "properties": { "N03_001": "福岡県", "N03_002": null, "N03_003": null, "N03_004": "豊前市", "N03_005": null, "N03_007": "40214", "city": "豊前市" }, "geometry": null },
{ "type": "Feature", "properties": { "N03_001": "福岡県", "N03_002": null, "N03_003": null, "N03_004": "豊前市", "N03_005": null, "N03_007": "40214", "city": "豊前市" }, "geometry": null },
{ "type": "Feature", "properties": { "N03_001": "福岡県", "N03_002": null, "N03_003": null, "N03_004": "豊前市", "N03_005": null, "N03_007": "40214", "city": "豊前市" }, "geometry": null },
{ "type": "Feature", "properties": { "N03_001": "福岡県", "N03_002": null, "N03_003": null, "N03_004": "中間市", "N03_005": null, "N03_007": "40215", "city": "中間市" }, "geometry": { "type": "Polygon", "coordinates": [ [ [ 130.691267782000011, 33.834104162 ], [ 130.688105551, 33.832794441 ], [ 130.685385279, 33.830622775 ], [ 130.677205550999986, 33.830494721 ], [ 130.674250272, 33.825647225 ], [ 130.668514994, 33.823263054 ], [ 130.669753891, 33.819628333 ], [ 130.674491115, 33.82152222500001 ], [ 130.676710558, 33.817634162 ], [ 130.678794163, 33.816560828999989 ], [ 130.68065166, 33.811086946 ], [ 130.682598885, 33.810902225 ], [ 130.687897224000011, 33.812615 ], [ 130.690880246, 33.810814748 ], [ 130.692332502999989, 33.80688 ], [ 130.695431388, 33.805864441 ], [ 130.70031, 33.806664441 ], [ 130.700579442, 33.80354972100001 ], [ 130.703562218, 33.801263613 ], [ 130.706698327, 33.804403333 ], [ 130.71097, 33.806236108 ], [ 130.716548885, 33.807296946 ], [ 130.715105551, 33.809986108 ], [ 130.716750272000013, 33.809758333 ], [ 130.721735837000011, 33.806578892 ], [ 130.719582218, 33.801876108 ], [ 130.720887224, 33.801523054 ], [ 130.725266667, 33.803269721 ], [ 130.731108054, 33.812575559 ], [ 130.734464163000013, 33.813719162 ], [ 130.738431946, 33.813775559 ], [ 130.740136939, 33.815409441 ], [ 130.743069728, 33.816076946 ], [ 130.742847497000014, 33.820014721 ], [ 130.738207497, 33.821067495 ], [ 130.733253333, 33.822880829 ], [ 130.733194449, 33.824657225 ], [ 130.729709442, 33.825345829 ], [ 130.729747497, 33.827423333 ], [ 130.728001946, 33.828995 ], [ 130.728801659999988, 33.830691667 ], [ 130.726990558000011, 33.831492495 ], [ 130.72613166, 33.834139441 ], [ 130.72345639400001, 33.832400279 ], [ 130.718458054, 33.834449441 ], [ 130.715981660000011, 33.834598333 ], [ 130.716591414, 33.837354135 ], [ 130.713333476, 33.83787666700001 ], [ 130.710182944, 33.836036586 ], [ 130.708607613, 33.837326162 ], [ 130.709227223999989, 33.839222495 ], [ 130.706012776, 33.839446387 ], [ 130.705108612, 33.841061108 ], [ 130.701654448999989, 33.841927495 ], [ 130.703120558, 33.834046667 ], [ 130.699356939000012, 33.834241387 ], [ 130.699045668, 33.832033829 ], [ 130.695674720999989, 33.830110279 ], [ 130.691267782000011, 33.834104162 ] ] ] } },
{ "type": "Feature", "properties": { "N03_001": "福岡県", "N03_002": null, "N03_003": null, "N03_004": "小郡市", "N03_005": null, "N03_007": "40216", "city": "小郡市" }, "geometry": { "type": "Polygon", "coordinates": [ [ [ 130.535978457, 33.342962297 ], [ 130.537769844, 33.341399793 ], [ 130.540792348, 33.345673126 ], [ 130.546042633000013, 33.346787018 ], [ 130.546128470000014, 33.345237577 ], [ 130.550339857000012, 33.345423135 ], [ 130.550221803, 33.348384243 ], [ 130.55360987, 33.350266189 ], [ 130.557148482, 33.35055091 ], [ 130.558804318999989, 33.353232027 ], [ 130.562762101, 33.353388135 ], [ 130.562334047, 33.355207865 ], [ 130.570169883, 33.35521509 ], [ 130.571737108, 33.354274532 ], [ 130.577187004, 33.359649117 ], [ 130.578797626000011, 33.362170955000011 ], [ 130.578430454, 33.367072865 ], [ 130.578101569000012, 33.372862874 ], [ 130.582240791, 33.380124306 ], [ 130.582857497, 33.383051676 ], [ 130.585516394, 33.383975829 ], [ 130.587361115, 33.386622495 ], [ 130.58738166, 33.388857495 ], [ 130.58954083, 33.394074721 ], [ 130.591018612, 33.395397775 ], [ 130.591979442, 33.398658054 ], [ 130.591300558, 33.400488892 ], [ 130.593066109, 33.402521946 ], [ 130.598512776, 33.403187225 ], [ 130.599799728, 33.410023054 ], [ 130.606864994, 33.412115559 ], [ 130.609315837, 33.412305829 ], [ 130.61016693900001, 33.412371667 ], [ 130.605055279, 33.419291108 ], [ 130.600586394, 33.420768333 ], [ 130.59835416300001, 33.423402775 ], [ 130.593171946000012, 33.426114161999983 ], [ 130.588341388, 33.429458054 ], [ 130.586023606, 33.430125 ], [ 130.581431114999987, 33.435336946 ], [ 130.582772776000013, 33.436910559 ], [ 130.579765551, 33.436971108 ], [ 130.575761115, 33.438795559 ], [ 130.576079728, 33.439644162 ], [ 130.572398054, 33.440818054 ], [ 130.571407782, 33.442853892 ], [ 130.5659, 33.445847495 ], [ 130.565355278999988, 33.448697775 ], [ 130.561494163, 33.447662495 ], [ 130.557050272, 33.449391387 ], [ 130.553595836999989, 33.449929162 ], [ 130.552311946, 33.443674441 ], [ 130.549629728000014, 33.440760559 ], [ 130.545395837, 33.441539162 ], [ 130.543646252, 33.439099694 ], [ 130.54049233500001, 33.441564667 ], [ 130.536470752000014, 33.438981946 ], [ 130.535331388, 33.437374162 ], [ 130.535151388, 33.434389162 ], [ 130.537206394, 33.429193054 ], [ 130.537367782, 33.426298613 ], [ 130.541064162999987, 33.421222775 ], [ 130.541159728, 33.413180559 ], [ 130.541682218, 33.403903054 ], [ 130.541959170000013, 33.366341396 ], [ 130.540742776, 33.366113622 ], [ 130.539378871999986, 33.358798108 ], [ 130.537969105, 33.355298748 ], [ 130.535978457, 33.342962297 ] ] ] } },
{ "type": "Feature", "properties": { "N03_001": "福岡県", "N03_002": null, "N03_003": null, "N03_004": "筑紫野市", "N03_005": null, "N03_007": "40217", "city": "筑紫野市" }, "geometry": { "type": "Polygon", "coordinates": [ [ [ 130.572155551, 33.542476946 ], [ 130.568885551, 33.539870829 ], [ 130.567359728000014, 33.537373892 ], [ 130.566743333, 33.533043613 ], [ 130.565368611999986, 33.530844721 ], [ 130.560712218, 33.52858 ], [ 130.558222776, 33.523534721 ], [ 130.554790272, 33.521885 ], [ 130.550276394, 33.521425829 ], [ 130.547213333, 33.524417775000011 ], [ 130.5444807, 33.521314108 ], [ 130.54216166, 33.521693333 ], [ 130.539555837, 33.515392495 ], [ 130.540411388, 33.512549441 ], [ 130.546447224, 33.510213054 ], [ 130.549399169999987, 33.506332775 ], [ 130.547316278000011, 33.503542667 ], [ 130.546542776, 33.497577225 ], [ 130.544760272, 33.494733333 ], [ 130.540842607, 33.490886225 ], [ 130.534357497, 33.494227225 ], [ 130.534497497, 33.495688333 ], [ 130.530961115, 33.498326946 ], [ 130.531362218, 33.503301946 ], [ 130.529236938999986, 33.505943333 ], [ 130.521534994, 33.507002775 ], [ 130.519636939, 33.503302225 ], [ 130.51577360600001, 33.502727225 ], [ 130.513903333, 33.503912775 ], [ 130.513772503000013, 33.500013892 ], [ 130.507887224, 33.500157495 ], [ 130.50848808, 33.502638919 ], [ 130.506734720999987, 33.502478333 ], [ 130.504600272, 33.505701108 ], [ 130.50439972800001, 33.510812495 ], [ 130.502297782, 33.511114162 ], [ 130.503242503, 33.506127495 ], [ 130.499463606, 33.501758054 ], [ 130.50003, 33.500754721 ], [ 130.495971115, 33.496436667 ], [ 130.496361946, 33.490333613 ], [ 130.493547224, 33.487989721 ], [ 130.49495166, 33.48663 ], [ 130.492587781999987, 33.484096108 ], [ 130.495003606000012, 33.480031108 ], [ 130.497663891, 33.480222225 ], [ 130.49516166, 33.477232495 ], [ 130.494127782, 33.474666946 ], [ 130.490000272, 33.470467775 ], [ 130.486007782, 33.46744 ], [ 130.484511115, 33.467355559 ], [ 130.48218472100001, 33.464626667 ], [ 130.478729442, 33.465591387 ], [ 130.475423060999987, 33.465608333 ], [ 130.473461388, 33.46382 ], [ 130.466257496999987, 33.466351387 ], [ 130.464358612000012, 33.464948054 ], [ 130.464324162999986, 33.462093892 ], [ 130.461041388000012, 33.461008054 ], [ 130.45749111500001, 33.457378613 ], [ 130.459538885, 33.455003333 ], [ 130.457913061, 33.452760279 ], [ 130.460449442, 33.450365829 ], [ 130.46005917, 33.447603054 ], [ 130.461176666999989, 33.444977495 ], [ 130.456851115, 33.441968892 ], [ 130.453657497, 33.436207495 ], [ 130.45610166, 33.435988613 ], [ 130.457811115, 33.430658054 ], [ 130.456811388, 33.428978333000011 ], [ 130.46078083, 33.429233613 ], [ 130.461413333, 33.428237225 ], [ 130.463073333000011, 33.428020829 ], [ 130.466675278999986, 33.430355559 ], [ 130.469067782, 33.432990829 ], [ 130.474376109, 33.435465 ], [ 130.476593333000011, 33.438463892 ], [ 130.48007194600001, 33.436127225 ], [ 130.482542218, 33.437681946 ], [ 130.485753606, 33.438076667 ], [ 130.48728166, 33.440290559 ], [ 130.491116393999988, 33.43970610800001 ], [ 130.492833891, 33.442237775 ], [ 130.49425, 33.44227389200001 ], [ 130.49591, 33.444766946 ], [ 130.501515551000011, 33.445542225 ], [ 130.503535836999987, 33.446925829 ], [ 130.50588083, 33.446250829 ], [ 130.507943332999986, 33.443831387 ], [ 130.50963166, 33.443798613 ], [ 130.51130917, 33.446591946 ], [ 130.511132218, 33.44911277500001 ], [ 130.516445551, 33.447493333 ], [ 130.517588053999987, 33.44576472100001 ], [ 130.521818054, 33.446046667 ], [ 130.526211945999989, 33.444185279 ], [ 130.530871115, 33.441381108 ], [ 130.533244449, 33.441584721 ], [ 130.536470752000014, 33.438981946 ], [ 130.54049233500001, 33.441564667 ], [ 130.543646252, 33.439099694 ], [ 130.545395837, 33.441539162 ], [ 130.549629728000014, 33.440760559 ], [ 130.552311946, 33.443674441 ], [ 130.553595836999989, 33.449929162 ], [ 130.557050272, 33.449391387 ], [ 130.561494163, 33.447662495 ], [ 130.565355278999988, 33.448697775 ], [ 130.5659, 33.445847495 ], [ 130.571407782, 33.442853892 ], [ 130.572398054, 33.440818054 ], [ 130.576079728, 33.439644162 ], [ 130.575761115, 33.438795559 ], [ 130.579765551, 33.436971108 ], [ 130.580672438, 33.437055027 ], [ 130.584619442, 33.441026667 ], [ 130.574973061, 33.445516946 ], [ 130.575016393999988, 33.447073892 ], [ 130.572708612000014, 33.448170829 ], [ 130.57063917, 33.45266082900001 ], [ 130.571037497, 33.454308892 ], [ 130.568926108999989, 33.454023054 ], [ 130.563718884999986, 33.459048892 ], [ 130.562015837, 33.462757775 ], [ 130.562680558000011, 33.467524721 ], [ 130.561586393999988, 33.470234441 ], [ 130.562225837, 33.473560829 ], [ 130.56091111500001, 33.475383054 ], [ 130.566783061, 33.481861946 ], [ 130.568399441999986, 33.480923892 ], [ 130.566320272000013, 33.476889721 ], [ 130.569246394, 33.476223892 ], [ 130.571562503, 33.474314721 ], [ 130.574369442, 33.475126387 ], [ 130.574210558, 33.473953892 ], [ 130.577931946, 33.472568892 ], [ 130.580086394, 33.472732775 ], [ 130.585557782, 33.479240559000012 ], [ 130.585655279, 33.480970559 ], [ 130.588278885, 33.481423613 ], [ 130.589019442, 33.485734162 ], [ 130.596312503, 33.488330559 ], [ 130.598000558, 33.487936387 ], [ 130.60198917, 33.489135559 ], [ 130.604156394, 33.491477225 ], [ 130.610163605999986, 33.492808333 ], [ 130.610009728, 33.495921387 ], [ 130.618576109, 33.504599162 ], [ 130.621446394, 33.506098892 ], [ 130.619667497, 33.510815829 ], [ 130.621261946, 33.512907775 ], [ 130.619044163000012, 33.513283054 ], [ 130.618184721, 33.515964162 ], [ 130.612248612, 33.517125 ], [ 130.609910558, 33.519527225 ], [ 130.6115, 33.522101108 ], [ 130.612094721, 33.525202495 ], [ 130.607871115, 33.529244721 ], [ 130.605305279, 33.53004944100001 ], [ 130.60472083, 33.532286667 ], [ 130.597841115, 33.538497495 ], [ 130.595769170000011, 33.538781667 ], [ 130.59450888500001, 33.542841387000017 ], [ 130.595596667, 33.545667495 ], [ 130.59342, 33.547698054 ], [ 130.586331660000013, 33.551905279 ], [ 130.584088885, 33.554676667 ], [ 130.579418885, 33.553171387 ], [ 130.574045837, 33.543112495 ], [ 130.572155551, 33.542476946 ] ] ] } },
{ "type": "Feature", "properties": { "N03_001": "福岡県", "N03_002": null, "N03_003": null, "N03_004": "春日市", "N03_005": null, "N03_007": "40218", "city": "春日市" }, "geometry": { "type": "Polygon", "coordinates": [ [ [ 130.434045551, 33.522905559 ], [ 130.436671115, 33.516627495 ], [ 130.442299728, 33.511616667000013 ], [ 130.448312503000011, 33.50856777500001 ], [ 130.448157224, 33.505953054 ], [ 130.445425551, 33.503161387 ], [ 130.447395836999988, 33.501861667 ], [ 130.44808805400001, 33.499447775 ], [ 130.45033693900001, 33.498802775 ], [ 130.452620558, 33.501700559 ], [ 130.455403606, 33.500745279 ], [ 130.457072218, 33.502610559 ], [ 130.460272218, 33.503021973 ], [ 130.460842918, 33.505020387 ], [ 130.468536109000013, 33.508646667 ], [ 130.470136394, 33.510243613 ], [ 130.472317782, 33.50937861300001 ], [ 130.476962437999987, 33.509095306 ], [ 130.477029754, 33.510744892 ], [ 130.474748003, 33.512188162 ], [ 130.474887108, 33.515477802 ], [ 130.477971946, 33.519819721 ], [ 130.476929442, 33.520531108 ], [ 130.477658053999988, 33.523636108 ], [ 130.478951115, 33.524500559 ], [ 130.47881416300001, 33.527973333 ], [ 130.476413891, 33.530421387 ], [ 130.475768612, 33.533753613 ], [ 130.477044994000011, 33.535655559 ], [ 130.473136939, 33.539231108 ], [ 130.468931387999987, 33.537893613 ], [ 130.467167497, 33.536642775 ], [ 130.465939222, 33.537672 ], [ 130.464053891, 33.535816946 ], [ 130.459638612, 33.539348054 ], [ 130.454396304, 33.546761532 ], [ 130.452167782, 33.548816108 ], [ 130.449760558, 33.549122495 ], [ 130.448865837, 33.547233333 ], [ 130.446064254, 33.547731667 ], [ 130.4437738, 33.546095306 ], [ 130.442163891, 33.546600279 ], [ 130.442381114999989, 33.544358613 ], [ 130.439644721, 33.542906946 ], [ 130.440413606, 33.540523054 ], [ 130.439297224, 33.539725279 ], [ 130.443018327, 33.533227775 ], [ 130.440117224, 33.530191946 ], [ 130.438704449, 33.530641667 ], [ 130.435812218, 33.52892 ], [ 130.435489170000011, 33.527555 ], [ 130.437404994, 33.525215559 ], [ 130.434045551, 33.522905559 ] ] ] } },
{ "type": "Feature", "properties": { "N03_001": "福岡県", "N03_002": null, "N03_003": null, "N03_004": "大野城市", "N03_005": null, "N03_007": "40219", "city": "大野城市" }, "geometry": { "type": "Polygon", "coordinates": [ [ [ 130.45033693900001, 33.498802775 ], [ 130.451629442000012, 33.496502225 ], [ 130.450790829999988, 33.494986108 ], [ 130.45172138800001, 33.490928613 ], [ 130.45341, 33.488464441 ], [ 130.452307224, 33.486563054 ], [ 130.453895550999988, 33.479576946 ], [ 130.456098612, 33.477091108 ], [ 130.454156667, 33.474655829 ], [ 130.455828327, 33.47055 ], [ 130.459093891, 33.471144721 ], [ 130.463416939000012, 33.468933333 ], [ 130.465364163, 33.469650829 ], [ 130.466257496999987, 33.466351387 ], [ 130.473461388, 33.46382 ], [ 130.475423060999987, 33.465608333 ], [ 130.478729442, 33.465591387 ], [ 130.48218472100001, 33.464626667 ], [ 130.484511115, 33.467355559 ], [ 130.486007782, 33.46744 ], [ 130.490000272, 33.470467775 ], [ 130.486429728, 33.477930279 ], [ 130.487038612, 33.480048054 ], [ 130.485783333, 33.481561946 ], [ 130.486768612, 33.483489441 ], [ 130.485869442, 33.486158333 ], [ 130.483123333, 33.490336108 ], [ 130.484413333, 33.499637225 ], [ 130.487207782000013, 33.501189441 ], [ 130.489222776, 33.504288892 ], [ 130.488167782, 33.507273613 ], [ 130.485973256, 33.510479775 ], [ 130.486193061, 33.513334721 ], [ 130.494813606, 33.519678892 ], [ 130.489325279000013, 33.530541108 ], [ 130.49438583700001, 33.533016387 ], [ 130.499539442000014, 33.530978613 ], [ 130.51432083, 33.536975559 ], [ 130.512164449000011, 33.539883054 ], [ 130.509120272, 33.541115829 ], [ 130.50829166, 33.542666108 ], [ 130.509383332999988, 33.547219721 ], [ 130.503024163, 33.550266946 ], [ 130.504303606, 33.554393892 ], [ 130.501918327, 33.559712495 ], [ 130.498766394, 33.560666108 ], [ 130.49311917, 33.558932775 ], [ 130.491557224, 33.560001108 ], [ 130.489171660000011, 33.558624721 ], [ 130.487677782, 33.560728892 ], [ 130.485669441999988, 33.560186387 ], [ 130.484706667000012, 33.557912495 ], [ 130.481777224000012, 33.556905829 ], [ 130.477838053999989, 33.552525279 ], [ 130.473701388, 33.553171946 ], [ 130.470946938999987, 33.556466108 ], [ 130.466714449, 33.562785829 ], [ 130.46056333300001, 33.561201108 ], [ 130.462171946000012, 33.560696946 ], [ 130.469310557999989, 33.553024721 ], [ 130.470955551, 33.549483333 ], [ 130.468420558, 33.547804162 ], [ 130.471107782, 33.544096667 ], [ 130.468699728, 33.542064162 ], [ 130.468931387999987, 33.537893613 ], [ 130.473136939, 33.539231108 ], [ 130.477044994000011, 33.535655559 ], [ 130.475768612, 33.533753613 ], [ 130.476413891, 33.530421387 ], [ 130.47881416300001, 33.527973333 ], [ 130.478951115, 33.524500559 ], [ 130.477658053999988, 33.523636108 ], [ 130.476929442, 33.520531108 ], [ 130.477971946, 33.519819721 ], [ 130.474887108, 33.515477802 ], [ 130.474748003, 33.512188162 ], [ 130.477029754, 33.510744892 ], [ 130.476962437999987, 33.509095306 ], [ 130.472317782, 33.50937861300001 ], [ 130.470136394, 33.510243613 ], [ 130.468536109000013, 33.508646667 ], [ 130.460842918, 33.505020387 ], [ 130.460272218, 33.503021973 ], [ 130.457072218, 33.502610559 ], [ 130.455403606, 33.500745279 ], [ 130.452620558, 33.501700559 ], [ 130.45033693900001, 33.498802775 ] ] ] } },
{ "type": "Feature", "properties": { "N03_001": "福岡県", "N03_002": null, "N03_003": null, "N03_004": "宗像市", "N03_005": null, "N03_007": "40220", "city": "宗像市" }, "geometry": { "type": "Polygon", "coordinates": [ [ [ 130.479744254, 33.850700045 ], [ 130.48209083, 33.849490279 ], [ 130.482526939, 33.844927495 ], [ 130.484519728, 33.84302527900001 ], [ 130.485062503, 33.840433333 ], [ 130.487370272, 33.840355 ], [ 130.484894994, 33.843681946 ], [ 130.487171115, 33.843606387 ], [ 130.488246108999988, 33.845585829 ], [ 130.49123917, 33.844904721 ], [ 130.490435551, 33.843628054 ], [ 130.491223606, 33.84081972100001 ], [ 130.494135836999988, 33.838935279 ], [ 130.493313333, 33.837982225 ], [ 130.496988054000013, 33.834445279 ], [ 130.497353890999989, 33.832539162 ], [ 130.500201946, 33.830943333 ], [ 130.500325551, 33.827847495 ], [ 130.497864994, 33.822981108 ], [ 130.499002776, 33.818340559 ], [ 130.501031114999989, 33.815075279 ], [ 130.505146939000014, 33.812212775 ], [ 130.504758885, 33.808258333 ], [ 130.502257496999988, 33.806047225 ], [ 130.498441388, 33.803995 ], [ 130.499401388, 33.798850278999986 ], [ 130.498068885, 33.798428054 ], [ 130.494956108999986, 33.794346387 ], [ 130.498926109, 33.791882495 ], [ 130.501274449, 33.791838613 ], [ 130.503148054, 33.789679162 ], [ 130.507584721, 33.787627225 ], [ 130.511343061, 33.784935829 ], [ 130.511526108999988, 33.783642495 ], [ 130.517623332999989, 33.781051946 ], [ 130.51661083, 33.779141108 ], [ 130.520819728, 33.774948892 ], [ 130.526228612000011, 33.780060279 ], [ 130.528633061, 33.780666108 ], [ 130.530709728, 33.779564721 ], [ 130.535216394, 33.780046387 ], [ 130.538431659999986, 33.778433613 ], [ 130.539234721000014, 33.773760279 ], [ 130.542239169999988, 33.774760829 ], [ 130.542343606, 33.773373333 ], [ 130.545727497, 33.771539721 ], [ 130.544517224, 33.770445279 ], [ 130.540296667, 33.769458054 ], [ 130.542920830000014, 33.767438333 ], [ 130.541638885, 33.76501277500001 ], [ 130.546070558, 33.760296667 ], [ 130.5473, 33.758231387 ], [ 130.549289728, 33.758098613 ], [ 130.551529728, 33.751392775 ], [ 130.555110558, 33.750515279 ], [ 130.555072218, 33.751462495 ], [ 130.560133891, 33.755045279 ], [ 130.562630272, 33.754875 ], [ 130.563888612, 33.756283613 ], [ 130.56637111500001, 33.754989162 ], [ 130.571917224, 33.755487495 ], [ 130.575145279, 33.756463333 ], [ 130.578002776, 33.755788892 ], [ 130.584408054, 33.756846108 ], [ 130.584606939, 33.759791667 ], [ 130.587423890999986, 33.761113892 ], [ 130.588537782, 33.760261387 ], [ 130.591392776, 33.761788333 ], [ 130.592256394, 33.764140829 ], [ 130.596875278999988, 33.763433054 ], [ 130.59867778200001, 33.761823892 ], [ 130.601613332999989, 33.762902225 ], [ 130.605121115, 33.762453333000011 ], [ 130.604127497, 33.764580829 ], [ 130.60342917, 33.769335559 ], [ 130.600580272, 33.771521667 ], [ 130.605417497, 33.777007775 ], [ 130.608863332999988, 33.776574162 ], [ 130.613328612, 33.777427225 ], [ 130.615425550999987, 33.781611667 ], [ 130.619187497000013, 33.78305527900001 ], [ 130.623016109, 33.780977225 ], [ 130.625418884999988, 33.781313333 ], [ 130.632431946, 33.780176387 ], [ 130.631326939, 33.785001387 ], [ 130.632781388000012, 33.787525 ], [ 130.634814721, 33.788471108 ], [ 130.633558327, 33.790611667 ], [ 130.636574994, 33.790753892 ], [ 130.637883606, 33.789299721 ], [ 130.639815551, 33.790618054 ], [ 130.638621660000013, 33.791497495 ], [ 130.638728327, 33.794070559 ], [ 130.636130558, 33.796893054 ], [ 130.635796667, 33.799579441000013 ], [ 130.634062218, 33.800142775 ], [ 130.633181115000014, 33.804195 ], [ 130.637954162999989, 33.806720279 ], [ 130.636109442, 33.808539721 ], [ 130.635967224000012, 33.812746108 ], [ 130.632050271999987, 33.815311387 ], [ 130.629372503000013, 33.815637225 ], [ 130.624246667, 33.820728613 ], [ 130.618295279, 33.821228892 ], [ 130.612755551, 33.822938892 ], [ 130.608493333000013, 33.821586108 ], [ 130.605852503, 33.822981946 ], [ 130.602797497000012, 33.823276667 ], [ 130.59695083, 33.818612495 ], [ 130.591630830000014, 33.817930559 ], [ 130.589360272, 33.819964441 ], [ 130.586173890999987, 33.824238333 ], [ 130.585144163, 33.828603613 ], [ 130.582751115, 33.829348892 ], [ 130.581237496999989, 33.831128892 ], [ 130.583194721000012, 33.832513333 ], [ 130.582374994, 33.840633892 ], [ 130.577280272, 33.843910829 ], [ 130.572307497, 33.845381108 ], [ 130.57091166, 33.848788054 ], [ 130.569315550999988, 33.849047495 ], [ 130.567724163, 33.851792495 ], [ 130.567365279, 33.854443333 ], [ 130.569647497, 33.857492225 ], [ 130.567847782, 33.860944721 ], [ 130.564023061, 33.86379 ], [ 130.557164994, 33.864137775 ], [ 130.554248885, 33.869129721 ], [ 130.552324994, 33.869518892 ], [ 130.548851388, 33.874862225 ], [ 130.548575836999987, 33.876671946 ], [ 130.546463606, 33.878338054 ], [ 130.541531946, 33.884376387 ], [ 130.542943398, 33.889085739 ], [ 130.54075022, 33.887780081 ], [ 130.529284695, 33.887873865 ], [ 130.524335772, 33.889712108 ], [ 130.524256744000013, 33.887902802 ], [ 130.526569105, 33.885614892 ], [ 130.529258911, 33.884436054 ], [ 130.529915162, 33.882834387 ], [ 130.529484720999989, 33.878968532 ], [ 130.528160453999988, 33.876252 ], [ 130.528235279, 33.873373666999989 ], [ 130.524354228, 33.866514387 ], [ 130.521450026, 33.863106532 ], [ 130.51800703, 33.86057164 ], [ 130.51142238700001, 33.856872 ], [ 130.501729468, 33.853593468 ], [ 130.495688885, 33.852046586 ], [ 130.48796345, 33.850989495 ], [ 130.481965473, 33.853457198 ], [ 130.481850584, 33.855629171 ], [ 130.47997297, 33.856003559 ], [ 130.479135616, 33.858089279 ], [ 130.477673087, 33.857501802 ], [ 130.479744254, 33.850700045 ] ] ] } },
{ "type": "Feature", "properties": { "N03_001": "福岡県", "N03_002": null, "N03_003": null, "N03_004": "宗像市", "N03_005": null, "N03_007": "40220", "city": "宗像市" }, "geometry": { "type": "Polygon", "coordinates": [ [ [ 130.408254838, 33.899974333 ], [ 130.405864293, 33.898093874 ], [ 130.409648599, 33.895606315 ], [ 130.409401258, 33.892813243 ], [ 130.418077562, 33.890386081 ], [ 130.4195762, 33.888561955 ], [ 130.421992529, 33.888962369 ], [ 130.426172944, 33.886956865 ], [ 130.429008054, 33.886780523 ], [ 130.430705214, 33.888140802 ], [ 130.433107315, 33.896916982 ], [ 130.435134968, 33.899252288 ], [ 130.437533890999987, 33.900014676 ], [ 130.440398327, 33.905246748 ], [ 130.443251842, 33.904329568 ], [ 130.442065629000012, 33.905908793 ], [ 130.444223294000011, 33.908683784 ], [ 130.447037821, 33.909671667 ], [ 130.447639339, 33.913098171 ], [ 130.446093359, 33.914550324000011 ], [ 130.441788885, 33.915235414 ], [ 130.436996913, 33.915266703 ], [ 130.435279494000014, 33.914097649 ], [ 130.433916536999988, 33.915411991 ], [ 130.430340648999987, 33.913230991 ], [ 130.43082594, 33.910339063 ], [ 130.42822716, 33.909321072 ], [ 130.421378041999986, 33.911345586 ], [ 130.419155006000011, 33.912574396 ], [ 130.414568508, 33.912516072 ], [ 130.410816732, 33.910244144 ], [ 130.408516472, 33.911440838 ], [ 130.407848638, 33.908681559 ], [ 130.405784578, 33.907323441 ], [ 130.408454656, 33.906320432 ], [ 130.40876337200001, 33.904771982 ], [ 130.40660668000001, 33.902303414 ], [ 130.408254838, 33.899974333 ] ] ] } },
{ "type": "Feature", "properties": { "N03_001": "福岡県", "N03_002": null, "N03_003": null, "N03_004": "宗像市", "N03_005": null, "N03_007": "40220", "city": "宗像市" }, "geometry": { "type": "Polygon", "coordinates": [ [ [ 130.499856329000011, 33.895863081 ], [ 130.504060558, 33.895910279 ], [ 130.505635966, 33.897034721 ], [ 130.509716394, 33.89448636 ], [ 130.506506161, 33.900969919 ], [ 130.503322282999989, 33.902479414 ], [ 130.502016304, 33.904540306 ], [ 130.498999532999989, 33.906506414 ], [ 130.498496667000012, 33.909282892 ], [ 130.496714384, 33.912109694 ], [ 130.493966446, 33.912065252 ], [ 130.492467082, 33.913412865 ], [ 130.48928946800001, 33.912897081 ], [ 130.485885694, 33.911263613 ], [ 130.488240415, 33.910468973 ], [ 130.491090999, 33.907589387 ], [ 130.492281698999989, 33.904210865 ], [ 130.494858755, 33.90472936 ], [ 130.495418054, 33.898076865 ], [ 130.497869144, 33.89880536 ], [ 130.499856329000011, 33.895863081 ] ] ] } },
{ "type": "Feature", "properties": { "N03_001": "福岡県", "N03_002": null, "N03_003": null, "N03_004": "宗像市", "N03_005": null, "N03_007": "40220", "city": "宗像市" }, "geometry": { "type": "Polygon", "coordinates": [ [ [ 130.112245953000013, 34.24971114400001 ], [ 130.107250039, 34.248759297 ], [ 130.103075668, 34.249330793 ], [ 130.10180978, 34.246592748 ], [ 130.098054733999987, 34.242060207 ], [ 130.102225707, 34.239360577 ], [ 130.105007108, 34.239561793 ], [ 130.11245, 34.246256703 ], [ 130.112245953000013, 34.24971114400001 ] ] ] } },
{ "type": "Feature", "properties": { "N03_001": "福岡県", "N03_002": null, "N03_003": null, "N03_004": "宗像市", "N03_005": null, "N03_007": "40220", "city": "宗像市" }, "geometry": { "type": "Polygon", "coordinates": [ [ [ 130.473683865, 33.858800586 ], [ 130.473215642000014, 33.86396436 ], [ 130.46870594, 33.864810667 ], [ 130.469641829000011, 33.861834919 ], [ 130.468557328, 33.859682468 ], [ 130.470631336, 33.860076225 ], [ 130.473683865, 33.858800586 ] ] ] } },
{ "type": "Feature", "properties": { "N03_001": "福岡県", "N03_002": null, "N03_003": null, "N03_004": "宗像市", "N03_005": null, "N03_007": "40220", "city": "宗像市" }, "geometry": null },
{ "type": "Feature", "properties": { "N03_001": "福岡県", "N03_002": null, "N03_003": null, "N03_004": "宗像市", "N03_005": null, "N03_007": "40220", "city": "宗像市" }, "geometry": null },
{ "type": "Feature", "properties": { "N03_001": "福岡県", "N03_002": null, "N03_003": null, "N03_004": "宗像市", "N03_005": null, "N03_007": "40220", "city": "宗像市" }, "geometry": null },
{ "type": "Feature", "properties": { "N03_001": "福岡県", "N03_002": null, "N03_003": null, "N03_004": "宗像市", "N03_005": null, "N03_007": "40220", "city": "宗像市" }, "geometry": null },
{ "type": "Feature", "properties": { "N03_001": "福岡県", "N03_002": null, "N03_003": null, "N03_004": "宗像市", "N03_005": null, "N03_007": "40220", "city": "宗像市" }, "geometry": null },
{ "type": "Feature", "properties": { "N03_001": "福岡県", "N03_002": null, "N03_003": null, "N03_004": "宗像市", "N03_005": null, "N03_007": "40220", "city": "宗像市" }, "geometry": null },
{ "type": "Feature", "properties": { "N03_001": "福岡県", "N03_002": null, "N03_003": null, "N03_004": "宗像市", "N03_005": null, "N03_007": "40220", "city": "宗像市" }, "geometry": null },
{ "type": "Feature", "properties": { "N03_001": "福岡県", "N03_002": null, "N03_003": null, "N03_004": "宗像市", "N03_005": null, "N03_007": "40220", "city": "宗像市" }, "geometry": null },
{ "type": "Feature", "properties": { "N03_001": "福岡県", "N03_002": null, "N03_003": null, "N03_004": "宗像市", "N03_005": null, "N03_007": "40220", "city": "宗像市" }, "geometry": null },
{ "type": "Feature", "properties": { "N03_001": "福岡県", "N03_002": null, "N03_003": null, "N03_004": "宗像市", "N03_005": null, "N03_007": "40220", "city": "宗像市" }, "geometry": null },
{ "type": "Feature", "properties": { "N03_001": "福岡県", "N03_002": null, "N03_003": null, "N03_004": "宗像市", "N03_005": null, "N03_007": "40220", "city": "宗像市" }, "geometry": null },
{ "type": "Feature", "properties": { "N03_001": "福岡県", "N03_002": null, "N03_003": null, "N03_004": "宗像市", "N03_005": null, "N03_007": "40220", "city": "宗像市" }, "geometry": null },
{ "type": "Feature", "properties": { "N03_001": "福岡県", "N03_002": null, "N03_003": null, "N03_004": "宗像市", "N03_005": null, "N03_007": "40220", "city": "宗像市" }, "geometry": null },
{ "type": "Feature", "properties": { "N03_001": "福岡県", "N03_002": null, "N03_003": null, "N03_004": "宗像市", "N03_005": null, "N03_007": "40220", "city": "宗像市" }, "geometry": null },
{ "type": "Feature", "properties": { "N03_001": "福岡県", "N03_002": null, "N03_003": null, "N03_004": "宗像市", "N03_005": null, "N03_007": "40220", "city": "宗像市" }, "geometry": null },
{ "type": "Feature", "properties": { "N03_001": "福岡県", "N03_002": null, "N03_003": null, "N03_004": "宗像市", "N03_005": null, "N03_007": "40220", "city": "宗像市" }, "geometry": null },
{ "type": "Feature", "properties": { "N03_001": "福岡県", "N03_002": null, "N03_003": null, "N03_004": "宗像市", "N03_005": null, "N03_007": "40220", "city": "宗像市" }, "geometry": null },
{ "type": "Feature", "properties": { "N03_001": "福岡県", "N03_002": null, "N03_003": null, "N03_004": "宗像市", "N03_005": null, "N03_007": "40220", "city": "宗像市" }, "geometry": null },
{ "type": "Feature", "properties": { "N03_001": "福岡県", "N03_002": null, "N03_003": null, "N03_004": "宗像市", "N03_005": null, "N03_007": "40220", "city": "宗像市" }, "geometry": null },
{ "type": "Feature", "properties": { "N03_001": "福岡県", "N03_002": null, "N03_003": null, "N03_004": "宗像市", "N03_005": null, "N03_007": "40220", "city": "宗像市" }, "geometry": null },
{ "type": "Feature", "properties": { "N03_001": "福岡県", "N03_002": null, "N03_003": null, "N03_004": "宗像市", "N03_005": null, "N03_007": "40220", "city": "宗像市" }, "geometry": null },
{ "type": "Feature", "properties": { "N03_001": "福岡県", "N03_002": null, "N03_003": null, "N03_004": "宗像市", "N03_005": null, "N03_007": "40220", "city": "宗像市" }, "geometry": null },
{ "type": "Feature", "properties": { "N03_001": "福岡県", "N03_002": null, "N03_003": null, "N03_004": "宗像市", "N03_005": null, "N03_007": "40220", "city": "宗像市" }, "geometry": null },
{ "type": "Feature", "properties": { "N03_001": "福岡県", "N03_002": null, "N03_003": null, "N03_004": "宗像市", "N03_005": null, "N03_007": "40220", "city": "宗像市" }, "geometry": null },
{ "type": "Feature", "properties": { "N03_001": "福岡県", "N03_002": null, "N03_003": null, "N03_004": "宗像市", "N03_005": null, "N03_007": "40220", "city": "宗像市" }, "geometry": null },
{ "type": "Feature", "properties": { "N03_001": "福岡県", "N03_002": null, "N03_003": null, "N03_004": "宗像市", "N03_005": null, "N03_007": "40220", "city": "宗像市" }, "geometry": null },
{ "type": "Feature", "properties": { "N03_001": "福岡県", "N03_002": null, "N03_003": null, "N03_004": "宗像市", "N03_005": null, "N03_007": "40220", "city": "宗像市" }, "geometry": null },
{ "type": "Feature", "properties": { "N03_001": "福岡県", "N03_002": null, "N03_003": null, "N03_004": "宗像市", "N03_005": null, "N03_007": "40220", "city": "宗像市" }, "geometry": null },
{ "type": "Feature", "properties": { "N03_001": "福岡県", "N03_002": null, "N03_003": null, "N03_004": "宗像市", "N03_005": null, "N03_007": "40220", "city": "宗像市" }, "geometry": null },
{ "type": "Feature", "properties": { "N03_001": "福岡県", "N03_002": null, "N03_003": null, "N03_004": "宗像市", "N03_005": null, "N03_007": "40220", "city": "宗像市" }, "geometry": null },
{ "type": "Feature", "properties": { "N03_001": "福岡県", "N03_002": null, "N03_003": null, "N03_004": "宗像市", "N03_005": null, "N03_007": "40220", "city": "宗像市" }, "geometry": null },
{ "type": "Feature", "properties": { "N03_001": "福岡県", "N03_002": null, "N03_003": null, "N03_004": "宗像市", "N03_005": null, "N03_007": "40220", "city": "宗像市" }, "geometry": null },
{ "type": "Feature", "properties": { "N03_001": "福岡県", "N03_002": null, "N03_003": null, "N03_004": "宗像市", "N03_005": null, "N03_007": "40220", "city": "宗像市" }, "geometry": null },
{ "type": "Feature", "properties": { "N03_001": "福岡県", "N03_002": null, "N03_003": null, "N03_004": "宗像市", "N03_005": null, "N03_007": "40220", "city": "宗像市" }, "geometry": null },
{ "type": "Feature", "properties": { "N03_001": "福岡県", "N03_002": null, "N03_003": null, "N03_004": "宗像市", "N03_005": null, "N03_007": "40220", "city": "宗像市" }, "geometry": null },
{ "type": "Feature", "properties": { "N03_001": "福岡県", "N03_002": null, "N03_003": null, "N03_004": "宗像市", "N03_005": null, "N03_007": "40220", "city": "宗像市" }, "geometry": null },
{ "type": "Feature", "properties": { "N03_001": "福岡県", "N03_002": null, "N03_003": null, "N03_004": "宗像市", "N03_005": null, "N03_007": "40220", "city": "宗像市" }, "geometry": null },
{ "type": "Feature", "properties": { "N03_001": "福岡県", "N03_002": null, "N03_003": null, "N03_004": "宗像市", "N03_005": null, "N03_007": "40220", "city": "宗像市" }, "geometry": null },
{ "type": "Feature", "properties": { "N03_001": "福岡県", "N03_002": null, "N03_003": null, "N03_004": "宗像市", "N03_005": null, "N03_007": "40220", "city": "宗像市" }, "geometry": null },
{ "type": "Feature", "properties": { "N03_001": "福岡県", "N03_002": null, "N03_003": null, "N03_004": "宗像市", "N03_005": null, "N03_007": "40220", "city": "宗像市" }, "geometry": null },
{ "type": "Feature", "properties": { "N03_001": "福岡県", "N03_002": null, "N03_003": null, "N03_004": "宗像市", "N03_005": null, "N03_007": "40220", "city": "宗像市" }, "geometry": null },
{ "type": "Feature", "properties": { "N03_001": "福岡県", "N03_002": null, "N03_003": null, "N03_004": "宗像市", "N03_005": null, "N03_007": "40220", "city": "宗像市" }, "geometry": null },
{ "type": "Feature", "properties": { "N03_001": "福岡県", "N03_002": null, "N03_003": null, "N03_004": "宗像市", "N03_005": null, "N03_007": "40220", "city": "宗像市" }, "geometry": null },
{ "type": "Feature", "properties": { "N03_001": "福岡県", "N03_002": null, "N03_003": null, "N03_004": "宗像市", "N03_005": null, "N03_007": "40220", "city": "宗像市" }, "geometry": null },
{ "type": "Feature", "properties": { "N03_001": "福岡県", "N03_002": null, "N03_003": null, "N03_004": "宗像市", "N03_005": null, "N03_007": "40220", "city": "宗像市" }, "geometry": null },
{ "type": "Feature", "properties": { "N03_001": "福岡県", "N03_002": null, "N03_003": null, "N03_004": "宗像市", "N03_005": null, "N03_007": "40220", "city": "宗像市" }, "geometry": null },
{ "type": "Feature", "properties": { "N03_001": "福岡県", "N03_002": null, "N03_003": null, "N03_004": "宗像市", "N03_005": null, "N03_007": "40220", "city": "宗像市" }, "geometry": null },
{ "type": "Feature", "properties": { "N03_001": "福岡県", "N03_002": null, "N03_003": null, "N03_004": "宗像市", "N03_005": null, "N03_007": "40220", "city": "宗像市" }, "geometry": null },
{ "type": "Feature", "properties": { "N03_001": "福岡県", "N03_002": null, "N03_003": null, "N03_004": "宗像市", "N03_005": null, "N03_007": "40220", "city": "宗像市" }, "geometry": null },
{ "type": "Feature", "properties": { "N03_001": "福岡県", "N03_002": null, "N03_003": null, "N03_004": "宗像市", "N03_005": null, "N03_007": "40220", "city": "宗像市" }, "geometry": null },
{ "type": "Feature", "properties": { "N03_001": "福岡県", "N03_002": null, "N03_003": null, "N03_004": "宗像市", "N03_005": null, "N03_007": "40220", "city": "宗像市" }, "geometry": null },
{ "type": "Feature", "properties": { "N03_001": "福岡県", "N03_002": null, "N03_003": null, "N03_004": "宗像市", "N03_005": null, "N03_007": "40220", "city": "宗像市" }, "geometry": null },
{ "type": "Feature", "properties": { "N03_001": "福岡県", "N03_002": null, "N03_003": null, "N03_004": "宗像市", "N03_005": null, "N03_007": "40220", "city": "宗像市" }, "geometry": null },
{ "type": "Feature", "properties": { "N03_001": "福岡県", "N03_002": null, "N03_003": null, "N03_004": "宗像市", "N03_005": null, "N03_007": "40220", "city": "宗像市" }, "geometry": null },
{ "type": "Feature", "properties": { "N03_001": "福岡県", "N03_002": null, "N03_003": null, "N03_004": "宗像市", "N03_005": null, "N03_007": "40220", "city": "宗像市" }, "geometry": null },
{ "type": "Feature", "properties": { "N03_001": "福岡県", "N03_002": null, "N03_003": null, "N03_004": "宗像市", "N03_005": null, "N03_007": "40220", "city": "宗像市" }, "geometry": null },
{ "type": "Feature", "properties": { "N03_001": "福岡県", "N03_002": null, "N03_003": null, "N03_004": "宗像市", "N03_005": null, "N03_007": "40220", "city": "宗像市" }, "geometry": null },
{ "type": "Feature", "properties": { "N03_001": "福岡県", "N03_002": null, "N03_003": null, "N03_004": "宗像市", "N03_005": null, "N03_007": "40220", "city": "宗像市" }, "geometry": null },
{ "type": "Feature", "properties": { "N03_001": "福岡県", "N03_002": null, "N03_003": null, "N03_004": "宗像市", "N03_005": null, "N03_007": "40220", "city": "宗像市" }, "geometry": null },
{ "type": "Feature", "properties": { "N03_001": "福岡県", "N03_002": null, "N03_003": null, "N03_004": "宗像市", "N03_005": null, "N03_007": "40220", "city": "宗像市" }, "geometry": null },
{ "type": "Feature", "properties": { "N03_001": "福岡県", "N03_002": null, "N03_003": null, "N03_004": "宗像市", "N03_005": null, "N03_007": "40220", "city": "宗像市" }, "geometry": null },
{ "type": "Feature", "properties": { "N03_001": "福岡県", "N03_002": null, "N03_003": null, "N03_004": "宗像市", "N03_005": null, "N03_007": "40220", "city": "宗像市" }, "geometry": null },
{ "type": "Feature", "properties": { "N03_001": "福岡県", "N03_002": null, "N03_003": null, "N03_004": "宗像市", "N03_005": null, "N03_007": "40220", "city": "宗像市" }, "geometry": null },
{ "type": "Feature", "properties": { "N03_001": "福岡県", "N03_002": null, "N03_003": null, "N03_004": "宗像市", "N03_005": null, "N03_007": "40220", "city": "宗像市" }, "geometry": null },
{ "type": "Feature", "properties": { "N03_001": "福岡県", "N03_002": null, "N03_003": null, "N03_004": "宗像市", "N03_005": null, "N03_007": "40220", "city": "宗像市" }, "geometry": null },
{ "type": "Feature", "properties": { "N03_001": "福岡県", "N03_002": null, "N03_003": null, "N03_004": "宗像市", "N03_005": null, "N03_007": "40220", "city": "宗像市" }, "geometry": null },
{ "type": "Feature", "properties": { "N03_001": "福岡県", "N03_002": null, "N03_003": null, "N03_004": "宗像市", "N03_005": null, "N03_007": "40220", "city": "宗像市" }, "geometry": null },
{ "type": "Feature", "properties": { "N03_001": "福岡県", "N03_002": null, "N03_003": null, "N03_004": "宗像市", "N03_005": null, "N03_007": "40220", "city": "宗像市" }, "geometry": null },
{ "type": "Feature", "properties": { "N03_001": "福岡県", "N03_002": null, "N03_003": null, "N03_004": "宗像市", "N03_005": null, "N03_007": "40220", "city": "宗像市" }, "geometry": null },
{ "type": "Feature", "properties": { "N03_001": "福岡県", "N03_002": null, "N03_003": null, "N03_004": "宗像市", "N03_005": null, "N03_007": "40220", "city": "宗像市" }, "geometry": null },
{ "type": "Feature", "properties": { "N03_001": "福岡県", "N03_002": null, "N03_003": null, "N03_004": "宗像市", "N03_005": null, "N03_007": "40220", "city": "宗像市" }, "geometry": null },
{ "type": "Feature", "properties": { "N03_001": "福岡県", "N03_002": null, "N03_003": null, "N03_004": "宗像市", "N03_005": null, "N03_007": "40220", "city": "宗像市" }, "geometry": null },
{ "type": "Feature", "properties": { "N03_001": "福岡県", "N03_002": null, "N03_003": null, "N03_004": "宗像市", "N03_005": null, "N03_007": "40220", "city": "宗像市" }, "geometry": null },
{ "type": "Feature", "properties": { "N03_001": "福岡県", "N03_002": null, "N03_003": null, "N03_004": "宗像市", "N03_005": null, "N03_007": "40220", "city": "宗像市" }, "geometry": null },
{ "type": "Feature", "properties": { "N03_001": "福岡県", "N03_002": null, "N03_003": null, "N03_004": "宗像市", "N03_005": null, "N03_007": "40220", "city": "宗像市" }, "geometry": null },
{ "type": "Feature", "properties": { "N03_001": "福岡県", "N03_002": null, "N03_003": null, "N03_004": "宗像市", "N03_005": null, "N03_007": "40220", "city": "宗像市" }, "geometry": null },
{ "type": "Feature", "properties": { "N03_001": "福岡県", "N03_002": null, "N03_003": null, "N03_004": "宗像市", "N03_005": null, "N03_007": "40220", "city": "宗像市" }, "geometry": null },
{ "type": "Feature", "properties": { "N03_001": "福岡県", "N03_002": null, "N03_003": null, "N03_004": "宗像市", "N03_005": null, "N03_007": "40220", "city": "宗像市" }, "geometry": null },
{ "type": "Feature", "properties": { "N03_001": "福岡県", "N03_002": null, "N03_003": null, "N03_004": "宗像市", "N03_005": null, "N03_007": "40220", "city": "宗像市" }, "geometry": null },
{ "type": "Feature", "properties": { "N03_001": "福岡県", "N03_002": null, "N03_003": null, "N03_004": "宗像市", "N03_005": null, "N03_007": "40220", "city": "宗像市" }, "geometry": null },
{ "type": "Feature", "properties": { "N03_001": "福岡県", "N03_002": null, "N03_003": null, "N03_004": "宗像市", "N03_005": null, "N03_007": "40220", "city": "宗像市" }, "geometry": null },
{ "type": "Feature", "properties": { "N03_001": "福岡県", "N03_002": null, "N03_003": null, "N03_004": "宗像市", "N03_005": null, "N03_007": "40220", "city": "宗像市" }, "geometry": null },
{ "type": "Feature", "properties": { "N03_001": "福岡県", "N03_002": null, "N03_003": null, "N03_004": "宗像市", "N03_005": null, "N03_007": "40220", "city": "宗像市" }, "geometry": null },
{ "type": "Feature", "properties": { "N03_001": "福岡県", "N03_002": null, "N03_003": null, "N03_004": "宗像市", "N03_005": null, "N03_007": "40220", "city": "宗像市" }, "geometry": null },
{ "type": "Feature", "properties": { "N03_001": "福岡県", "N03_002": null, "N03_003": null, "N03_004": "宗像市", "N03_005": null, "N03_007": "40220", "city": "宗像市" }, "geometry": null },
{ "type": "Feature", "properties": { "N03_001": "福岡県", "N03_002": null, "N03_003": null, "N03_004": "宗像市", "N03_005": null, "N03_007": "40220", "city": "宗像市" }, "geometry": null },
{ "type": "Feature", "properties": { "N03_001": "福岡県", "N03_002": null, "N03_003": null, "N03_004": "宗像市", "N03_005": null, "N03_007": "40220", "city": "宗像市" }, "geometry": null },
{ "type": "Feature", "properties": { "N03_001": "福岡県", "N03_002": null, "N03_003": null, "N03_004": "宗像市", "N03_005": null, "N03_007": "40220", "city": "宗像市" }, "geometry": null },
{ "type": "Feature", "properties": { "N03_001": "福岡県", "N03_002": null, "N03_003": null, "N03_004": "宗像市", "N03_005": null, "N03_007": "40220", "city": "宗像市" }, "geometry": null },
{ "type": "Feature", "properties": { "N03_001": "福岡県", "N03_002": null, "N03_003": null, "N03_004": "宗像市", "N03_005": null, "N03_007": "40220", "city": "宗像市" }, "geometry": null },
{ "type": "Feature", "properties": { "N03_001": "福岡県", "N03_002": null, "N03_003": null, "N03_004": "宗像市", "N03_005": null, "N03_007": "40220", "city": "宗像市" }, "geometry": null },
{ "type": "Feature", "properties": { "N03_001": "福岡県", "N03_002": null, "N03_003": null, "N03_004": "宗像市", "N03_005": null, "N03_007": "40220", "city": "宗像市" }, "geometry": null },
{ "type": "Feature", "properties": { "N03_001": "福岡県", "N03_002": null, "N03_003": null, "N03_004": "宗像市", "N03_005": null, "N03_007": "40220", "city": "宗像市" }, "geometry": null },
{ "type": "Feature", "properties": { "N03_001": "福岡県", "N03_002": null, "N03_003": null, "N03_004": "宗像市", "N03_005": null, "N03_007": "40220", "city": "宗像市" }, "geometry": null },
{ "type": "Feature", "properties": { "N03_001": "福岡県", "N03_002": null, "N03_003": null, "N03_004": "宗像市", "N03_005": null, "N03_007": "40220", "city": "宗像市" }, "geometry": null },
{ "type": "Feature", "properties": { "N03_001": "福岡県", "N03_002": null, "N03_003": null, "N03_004": "宗像市", "N03_005": null, "N03_007": "40220", "city": "宗像市" }, "geometry": null },
{ "type": "Feature", "properties": { "N03_001": "福岡県", "N03_002": null, "N03_003": null, "N03_004": "宗像市", "N03_005": null, "N03_007": "40220", "city": "宗像市" }, "geometry": null },
{ "type": "Feature", "properties": { "N03_001": "福岡県", "N03_002": null, "N03_003": null, "N03_004": "宗像市", "N03_005": null, "N03_007": "40220", "city": "宗像市" }, "geometry": null },
{ "type": "Feature", "properties": { "N03_001": "福岡県", "N03_002": null, "N03_003": null, "N03_004": "宗像市", "N03_005": null, "N03_007": "40220", "city": "宗像市" }, "geometry": null },
{ "type": "Feature", "properties": { "N03_001": "福岡県", "N03_002": null, "N03_003": null, "N03_004": "宗像市", "N03_005": null, "N03_007": "40220", "city": "宗像市" }, "geometry": null },
{ "type": "Feature", "properties": { "N03_001": "福岡県", "N03_002": null, "N03_003": null, "N03_004": "宗像市", "N03_005": null, "N03_007": "40220", "city": "宗像市" }, "geometry": null },
{ "type": "Feature", "properties": { "N03_001": "福岡県", "N03_002": null, "N03_003": null, "N03_004": "宗像市", "N03_005": null, "N03_007": "40220", "city": "宗像市" }, "geometry": null },
{ "type": "Feature", "properties": { "N03_001": "福岡県", "N03_002": null, "N03_003": null, "N03_004": "宗像市", "N03_005": null, "N03_007": "40220", "city": "宗像市" }, "geometry": null },
{ "type": "Feature", "properties": { "N03_001": "福岡県", "N03_002": null, "N03_003": null, "N03_004": "宗像市", "N03_005": null, "N03_007": "40220", "city": "宗像市" }, "geometry": null },
{ "type": "Feature", "properties": { "N03_001": "福岡県", "N03_002": null, "N03_003": null, "N03_004": "宗像市", "N03_005": null, "N03_007": "40220", "city": "宗像市" }, "geometry": null },
{ "type": "Feature", "properties": { "N03_001": "福岡県", "N03_002": null, "N03_003": null, "N03_004": "宗像市", "N03_005": null, "N03_007": "40220", "city": "宗像市" }, "geometry": null },
{ "type": "Feature", "properties": { "N03_001": "福岡県", "N03_002": null, "N03_003": null, "N03_004": "宗像市", "N03_005": null, "N03_007": "40220", "city": "宗像市" }, "geometry": null },
{ "type": "Feature", "properties": { "N03_001": "福岡県", "N03_002": null, "N03_003": null, "N03_004": "宗像市", "N03_005": null, "N03_007": "40220", "city": "宗像市" }, "geometry": null },
{ "type": "Feature", "properties": { "N03_001": "福岡県", "N03_002": null, "N03_003": null, "N03_004": "宗像市", "N03_005": null, "N03_007": "40220", "city": "宗像市" }, "geometry": null },
{ "type": "Feature", "properties": { "N03_001": "福岡県", "N03_002": null, "N03_003": null, "N03_004": "宗像市", "N03_005": null, "N03_007": "40220", "city": "宗像市" }, "geometry": null },
{ "type": "Feature", "properties": { "N03_001": "福岡県", "N03_002": null, "N03_003": null, "N03_004": "宗像市", "N03_005": null, "N03_007": "40220", "city": "宗像市" }, "geometry": null },
{ "type": "Feature", "properties": { "N03_001": "福岡県", "N03_002": null, "N03_003": null, "N03_004": "宗像市", "N03_005": null, "N03_007": "40220", "city": "宗像市" }, "geometry": null },
{ "type": "Feature", "properties": { "N03_001": "福岡県", "N03_002": null, "N03_003": null, "N03_004": "宗像市", "N03_005": null, "N03_007": "40220", "city": "宗像市" }, "geometry": null },
{ "type": "Feature", "properties": { "N03_001": "福岡県", "N03_002": null, "N03_003": null, "N03_004": "宗像市", "N03_005": null, "N03_007": "40220", "city": "宗像市" }, "geometry": null },
{ "type": "Feature", "properties": { "N03_001": "福岡県", "N03_002": null, "N03_003": null, "N03_004": "宗像市", "N03_005": null, "N03_007": "40220", "city": "宗像市" }, "geometry": null },
{ "type": "Feature", "properties": { "N03_001": "福岡県", "N03_002": null, "N03_003": null, "N03_004": "宗像市", "N03_005": null, "N03_007": "40220", "city": "宗像市" }, "geometry": null },
{ "type": "Feature", "properties": { "N03_001": "福岡県", "N03_002": null, "N03_003": null, "N03_004": "宗像市", "N03_005": null, "N03_007": "40220", "city": "宗像市" }, "geometry": null },
{ "type": "Feature", "properties": { "N03_001": "福岡県", "N03_002": null, "N03_003": null, "N03_004": "宗像市", "N03_005": null, "N03_007": "40220", "city": "宗像市" }, "geometry": null },
{ "type": "Feature", "properties": { "N03_001": "福岡県", "N03_002": null, "N03_003": null, "N03_004": "宗像市", "N03_005": null, "N03_007": "40220", "city": "宗像市" }, "geometry": null },
{ "type": "Feature", "properties": { "N03_001": "福岡県", "N03_002": null, "N03_003": null, "N03_004": "宗像市", "N03_005": null, "N03_007": "40220", "city": "宗像市" }, "geometry": null },
{ "type": "Feature", "properties": { "N03_001": "福岡県", "N03_002": null, "N03_003": null, "N03_004": "宗像市", "N03_005": null, "N03_007": "40220", "city": "宗像市" }, "geometry": null },
{ "type": "Feature", "properties": { "N03_001": "福岡県", "N03_002": null, "N03_003": null, "N03_004": "宗像市", "N03_005": null, "N03_007": "40220", "city": "宗像市" }, "geometry": null },
{ "type": "Feature", "properties": { "N03_001": "福岡県", "N03_002": null, "N03_003": null, "N03_004": "宗像市", "N03_005": null, "N03_007": "40220", "city": "宗像市" }, "geometry": null },
{ "type": "Feature", "properties": { "N03_001": "福岡県", "N03_002": null, "N03_003": null, "N03_004": "宗像市", "N03_005": null, "N03_007": "40220", "city": "宗像市" }, "geometry": null },
{ "type": "Feature", "properties": { "N03_001": "福岡県", "N03_002": null, "N03_003": null, "N03_004": "宗像市", "N03_005": null, "N03_007": "40220", "city": "宗像市" }, "geometry": null },
{ "type": "Feature", "properties": { "N03_001": "福岡県", "N03_002": null, "N03_003": null, "N03_004": "宗像市", "N03_005": null, "N03_007": "40220", "city": "宗像市" }, "geometry": null },
{ "type": "Feature", "properties": { "N03_001": "福岡県", "N03_002": null, "N03_003": null, "N03_004": "宗像市", "N03_005": null, "N03_007": "40220", "city": "宗像市" }, "geometry": null },
{ "type": "Feature", "properties": { "N03_001": "福岡県", "N03_002": null, "N03_003": null, "N03_004": "宗像市", "N03_005": null, "N03_007": "40220", "city": "宗像市" }, "geometry": null },
{ "type": "Feature", "properties": { "N03_001": "福岡県", "N03_002": null, "N03_003": null, "N03_004": "宗像市", "N03_005": null, "N03_007": "40220", "city": "宗像市" }, "geometry": null },
{ "type": "Feature", "properties": { "N03_001": "福岡県", "N03_002": null, "N03_003": null, "N03_004": "宗像市", "N03_005": null, "N03_007": "40220", "city": "宗像市" }, "geometry": null },
{ "type": "Feature", "properties": { "N03_001": "福岡県", "N03_002": null, "N03_003": null, "N03_004": "宗像市", "N03_005": null, "N03_007": "40220", "city": "宗像市" }, "geometry": null },
{ "type": "Feature", "properties": { "N03_001": "福岡県", "N03_002": null, "N03_003": null, "N03_004": "宗像市", "N03_005": null, "N03_007": "40220", "city": "宗像市" }, "geometry": null },
{ "type": "Feature", "properties": { "N03_001": "福岡県", "N03_002": null, "N03_003": null, "N03_004": "宗像市", "N03_005": null, "N03_007": "40220", "city": "宗像市" }, "geometry": null },
{ "type": "Feature", "properties": { "N03_001": "福岡県", "N03_002": null, "N03_003": null, "N03_004": "宗像市", "N03_005": null, "N03_007": "40220", "city": "宗像市" }, "geometry": null },
{ "type": "Feature", "properties": { "N03_001": "福岡県", "N03_002": null, "N03_003": null, "N03_004": "宗像市", "N03_005": null, "N03_007": "40220", "city": "宗像市" }, "geometry": null },
{ "type": "Feature", "properties": { "N03_001": "福岡県", "N03_002": null, "N03_003": null, "N03_004": "宗像市", "N03_005": null, "N03_007": "40220", "city": "宗像市" }, "geometry": null },
{ "type": "Feature", "properties": { "N03_001": "福岡県", "N03_002": null, "N03_003": null, "N03_004": "宗像市", "N03_005": null, "N03_007": "40220", "city": "宗像市" }, "geometry": null },
{ "type": "Feature", "properties": { "N03_001": "福岡県", "N03_002": null, "N03_003": null, "N03_004": "宗像市", "N03_005": null, "N03_007": "40220", "city": "宗像市" }, "geometry": null },
{ "type": "Feature", "properties": { "N03_001": "福岡県", "N03_002": null, "N03_003": null, "N03_004": "宗像市", "N03_005": null, "N03_007": "40220", "city": "宗像市" }, "geometry": null },
{ "type": "Feature", "properties": { "N03_001": "福岡県", "N03_002": null, "N03_003": null, "N03_004": "宗像市", "N03_005": null, "N03_007": "40220", "city": "宗像市" }, "geometry": null },
{ "type": "Feature", "properties": { "N03_001": "福岡県", "N03_002": null, "N03_003": null, "N03_004": "宗像市", "N03_005": null, "N03_007": "40220", "city": "宗像市" }, "geometry": null },
{ "type": "Feature", "properties": { "N03_001": "福岡県", "N03_002": null, "N03_003": null, "N03_004": "宗像市", "N03_005": null, "N03_007": "40220", "city": "宗像市" }, "geometry": null },
{ "type": "Feature", "properties": { "N03_001": "福岡県", "N03_002": null, "N03_003": null, "N03_004": "宗像市", "N03_005": null, "N03_007": "40220", "city": "宗像市" }, "geometry": null },
{ "type": "Feature", "properties": { "N03_001": "福岡県", "N03_002": null, "N03_003": null, "N03_004": "宗像市", "N03_005": null, "N03_007": "40220", "city": "宗像市" }, "geometry": null },
{ "type": "Feature", "properties": { "N03_001": "福岡県", "N03_002": null, "N03_003": null, "N03_004": "宗像市", "N03_005": null, "N03_007": "40220", "city": "宗像市" }, "geometry": null },
{ "type": "Feature", "properties": { "N03_001": "福岡県", "N03_002": null, "N03_003": null, "N03_004": "宗像市", "N03_005": null, "N03_007": "40220", "city": "宗像市" }, "geometry": null },
{ "type": "Feature", "properties": { "N03_001": "福岡県", "N03_002": null, "N03_003": null, "N03_004": "宗像市", "N03_005": null, "N03_007": "40220", "city": "宗像市" }, "geometry": null },
{ "type": "Feature", "properties": { "N03_001": "福岡県", "N03_002": null, "N03_003": null, "N03_004": "宗像市", "N03_005": null, "N03_007": "40220", "city": "宗像市" }, "geometry": null },
{ "type": "Feature", "properties": { "N03_001": "福岡県", "N03_002": null, "N03_003": null, "N03_004": "宗像市", "N03_005": null, "N03_007": "40220", "city": "宗像市" }, "geometry": null },
{ "type": "Feature", "properties": { "N03_001": "福岡県", "N03_002": null, "N03_003": null, "N03_004": "宗像市", "N03_005": null, "N03_007": "40220", "city": "宗像市" }, "geometry": null },
{ "type": "Feature", "properties": { "N03_001": "福岡県", "N03_002": null, "N03_003": null, "N03_004": "宗像市", "N03_005": null, "N03_007": "40220", "city": "宗像市" }, "geometry": null },
{ "type": "Feature", "properties": { "N03_001": "福岡県", "N03_002": null, "N03_003": null, "N03_004": "宗像市", "N03_005": null, "N03_007": "40220", "city": "宗像市" }, "geometry": null },
{ "type": "Feature", "properties": { "N03_001": "福岡県", "N03_002": null, "N03_003": null, "N03_004": "宗像市", "N03_005": null, "N03_007": "40220", "city": "宗像市" }, "geometry": null },
{ "type": "Feature", "properties": { "N03_001": "福岡県", "N03_002": null, "N03_003": null, "N03_004": "宗像市", "N03_005": null, "N03_007": "40220", "city": "宗像市" }, "geometry": null },
{ "type": "Feature", "properties": { "N03_001": "福岡県", "N03_002": null, "N03_003": null, "N03_004": "宗像市", "N03_005": null, "N03_007": "40220", "city": "宗像市" }, "geometry": null },
{ "type": "Feature", "properties": { "N03_001": "福岡県", "N03_002": null, "N03_003": null, "N03_004": "宗像市", "N03_005": null, "N03_007": "40220", "city": "宗像市" }, "geometry": null },
{ "type": "Feature", "properties": { "N03_001": "福岡県", "N03_002": null, "N03_003": null, "N03_004": "宗像市", "N03_005": null, "N03_007": "40220", "city": "宗像市" }, "geometry": null },
{ "type": "Feature", "properties": { "N03_001": "福岡県", "N03_002": null, "N03_003": null, "N03_004": "宗像市", "N03_005": null, "N03_007": "40220", "city": "宗像市" }, "geometry": null },
{ "type": "Feature", "properties": { "N03_001": "福岡県", "N03_002": null, "N03_003": null, "N03_004": "宗像市", "N03_005": null, "N03_007": "40220", "city": "宗像市" }, "geometry": null },
{ "type": "Feature", "properties": { "N03_001": "福岡県", "N03_002": null, "N03_003": null, "N03_004": "宗像市", "N03_005": null, "N03_007": "40220", "city": "宗像市" }, "geometry": null },
{ "type": "Feature", "properties": { "N03_001": "福岡県", "N03_002": null, "N03_003": null, "N03_004": "宗像市", "N03_005": null, "N03_007": "40220", "city": "宗像市" }, "geometry": null },
{ "type": "Feature", "properties": { "N03_001": "福岡県", "N03_002": null, "N03_003": null, "N03_004": "宗像市", "N03_005": null, "N03_007": "40220", "city": "宗像市" }, "geometry": null },
{ "type": "Feature", "properties": { "N03_001": "福岡県", "N03_002": null, "N03_003": null, "N03_004": "宗像市", "N03_005": null, "N03_007": "40220", "city": "宗像市" }, "geometry": null },
{ "type": "Feature", "properties": { "N03_001": "福岡県", "N03_002": null, "N03_003": null, "N03_004": "宗像市", "N03_005": null, "N03_007": "40220", "city": "宗像市" }, "geometry": null },
{ "type": "Feature", "properties": { "N03_001": "福岡県", "N03_002": null, "N03_003": null, "N03_004": "宗像市", "N03_005": null, "N03_007": "40220", "city": "宗像市" }, "geometry": null },
{ "type": "Feature", "properties": { "N03_001": "福岡県", "N03_002": null, "N03_003": null, "N03_004": "宗像市", "N03_005": null, "N03_007": "40220", "city": "宗像市" }, "geometry": null },
{ "type": "Feature", "properties": { "N03_001": "福岡県", "N03_002": null, "N03_003": null, "N03_004": "宗像市", "N03_005": null, "N03_007": "40220", "city": "宗像市" }, "geometry": null },
{ "type": "Feature", "properties": { "N03_001": "福岡県", "N03_002": null, "N03_003": null, "N03_004": "宗像市", "N03_005": null, "N03_007": "40220", "city": "宗像市" }, "geometry": null },
{ "type": "Feature", "properties": { "N03_001": "福岡県", "N03_002": null, "N03_003": null, "N03_004": "宗像市", "N03_005": null, "N03_007": "40220", "city": "宗像市" }, "geometry": null },
{ "type": "Feature", "properties": { "N03_001": "福岡県", "N03_002": null, "N03_003": null, "N03_004": "宗像市", "N03_005": null, "N03_007": "40220", "city": "宗像市" }, "geometry": null },
{ "type": "Feature", "properties": { "N03_001": "福岡県", "N03_002": null, "N03_003": null, "N03_004": "宗像市", "N03_005": null, "N03_007": "40220", "city": "宗像市" }, "geometry": null },
{ "type": "Feature", "properties": { "N03_001": "福岡県", "N03_002": null, "N03_003": null, "N03_004": "宗像市", "N03_005": null, "N03_007": "40220", "city": "宗像市" }, "geometry": null },
{ "type": "Feature", "properties": { "N03_001": "福岡県", "N03_002": null, "N03_003": null, "N03_004": "宗像市", "N03_005": null, "N03_007": "40220", "city": "宗像市" }, "geometry": null },
{ "type": "Feature", "properties": { "N03_001": "福岡県", "N03_002": null, "N03_003": null, "N03_004": "宗像市", "N03_005": null, "N03_007": "40220", "city": "宗像市" }, "geometry": null },
{ "type": "Feature", "properties": { "N03_001": "福岡県", "N03_002": null, "N03_003": null, "N03_004": "宗像市", "N03_005": null, "N03_007": "40220", "city": "宗像市" }, "geometry": null },
{ "type": "Feature", "properties": { "N03_001": "福岡県", "N03_002": null, "N03_003": null, "N03_004": "宗像市", "N03_005": null, "N03_007": "40220", "city": "宗像市" }, "geometry": null },
{ "type": "Feature", "properties": { "N03_001": "福岡県", "N03_002": null, "N03_003": null, "N03_004": "宗像市", "N03_005": null, "N03_007": "40220", "city": "宗像市" }, "geometry": null },
{ "type": "Feature", "properties": { "N03_001": "福岡県", "N03_002": null, "N03_003": null, "N03_004": "宗像市", "N03_005": null, "N03_007": "40220", "city": "宗像市" }, "geometry": null },
{ "type": "Feature", "properties": { "N03_001": "福岡県", "N03_002": null, "N03_003": null, "N03_004": "宗像市", "N03_005": null, "N03_007": "40220", "city": "宗像市" }, "geometry": null },
{ "type": "Feature", "properties": { "N03_001": "福岡県", "N03_002": null, "N03_003": null, "N03_004": "宗像市", "N03_005": null, "N03_007": "40220", "city": "宗像市" }, "geometry": null },
{ "type": "Feature", "properties": { "N03_001": "福岡県", "N03_002": null, "N03_003": null, "N03_004": "宗像市", "N03_005": null, "N03_007": "40220", "city": "宗像市" }, "geometry": null },
{ "type": "Feature", "properties": { "N03_001": "福岡県", "N03_002": null, "N03_003": null, "N03_004": "宗像市", "N03_005": null, "N03_007": "40220", "city": "宗像市" }, "geometry": null },
{ "type": "Feature", "properties": { "N03_001": "福岡県", "N03_002": null, "N03_003": null, "N03_004": "宗像市", "N03_005": null, "N03_007": "40220", "city": "宗像市" }, "geometry": null },
{ "type": "Feature", "properties": { "N03_001": "福岡県", "N03_002": null, "N03_003": null, "N03_004": "宗像市", "N03_005": null, "N03_007": "40220", "city": "宗像市" }, "geometry": null },
{ "type": "Feature", "properties": { "N03_001": "福岡県", "N03_002": null, "N03_003": null, "N03_004": "宗像市", "N03_005": null, "N03_007": "40220", "city": "宗像市" }, "geometry": null },
{ "type": "Feature", "properties": { "N03_001": "福岡県", "N03_002": null, "N03_003": null, "N03_004": "宗像市", "N03_005": null, "N03_007": "40220", "city": "宗像市" }, "geometry": null },
{ "type": "Feature", "properties": { "N03_001": "福岡県", "N03_002": null, "N03_003": null, "N03_004": "宗像市", "N03_005": null, "N03_007": "40220", "city": "宗像市" }, "geometry": null },
{ "type": "Feature", "properties": { "N03_001": "福岡県", "N03_002": null, "N03_003": null, "N03_004": "宗像市", "N03_005": null, "N03_007": "40220", "city": "宗像市" }, "geometry": null },
{ "type": "Feature", "properties": { "N03_001": "福岡県", "N03_002": null, "N03_003": null, "N03_004": "宗像市", "N03_005": null, "N03_007": "40220", "city": "宗像市" }, "geometry": null },
{ "type": "Feature", "properties": { "N03_001": "福岡県", "N03_002": null, "N03_003": null, "N03_004": "宗像市", "N03_005": null, "N03_007": "40220", "city": "宗像市" }, "geometry": null },
{ "type": "Feature", "properties": { "N03_001": "福岡県", "N03_002": null, "N03_003": null, "N03_004": "宗像市", "N03_005": null, "N03_007": "40220", "city": "宗像市" }, "geometry": null },
{ "type": "Feature", "properties": { "N03_001": "福岡県", "N03_002": null, "N03_003": null, "N03_004": "宗像市", "N03_005": null, "N03_007": "40220", "city": "宗像市" }, "geometry": null },
{ "type": "Feature", "properties": { "N03_001": "福岡県", "N03_002": null, "N03_003": null, "N03_004": "宗像市", "N03_005": null, "N03_007": "40220", "city": "宗像市" }, "geometry": null },
{ "type": "Feature", "properties": { "N03_001": "福岡県", "N03_002": null, "N03_003": null, "N03_004": "宗像市", "N03_005": null, "N03_007": "40220", "city": "宗像市" }, "geometry": null },
{ "type": "Feature", "properties": { "N03_001": "福岡県", "N03_002": null, "N03_003": null, "N03_004": "宗像市", "N03_005": null, "N03_007": "40220", "city": "宗像市" }, "geometry": null },
{ "type": "Feature", "properties": { "N03_001": "福岡県", "N03_002": null, "N03_003": null, "N03_004": "宗像市", "N03_005": null, "N03_007": "40220", "city": "宗像市" }, "geometry": null },
{ "type": "Feature", "properties": { "N03_001": "福岡県", "N03_002": null, "N03_003": null, "N03_004": "宗像市", "N03_005": null, "N03_007": "40220", "city": "宗像市" }, "geometry": null },
{ "type": "Feature", "properties": { "N03_001": "福岡県", "N03_002": null, "N03_003": null, "N03_004": "宗像市", "N03_005": null, "N03_007": "40220", "city": "宗像市" }, "geometry": null },
{ "type": "Feature", "properties": { "N03_001": "福岡県", "N03_002": null, "N03_003": null, "N03_004": "宗像市", "N03_005": null, "N03_007": "40220", "city": "宗像市" }, "geometry": null },
{ "type": "Feature", "properties": { "N03_001": "福岡県", "N03_002": null, "N03_003": null, "N03_004": "宗像市", "N03_005": null, "N03_007": "40220", "city": "宗像市" }, "geometry": null },
{ "type": "Feature", "properties": { "N03_001": "福岡県", "N03_002": null, "N03_003": null, "N03_004": "宗像市", "N03_005": null, "N03_007": "40220", "city": "宗像市" }, "geometry": null },
{ "type": "Feature", "properties": { "N03_001": "福岡県", "N03_002": null, "N03_003": null, "N03_004": "宗像市", "N03_005": null, "N03_007": "40220", "city": "宗像市" }, "geometry": null },
{ "type": "Feature", "properties": { "N03_001": "福岡県", "N03_002": null, "N03_003": null, "N03_004": "宗像市", "N03_005": null, "N03_007": "40220", "city": "宗像市" }, "geometry": null },
{ "type": "Feature", "properties": { "N03_001": "福岡県", "N03_002": null, "N03_003": null, "N03_004": "宗像市", "N03_005": null, "N03_007": "40220", "city": "宗像市" }, "geometry": null },
{ "type": "Feature", "properties": { "N03_001": "福岡県", "N03_002": null, "N03_003": null, "N03_004": "宗像市", "N03_005": null, "N03_007": "40220", "city": "宗像市" }, "geometry": null },
{ "type": "Feature", "properties": { "N03_001": "福岡県", "N03_002": null, "N03_003": null, "N03_004": "宗像市", "N03_005": null, "N03_007": "40220", "city": "宗像市" }, "geometry": null },
{ "type": "Feature", "properties": { "N03_001": "福岡県", "N03_002": null, "N03_003": null, "N03_004": "宗像市", "N03_005": null, "N03_007": "40220", "city": "宗像市" }, "geometry": null },
{ "type": "Feature", "properties": { "N03_001": "福岡県", "N03_002": null, "N03_003": null, "N03_004": "宗像市", "N03_005": null, "N03_007": "40220", "city": "宗像市" }, "geometry": null },
{ "type": "Feature", "properties": { "N03_001": "福岡県", "N03_002": null, "N03_003": null, "N03_004": "宗像市", "N03_005": null, "N03_007": "40220", "city": "宗像市" }, "geometry": null },
{ "type": "Feature", "properties": { "N03_001": "福岡県", "N03_002": null, "N03_003": null, "N03_004": "宗像市", "N03_005": null, "N03_007": "40220", "city": "宗像市" }, "geometry": null },
{ "type": "Feature", "properties": { "N03_001": "福岡県", "N03_002": null, "N03_003": null, "N03_004": "宗像市", "N03_005": null, "N03_007": "40220", "city": "宗像市" }, "geometry": null },
{ "type": "Feature", "properties": { "N03_001": "福岡県", "N03_002": null, "N03_003": null, "N03_004": "宗像市", "N03_005": null, "N03_007": "40220", "city": "宗像市" }, "geometry": null },
{ "type": "Feature", "properties": { "N03_001": "福岡県", "N03_002": null, "N03_003": null, "N03_004": "宗像市", "N03_005": null, "N03_007": "40220", "city": "宗像市" }, "geometry": null },
{ "type": "Feature", "properties": { "N03_001": "福岡県", "N03_002": null, "N03_003": null, "N03_004": "宗像市", "N03_005": null, "N03_007": "40220", "city": "宗像市" }, "geometry": null },
{ "type": "Feature", "properties": { "N03_001": "福岡県", "N03_002": null, "N03_003": null, "N03_004": "宗像市", "N03_005": null, "N03_007": "40220", "city": "宗像市" }, "geometry": null },
{ "type": "Feature", "properties": { "N03_001": "福岡県", "N03_002": null, "N03_003": null, "N03_004": "宗像市", "N03_005": null, "N03_007": "40220", "city": "宗像市" }, "geometry": null },
{ "type": "Feature", "properties": { "N03_001": "福岡県", "N03_002": null, "N03_003": null, "N03_004": "宗像市", "N03_005": null, "N03_007": "40220", "city": "宗像市" }, "geometry": null },
{ "type": "Feature", "properties": { "N03_001": "福岡県", "N03_002": null, "N03_003": null, "N03_004": "宗像市", "N03_005": null, "N03_007": "40220", "city": "宗像市" }, "geometry": null },
{ "type": "Feature", "properties": { "N03_001": "福岡県", "N03_002": null, "N03_003": null, "N03_004": "宗像市", "N03_005": null, "N03_007": "40220", "city": "宗像市" }, "geometry": null },
{ "type": "Feature", "properties": { "N03_001": "福岡県", "N03_002": null, "N03_003": null, "N03_004": "宗像市", "N03_005": null, "N03_007": "40220", "city": "宗像市" }, "geometry": null },
{ "type": "Feature", "properties": { "N03_001": "福岡県", "N03_002": null, "N03_003": null, "N03_004": "宗像市", "N03_005": null, "N03_007": "40220", "city": "宗像市" }, "geometry": null },
{ "type": "Feature", "properties": { "N03_001": "福岡県", "N03_002": null, "N03_003": null, "N03_004": "宗像市", "N03_005": null, "N03_007": "40220", "city": "宗像市" }, "geometry": null },
{ "type": "Feature", "properties": { "N03_001": "福岡県", "N03_002": null, "N03_003": null, "N03_004": "宗像市", "N03_005": null, "N03_007": "40220", "city": "宗像市" }, "geometry": null },
{ "type": "Feature", "properties": { "N03_001": "福岡県", "N03_002": null, "N03_003": null, "N03_004": "宗像市", "N03_005": null, "N03_007": "40220", "city": "宗像市" }, "geometry": null },
{ "type": "Feature", "properties": { "N03_001": "福岡県", "N03_002": null, "N03_003": null, "N03_004": "宗像市", "N03_005": null, "N03_007": "40220", "city": "宗像市" }, "geometry": null },
{ "type": "Feature", "properties": { "N03_001": "福岡県", "N03_002": null, "N03_003": null, "N03_004": "宗像市", "N03_005": null, "N03_007": "40220", "city": "宗像市" }, "geometry": null },
{ "type": "Feature", "properties": { "N03_001": "福岡県", "N03_002": null, "N03_003": null, "N03_004": "宗像市", "N03_005": null, "N03_007": "40220", "city": "宗像市" }, "geometry": null },
{ "type": "Feature", "properties": { "N03_001": "福岡県", "N03_002": null, "N03_003": null, "N03_004": "宗像市", "N03_005": null, "N03_007": "40220", "city": "宗像市" }, "geometry": null },
{ "type": "Feature", "properties": { "N03_001": "福岡県", "N03_002": null, "N03_003": null, "N03_004": "宗像市", "N03_005": null, "N03_007": "40220", "city": "宗像市" }, "geometry": null },
{ "type": "Feature", "properties": { "N03_001": "福岡県", "N03_002": null, "N03_003": null, "N03_004": "宗像市", "N03_005": null, "N03_007": "40220", "city": "宗像市" }, "geometry": null },
{ "type": "Feature", "properties": { "N03_001": "福岡県", "N03_002": null, "N03_003": null, "N03_004": "宗像市", "N03_005": null, "N03_007": "40220", "city": "宗像市" }, "geometry": null },
{ "type": "Feature", "properties": { "N03_001": "福岡県", "N03_002": null, "N03_003": null, "N03_004": "宗像市", "N03_005": null, "N03_007": "40220", "city": "宗像市" }, "geometry": null },
{ "type": "Feature", "properties": { "N03_001": "福岡県", "N03_002": null, "N03_003": null, "N03_004": "宗像市", "N03_005": null, "N03_007": "40220", "city": "宗像市" }, "geometry": null },
{ "type": "Feature", "properties": { "N03_001": "福岡県", "N03_002": null, "N03_003": null, "N03_004": "宗像市", "N03_005": null, "N03_007": "40220", "city": "宗像市" }, "geometry": null },
{ "type": "Feature", "properties": { "N03_001": "福岡県", "N03_002": null, "N03_003": null, "N03_004": "宗像市", "N03_005": null, "N03_007": "40220", "city": "宗像市" }, "geometry": null },
{ "type": "Feature", "properties": { "N03_001": "福岡県", "N03_002": null, "N03_003": null, "N03_004": "宗像市", "N03_005": null, "N03_007": "40220", "city": "宗像市" }, "geometry": null },
{ "type": "Feature", "properties": { "N03_001": "福岡県", "N03_002": null, "N03_003": null, "N03_004": "宗像市", "N03_005": null, "N03_007": "40220", "city": "宗像市" }, "geometry": null },
{ "type": "Feature", "properties": { "N03_001": "福岡県", "N03_002": null, "N03_003": null, "N03_004": "宗像市", "N03_005": null, "N03_007": "40220", "city": "宗像市" }, "geometry": null },
{ "type": "Feature", "properties": { "N03_001": "福岡県", "N03_002": null, "N03_003": null, "N03_004": "宗像市", "N03_005": null, "N03_007": "40220", "city": "宗像市" }, "geometry": null },
{ "type": "Feature", "properties": { "N03_001": "福岡県", "N03_002": null, "N03_003": null, "N03_004": "宗像市", "N03_005": null, "N03_007": "40220", "city": "宗像市" }, "geometry": null },
{ "type": "Feature", "properties": { "N03_001": "福岡県", "N03_002": null, "N03_003": null, "N03_004": "宗像市", "N03_005": null, "N03_007": "40220", "city": "宗像市" }, "geometry": null },
{ "type": "Feature", "properties": { "N03_001": "福岡県", "N03_002": null, "N03_003": null, "N03_004": "宗像市", "N03_005": null, "N03_007": "40220", "city": "宗像市" }, "geometry": null },
{ "type": "Feature", "properties": { "N03_001": "福岡県", "N03_002": null, "N03_003": null, "N03_004": "宗像市", "N03_005": null, "N03_007": "40220", "city": "宗像市" }, "geometry": null },
{ "type": "Feature", "properties": { "N03_001": "福岡県", "N03_002": null, "N03_003": null, "N03_004": "宗像市", "N03_005": null, "N03_007": "40220", "city": "宗像市" }, "geometry": null },
{ "type": "Feature", "properties": { "N03_001": "福岡県", "N03_002": null, "N03_003": null, "N03_004": "宗像市", "N03_005": null, "N03_007": "40220", "city": "宗像市" }, "geometry": null },
{ "type": "Feature", "properties": { "N03_001": "福岡県", "N03_002": null, "N03_003": null, "N03_004": "宗像市", "N03_005": null, "N03_007": "40220", "city": "宗像市" }, "geometry": null },
{ "type": "Feature", "properties": { "N03_001": "福岡県", "N03_002": null, "N03_003": null, "N03_004": "宗像市", "N03_005": null, "N03_007": "40220", "city": "宗像市" }, "geometry": null },
{ "type": "Feature", "properties": { "N03_001": "福岡県", "N03_002": null, "N03_003": null, "N03_004": "宗像市", "N03_005": null, "N03_007": "40220", "city": "宗像市" }, "geometry": null },
{ "type": "Feature", "properties": { "N03_001": "福岡県", "N03_002": null, "N03_003": null, "N03_004": "宗像市", "N03_005": null, "N03_007": "40220", "city": "宗像市" }, "geometry": null },
{ "type": "Feature", "properties": { "N03_001": "福岡県", "N03_002": null, "N03_003": null, "N03_004": "宗像市", "N03_005": null, "N03_007": "40220", "city": "宗像市" }, "geometry": null },
{ "type": "Feature", "properties": { "N03_001": "福岡県", "N03_002": null, "N03_003": null, "N03_004": "宗像市", "N03_005": null, "N03_007": "40220", "city": "宗像市" }, "geometry": null },
{ "type": "Feature", "properties": { "N03_001": "福岡県", "N03_002": null, "N03_003": null, "N03_004": "宗像市", "N03_005": null, "N03_007": "40220", "city": "宗像市" }, "geometry": null },
{ "type": "Feature", "properties": { "N03_001": "福岡県", "N03_002": null, "N03_003": null, "N03_004": "宗像市", "N03_005": null, "N03_007": "40220", "city": "宗像市" }, "geometry": null },
{ "type": "Feature", "properties": { "N03_001": "福岡県", "N03_002": null, "N03_003": null, "N03_004": "宗像市", "N03_005": null, "N03_007": "40220", "city": "宗像市" }, "geometry": null },
{ "type": "Feature", "properties": { "N03_001": "福岡県", "N03_002": null, "N03_003": null, "N03_004": "宗像市", "N03_005": null, "N03_007": "40220", "city": "宗像市" }, "geometry": null },
{ "type": "Feature", "properties": { "N03_001": "福岡県", "N03_002": null, "N03_003": null, "N03_004": "宗像市", "N03_005": null, "N03_007": "40220", "city": "宗像市" }, "geometry": null },
{ "type": "Feature", "properties": { "N03_001": "福岡県", "N03_002": null, "N03_003": null, "N03_004": "宗像市", "N03_005": null, "N03_007": "40220", "city": "宗像市" }, "geometry": null },
{ "type": "Feature", "properties": { "N03_001": "福岡県", "N03_002": null, "N03_003": null, "N03_004": "宗像市", "N03_005": null, "N03_007": "40220", "city": "宗像市" }, "geometry": null },
{ "type": "Feature", "properties": { "N03_001": "福岡県", "N03_002": null, "N03_003": null, "N03_004": "宗像市", "N03_005": null, "N03_007": "40220", "city": "宗像市" }, "geometry": null },
{ "type": "Feature", "properties": { "N03_001": "福岡県", "N03_002": null, "N03_003": null, "N03_004": "宗像市", "N03_005": null, "N03_007": "40220", "city": "宗像市" }, "geometry": null },
{ "type": "Feature", "properties": { "N03_001": "福岡県", "N03_002": null, "N03_003": null, "N03_004": "宗像市", "N03_005": null, "N03_007": "40220", "city": "宗像市" }, "geometry": null },
{ "type": "Feature", "properties": { "N03_001": "福岡県", "N03_002": null, "N03_003": null, "N03_004": "宗像市", "N03_005": null, "N03_007": "40220", "city": "宗像市" }, "geometry": null },
{ "type": "Feature", "properties": { "N03_001": "福岡県", "N03_002": null, "N03_003": null, "N03_004": "宗像市", "N03_005": null, "N03_007": "40220", "city": "宗像市" }, "geometry": null },
{ "type": "Feature", "properties": { "N03_001": "福岡県", "N03_002": null, "N03_003": null, "N03_004": "宗像市", "N03_005": null, "N03_007": "40220", "city": "宗像市" }, "geometry": null },
{ "type": "Feature", "properties": { "N03_001": "福岡県", "N03_002": null, "N03_003": null, "N03_004": "宗像市", "N03_005": null, "N03_007": "40220", "city": "宗像市" }, "geometry": null },
{ "type": "Feature", "properties": { "N03_001": "福岡県", "N03_002": null, "N03_003": null, "N03_004": "宗像市", "N03_005": null, "N03_007": "40220", "city": "宗像市" }, "geometry": null },
{ "type": "Feature", "properties": { "N03_001": "福岡県", "N03_002": null, "N03_003": null, "N03_004": "宗像市", "N03_005": null, "N03_007": "40220", "city": "宗像市" }, "geometry": null },
{ "type": "Feature", "properties": { "N03_001": "福岡県", "N03_002": null, "N03_003": null, "N03_004": "宗像市", "N03_005": null, "N03_007": "40220", "city": "宗像市" }, "geometry": null },
{ "type": "Feature", "properties": { "N03_001": "福岡県", "N03_002": null, "N03_003": null, "N03_004": "宗像市", "N03_005": null, "N03_007": "40220", "city": "宗像市" }, "geometry": null },
{ "type": "Feature", "properties": { "N03_001": "福岡県", "N03_002": null, "N03_003": null, "N03_004": "宗像市", "N03_005": null, "N03_007": "40220", "city": "宗像市" }, "geometry": null },
{ "type": "Feature", "properties": { "N03_001": "福岡県", "N03_002": null, "N03_003": null, "N03_004": "宗像市", "N03_005": null, "N03_007": "40220", "city": "宗像市" }, "geometry": null },
{ "type": "Feature", "properties": { "N03_001": "福岡県", "N03_002": null, "N03_003": null, "N03_004": "宗像市", "N03_005": null, "N03_007": "40220", "city": "宗像市" }, "geometry": null },
{ "type": "Feature", "properties": { "N03_001": "福岡県", "N03_002": null, "N03_003": null, "N03_004": "宗像市", "N03_005": null, "N03_007": "40220", "city": "宗像市" }, "geometry": null },
{ "type": "Feature", "properties": { "N03_001": "福岡県", "N03_002": null, "N03_003": null, "N03_004": "宗像市", "N03_005": null, "N03_007": "40220", "city": "宗像市" }, "geometry": null },
{ "type": "Feature", "properties": { "N03_001": "福岡県", "N03_002": null, "N03_003": null, "N03_004": "宗像市", "N03_005": null, "N03_007": "40220", "city": "宗像市" }, "geometry": null },
{ "type": "Feature", "properties": { "N03_001": "福岡県", "N03_002": null, "N03_003": null, "N03_004": "宗像市", "N03_005": null, "N03_007": "40220", "city": "宗像市" }, "geometry": null },
{ "type": "Feature", "properties": { "N03_001": "福岡県", "N03_002": null, "N03_003": null, "N03_004": "宗像市", "N03_005": null, "N03_007": "40220", "city": "宗像市" }, "geometry": null },
{ "type": "Feature", "properties": { "N03_001": "福岡県", "N03_002": null, "N03_003": null, "N03_004": "宗像市", "N03_005": null, "N03_007": "40220", "city": "宗像市" }, "geometry": null },
{ "type": "Feature", "properties": { "N03_001": "福岡県", "N03_002": null, "N03_003": null, "N03_004": "宗像市", "N03_005": null, "N03_007": "40220", "city": "宗像市" }, "geometry": null },
{ "type": "Feature", "properties": { "N03_001": "福岡県", "N03_002": null, "N03_003": null, "N03_004": "宗像市", "N03_005": null, "N03_007": "40220", "city": "宗像市" }, "geometry": null },
{ "type": "Feature", "properties": { "N03_001": "福岡県", "N03_002": null, "N03_003": null, "N03_004": "宗像市", "N03_005": null, "N03_007": "40220", "city": "宗像市" }, "geometry": null },
{ "type": "Feature", "properties": { "N03_001": "福岡県", "N03_002": null, "N03_003": null, "N03_004": "宗像市", "N03_005": null, "N03_007": "40220", "city": "宗像市" }, "geometry": null },
{ "type": "Feature", "properties": { "N03_001": "福岡県", "N03_002": null, "N03_003": null, "N03_004": "宗像市", "N03_005": null, "N03_007": "40220", "city": "宗像市" }, "geometry": null },
{ "type": "Feature", "properties": { "N03_001": "福岡県", "N03_002": null, "N03_003": null, "N03_004": "宗像市", "N03_005": null, "N03_007": "40220", "city": "宗像市" }, "geometry": null },
{ "type": "Feature", "properties": { "N03_001": "福岡県", "N03_002": null, "N03_003": null, "N03_004": "宗像市", "N03_005": null, "N03_007": "40220", "city": "宗像市" }, "geometry": null },
{ "type": "Feature", "properties": { "N03_001": "福岡県", "N03_002": null, "N03_003": null, "N03_004": "宗像市", "N03_005": null, "N03_007": "40220", "city": "宗像市" }, "geometry": null },
{ "type": "Feature", "properties": { "N03_001": "福岡県", "N03_002": null, "N03_003": null, "N03_004": "宗像市", "N03_005": null, "N03_007": "40220", "city": "宗像市" }, "geometry": null },
{ "type": "Feature", "properties": { "N03_001": "福岡県", "N03_002": null, "N03_003": null, "N03_004": "宗像市", "N03_005": null, "N03_007": "40220", "city": "宗像市" }, "geometry": null },
{ "type": "Feature", "properties": { "N03_001": "福岡県", "N03_002": null, "N03_003": null, "N03_004": "宗像市", "N03_005": null, "N03_007": "40220", "city": "宗像市" }, "geometry": null },
{ "type": "Feature", "properties": { "N03_001": "福岡県", "N03_002": null, "N03_003": null, "N03_004": "宗像市", "N03_005": null, "N03_007": "40220", "city": "宗像市" }, "geometry": null },
{ "type": "Feature", "properties": { "N03_001": "福岡県", "N03_002": null, "N03_003": null, "N03_004": "宗像市", "N03_005": null, "N03_007": "40220", "city": "宗像市" }, "geometry": null },
{ "type": "Feature", "properties": { "N03_001": "福岡県", "N03_002": null, "N03_003": null, "N03_004": "宗像市", "N03_005": null, "N03_007": "40220", "city": "宗像市" }, "geometry": null },
{ "type": "Feature", "properties": { "N03_001": "福岡県", "N03_002": null, "N03_003": null, "N03_004": "宗像市", "N03_005": null, "N03_007": "40220", "city": "宗像市" }, "geometry": null },
{ "type": "Feature", "properties": { "N03_001": "福岡県", "N03_002": null, "N03_003": null, "N03_004": "宗像市", "N03_005": null, "N03_007": "40220", "city": "宗像市" }, "geometry": null },
{ "type": "Feature", "properties": { "N03_001": "福岡県", "N03_002": null, "N03_003": null, "N03_004": "宗像市", "N03_005": null, "N03_007": "40220", "city": "宗像市" }, "geometry": null },
{ "type": "Feature", "properties": { "N03_001": "福岡県", "N03_002": null, "N03_003": null, "N03_004": "宗像市", "N03_005": null, "N03_007": "40220", "city": "宗像市" }, "geometry": null },
{ "type": "Feature", "properties": { "N03_001": "福岡県", "N03_002": null, "N03_003": null, "N03_004": "宗像市", "N03_005": null, "N03_007": "40220", "city": "宗像市" }, "geometry": null },
{ "type": "Feature", "properties": { "N03_001": "福岡県", "N03_002": null, "N03_003": null, "N03_004": "宗像市", "N03_005": null, "N03_007": "40220", "city": "宗像市" }, "geometry": null },
{ "type": "Feature", "properties": { "N03_001": "福岡県", "N03_002": null, "N03_003": null, "N03_004": "宗像市", "N03_005": null, "N03_007": "40220", "city": "宗像市" }, "geometry": null },
{ "type": "Feature", "properties": { "N03_001": "福岡県", "N03_002": null, "N03_003": null, "N03_004": "宗像市", "N03_005": null, "N03_007": "40220", "city": "宗像市" }, "geometry": null },
{ "type": "Feature", "properties": { "N03_001": "福岡県", "N03_002": null, "N03_003": null, "N03_004": "宗像市", "N03_005": null, "N03_007": "40220", "city": "宗像市" }, "geometry": null },
{ "type": "Feature", "properties": { "N03_001": "福岡県", "N03_002": null, "N03_003": null, "N03_004": "宗像市", "N03_005": null, "N03_007": "40220", "city": "宗像市" }, "geometry": null },
{ "type": "Feature", "properties": { "N03_001": "福岡県", "N03_002": null, "N03_003": null, "N03_004": "宗像市", "N03_005": null, "N03_007": "40220", "city": "宗像市" }, "geometry": null },
{ "type": "Feature", "properties": { "N03_001": "福岡県", "N03_002": null, "N03_003": null, "N03_004": "宗像市", "N03_005": null, "N03_007": "40220", "city": "宗像市" }, "geometry": null },
{ "type": "Feature", "properties": { "N03_001": "福岡県", "N03_002": null, "N03_003": null, "N03_004": "宗像市", "N03_005": null, "N03_007": "40220", "city": "宗像市" }, "geometry": null },
{ "type": "Feature", "properties": { "N03_001": "福岡県", "N03_002": null, "N03_003": null, "N03_004": "宗像市", "N03_005": null, "N03_007": "40220", "city": "宗像市" }, "geometry": null },
{ "type": "Feature", "properties": { "N03_001": "福岡県", "N03_002": null, "N03_003": null, "N03_004": "宗像市", "N03_005": null, "N03_007": "40220", "city": "宗像市" }, "geometry": null },
{ "type": "Feature", "properties": { "N03_001": "福岡県", "N03_002": null, "N03_003": null, "N03_004": "宗像市", "N03_005": null, "N03_007": "40220", "city": "宗像市" }, "geometry": null },
{ "type": "Feature", "properties": { "N03_001": "福岡県", "N03_002": null, "N03_003": null, "N03_004": "宗像市", "N03_005": null, "N03_007": "40220", "city": "宗像市" }, "geometry": null },
{ "type": "Feature", "properties": { "N03_001": "福岡県", "N03_002": null, "N03_003": null, "N03_004": "宗像市", "N03_005": null, "N03_007": "40220", "city": "宗像市" }, "geometry": null },
{ "type": "Feature", "properties": { "N03_001": "福岡県", "N03_002": null, "N03_003": null, "N03_004": "宗像市", "N03_005": null, "N03_007": "40220", "city": "宗像市" }, "geometry": null },
{ "type": "Feature", "properties": { "N03_001": "福岡県", "N03_002": null, "N03_003": null, "N03_004": "宗像市", "N03_005": null, "N03_007": "40220", "city": "宗像市" }, "geometry": null },
{ "type": "Feature", "properties": { "N03_001": "福岡県", "N03_002": null, "N03_003": null, "N03_004": "宗像市", "N03_005": null, "N03_007": "40220", "city": "宗像市" }, "geometry": null },
{ "type": "Feature", "properties": { "N03_001": "福岡県", "N03_002": null, "N03_003": null, "N03_004": "宗像市", "N03_005": null, "N03_007": "40220", "city": "宗像市" }, "geometry": null },
{ "type": "Feature", "properties": { "N03_001": "福岡県", "N03_002": null, "N03_003": null, "N03_004": "宗像市", "N03_005": null, "N03_007": "40220", "city": "宗像市" }, "geometry": null },
{ "type": "Feature", "properties": { "N03_001": "福岡県", "N03_002": null, "N03_003": null, "N03_004": "宗像市", "N03_005": null, "N03_007": "40220", "city": "宗像市" }, "geometry": null },
{ "type": "Feature", "properties": { "N03_001": "福岡県", "N03_002": null, "N03_003": null, "N03_004": "宗像市", "N03_005": null, "N03_007": "40220", "city": "宗像市" }, "geometry": null },
{ "type": "Feature", "properties": { "N03_001": "福岡県", "N03_002": null, "N03_003": null, "N03_004": "宗像市", "N03_005": null, "N03_007": "40220", "city": "宗像市" }, "geometry": null },
{ "type": "Feature", "properties": { "N03_001": "福岡県", "N03_002": null, "N03_003": null, "N03_004": "宗像市", "N03_005": null, "N03_007": "40220", "city": "宗像市" }, "geometry": null },
{ "type": "Feature", "properties": { "N03_001": "福岡県", "N03_002": null, "N03_003": null, "N03_004": "宗像市", "N03_005": null, "N03_007": "40220", "city": "宗像市" }, "geometry": null },
{ "type": "Feature", "properties": { "N03_001": "福岡県", "N03_002": null, "N03_003": null, "N03_004": "宗像市", "N03_005": null, "N03_007": "40220", "city": "宗像市" }, "geometry": null },
{ "type": "Feature", "properties": { "N03_001": "福岡県", "N03_002": null, "N03_003": null, "N03_004": "宗像市", "N03_005": null, "N03_007": "40220", "city": "宗像市" }, "geometry": null },
{ "type": "Feature", "properties": { "N03_001": "福岡県", "N03_002": null, "N03_003": null, "N03_004": "宗像市", "N03_005": null, "N03_007": "40220", "city": "宗像市" }, "geometry": null },
{ "type": "Feature", "properties": { "N03_001": "福岡県", "N03_002": null, "N03_003": null, "N03_004": "宗像市", "N03_005": null, "N03_007": "40220", "city": "宗像市" }, "geometry": null },
{ "type": "Feature", "properties": { "N03_001": "福岡県", "N03_002": null, "N03_003": null, "N03_004": "宗像市", "N03_005": null, "N03_007": "40220", "city": "宗像市" }, "geometry": null },
{ "type": "Feature", "properties": { "N03_001": "福岡県", "N03_002": null, "N03_003": null, "N03_004": "宗像市", "N03_005": null, "N03_007": "40220", "city": "宗像市" }, "geometry": null },
{ "type": "Feature", "properties": { "N03_001": "福岡県", "N03_002": null, "N03_003": null, "N03_004": "宗像市", "N03_005": null, "N03_007": "40220", "city": "宗像市" }, "geometry": null },
{ "type": "Feature", "properties": { "N03_001": "福岡県", "N03_002": null, "N03_003": null, "N03_004": "宗像市", "N03_005": null, "N03_007": "40220", "city": "宗像市" }, "geometry": null },
{ "type": "Feature", "properties": { "N03_001": "福岡県", "N03_002": null, "N03_003": null, "N03_004": "宗像市", "N03_005": null, "N03_007": "40220", "city": "宗像市" }, "geometry": null },
{ "type": "Feature", "properties": { "N03_001": "福岡県", "N03_002": null, "N03_003": null, "N03_004": "宗像市", "N03_005": null, "N03_007": "40220", "city": "宗像市" }, "geometry": null },
{ "type": "Feature", "properties": { "N03_001": "福岡県", "N03_002": null, "N03_003": null, "N03_004": "宗像市", "N03_005": null, "N03_007": "40220", "city": "宗像市" }, "geometry": null },
{ "type": "Feature", "properties": { "N03_001": "福岡県", "N03_002": null, "N03_003": null, "N03_004": "宗像市", "N03_005": null, "N03_007": "40220", "city": "宗像市" }, "geometry": null },
{ "type": "Feature", "properties": { "N03_001": "福岡県", "N03_002": null, "N03_003": null, "N03_004": "宗像市", "N03_005": null, "N03_007": "40220", "city": "宗像市" }, "geometry": null },
{ "type": "Feature", "properties": { "N03_001": "福岡県", "N03_002": null, "N03_003": null, "N03_004": "宗像市", "N03_005": null, "N03_007": "40220", "city": "宗像市" }, "geometry": null },
{ "type": "Feature", "properties": { "N03_001": "福岡県", "N03_002": null, "N03_003": null, "N03_004": "宗像市", "N03_005": null, "N03_007": "40220", "city": "宗像市" }, "geometry": null },
{ "type": "Feature", "properties": { "N03_001": "福岡県", "N03_002": null, "N03_003": null, "N03_004": "宗像市", "N03_005": null, "N03_007": "40220", "city": "宗像市" }, "geometry": null },
{ "type": "Feature", "properties": { "N03_001": "福岡県", "N03_002": null, "N03_003": null, "N03_004": "宗像市", "N03_005": null, "N03_007": "40220", "city": "宗像市" }, "geometry": null },
{ "type": "Feature", "properties": { "N03_001": "福岡県", "N03_002": null, "N03_003": null, "N03_004": "宗像市", "N03_005": null, "N03_007": "40220", "city": "宗像市" }, "geometry": null },
{ "type": "Feature", "properties": { "N03_001": "福岡県", "N03_002": null, "N03_003": null, "N03_004": "宗像市", "N03_005": null, "N03_007": "40220", "city": "宗像市" }, "geometry": null },
{ "type": "Feature", "properties": { "N03_001": "福岡県", "N03_002": null, "N03_003": null, "N03_004": "宗像市", "N03_005": null, "N03_007": "40220", "city": "宗像市" }, "geometry": null },
{ "type": "Feature", "properties": { "N03_001": "福岡県", "N03_002": null, "N03_003": null, "N03_004": "宗像市", "N03_005": null, "N03_007": "40220", "city": "宗像市" }, "geometry": null },
{ "type": "Feature", "properties": { "N03_001": "福岡県", "N03_002": null, "N03_003": null, "N03_004": "宗像市", "N03_005": null, "N03_007": "40220", "city": "宗像市" }, "geometry": null },
{ "type": "Feature", "properties": { "N03_001": "福岡県", "N03_002": null, "N03_003": null, "N03_004": "宗像市", "N03_005": null, "N03_007": "40220", "city": "宗像市" }, "geometry": null },
{ "type": "Feature", "properties": { "N03_001": "福岡県", "N03_002": null, "N03_003": null, "N03_004": "宗像市", "N03_005": null, "N03_007": "40220", "city": "宗像市" }, "geometry": null },
{ "type": "Feature", "properties": { "N03_001": "福岡県", "N03_002": null, "N03_003": null, "N03_004": "宗像市", "N03_005": null, "N03_007": "40220", "city": "宗像市" }, "geometry": null },
{ "type": "Feature", "properties": { "N03_001": "福岡県", "N03_002": null, "N03_003": null, "N03_004": "宗像市", "N03_005": null, "N03_007": "40220", "city": "宗像市" }, "geometry": null },
{ "type": "Feature", "properties": { "N03_001": "福岡県", "N03_002": null, "N03_003": null, "N03_004": "宗像市", "N03_005": null, "N03_007": "40220", "city": "宗像市" }, "geometry": null },
{ "type": "Feature", "properties": { "N03_001": "福岡県", "N03_002": null, "N03_003": null, "N03_004": "宗像市", "N03_005": null, "N03_007": "40220", "city": "宗像市" }, "geometry": null },
{ "type": "Feature", "properties": { "N03_001": "福岡県", "N03_002": null, "N03_003": null, "N03_004": "宗像市", "N03_005": null, "N03_007": "40220", "city": "宗像市" }, "geometry": null },
{ "type": "Feature", "properties": { "N03_001": "福岡県", "N03_002": null, "N03_003": null, "N03_004": "宗像市", "N03_005": null, "N03_007": "40220", "city": "宗像市" }, "geometry": null },
{ "type": "Feature", "properties": { "N03_001": "福岡県", "N03_002": null, "N03_003": null, "N03_004": "宗像市", "N03_005": null, "N03_007": "40220", "city": "宗像市" }, "geometry": null },
{ "type": "Feature", "properties": { "N03_001": "福岡県", "N03_002": null, "N03_003": null, "N03_004": "宗像市", "N03_005": null, "N03_007": "40220", "city": "宗像市" }, "geometry": null },
{ "type": "Feature", "properties": { "N03_001": "福岡県", "N03_002": null, "N03_003": null, "N03_004": "宗像市", "N03_005": null, "N03_007": "40220", "city": "宗像市" }, "geometry": null },
{ "type": "Feature", "properties": { "N03_001": "福岡県", "N03_002": null, "N03_003": null, "N03_004": "宗像市", "N03_005": null, "N03_007": "40220", "city": "宗像市" }, "geometry": null },
{ "type": "Feature", "properties": { "N03_001": "福岡県", "N03_002": null, "N03_003": null, "N03_004": "宗像市", "N03_005": null, "N03_007": "40220", "city": "宗像市" }, "geometry": null },
{ "type": "Feature", "properties": { "N03_001": "福岡県", "N03_002": null, "N03_003": null, "N03_004": "宗像市", "N03_005": null, "N03_007": "40220", "city": "宗像市" }, "geometry": null },
{ "type": "Feature", "properties": { "N03_001": "福岡県", "N03_002": null, "N03_003": null, "N03_004": "宗像市", "N03_005": null, "N03_007": "40220", "city": "宗像市" }, "geometry": null },
{ "type": "Feature", "properties": { "N03_001": "福岡県", "N03_002": null, "N03_003": null, "N03_004": "宗像市", "N03_005": null, "N03_007": "40220", "city": "宗像市" }, "geometry": null },
{ "type": "Feature", "properties": { "N03_001": "福岡県", "N03_002": null, "N03_003": null, "N03_004": "宗像市", "N03_005": null, "N03_007": "40220", "city": "宗像市" }, "geometry": null },
{ "type": "Feature", "properties": { "N03_001": "福岡県", "N03_002": null, "N03_003": null, "N03_004": "宗像市", "N03_005": null, "N03_007": "40220", "city": "宗像市" }, "geometry": null },
{ "type": "Feature", "properties": { "N03_001": "福岡県", "N03_002": null, "N03_003": null, "N03_004": "宗像市", "N03_005": null, "N03_007": "40220", "city": "宗像市" }, "geometry": null },
{ "type": "Feature", "properties": { "N03_001": "福岡県", "N03_002": null, "N03_003": null, "N03_004": "宗像市", "N03_005": null, "N03_007": "40220", "city": "宗像市" }, "geometry": null },
{ "type": "Feature", "properties": { "N03_001": "福岡県", "N03_002": null, "N03_003": null, "N03_004": "宗像市", "N03_005": null, "N03_007": "40220", "city": "宗像市" }, "geometry": null },
{ "type": "Feature", "properties": { "N03_001": "福岡県", "N03_002": null, "N03_003": null, "N03_004": "宗像市", "N03_005": null, "N03_007": "40220", "city": "宗像市" }, "geometry": null },
{ "type": "Feature", "properties": { "N03_001": "福岡県", "N03_002": null, "N03_003": null, "N03_004": "宗像市", "N03_005": null, "N03_007": "40220", "city": "宗像市" }, "geometry": null },
{ "type": "Feature", "properties": { "N03_001": "福岡県", "N03_002": null, "N03_003": null, "N03_004": "宗像市", "N03_005": null, "N03_007": "40220", "city": "宗像市" }, "geometry": null },
{ "type": "Feature", "properties": { "N03_001": "福岡県", "N03_002": null, "N03_003": null, "N03_004": "宗像市", "N03_005": null, "N03_007": "40220", "city": "宗像市" }, "geometry": null },
{ "type": "Feature", "properties": { "N03_001": "福岡県", "N03_002": null, "N03_003": null, "N03_004": "宗像市", "N03_005": null, "N03_007": "40220", "city": "宗像市" }, "geometry": null },
{ "type": "Feature", "properties": { "N03_001": "福岡県", "N03_002": null, "N03_003": null, "N03_004": "宗像市", "N03_005": null, "N03_007": "40220", "city": "宗像市" }, "geometry": null },
{ "type": "Feature", "properties": { "N03_001": "福岡県", "N03_002": null, "N03_003": null, "N03_004": "宗像市", "N03_005": null, "N03_007": "40220", "city": "宗像市" }, "geometry": null },
{ "type": "Feature", "properties": { "N03_001": "福岡県", "N03_002": null, "N03_003": null, "N03_004": "宗像市", "N03_005": null, "N03_007": "40220", "city": "宗像市" }, "geometry": null },
{ "type": "Feature", "properties": { "N03_001": "福岡県", "N03_002": null, "N03_003": null, "N03_004": "宗像市", "N03_005": null, "N03_007": "40220", "city": "宗像市" }, "geometry": null },
{ "type": "Feature", "properties": { "N03_001": "福岡県", "N03_002": null, "N03_003": null, "N03_004": "宗像市", "N03_005": null, "N03_007": "40220", "city": "宗像市" }, "geometry": null },
{ "type": "Feature", "properties": { "N03_001": "福岡県", "N03_002": null, "N03_003": null, "N03_004": "宗像市", "N03_005": null, "N03_007": "40220", "city": "宗像市" }, "geometry": null },
{ "type": "Feature", "properties": { "N03_001": "福岡県", "N03_002": null, "N03_003": null, "N03_004": "宗像市", "N03_005": null, "N03_007": "40220", "city": "宗像市" }, "geometry": null },
{ "type": "Feature", "properties": { "N03_001": "福岡県", "N03_002": null, "N03_003": null, "N03_004": "宗像市", "N03_005": null, "N03_007": "40220", "city": "宗像市" }, "geometry": null },
{ "type": "Feature", "properties": { "N03_001": "福岡県", "N03_002": null, "N03_003": null, "N03_004": "宗像市", "N03_005": null, "N03_007": "40220", "city": "宗像市" }, "geometry": null },
{ "type": "Feature", "properties": { "N03_001": "福岡県", "N03_002": null, "N03_003": null, "N03_004": "宗像市", "N03_005": null, "N03_007": "40220", "city": "宗像市" }, "geometry": null },
{ "type": "Feature", "properties": { "N03_001": "福岡県", "N03_002": null, "N03_003": null, "N03_004": "宗像市", "N03_005": null, "N03_007": "40220", "city": "宗像市" }, "geometry": null },
{ "type": "Feature", "properties": { "N03_001": "福岡県", "N03_002": null, "N03_003": null, "N03_004": "宗像市", "N03_005": null, "N03_007": "40220", "city": "宗像市" }, "geometry": null },
{ "type": "Feature", "properties": { "N03_001": "福岡県", "N03_002": null, "N03_003": null, "N03_004": "宗像市", "N03_005": null, "N03_007": "40220", "city": "宗像市" }, "geometry": null },
{ "type": "Feature", "properties": { "N03_001": "福岡県", "N03_002": null, "N03_003": null, "N03_004": "宗像市", "N03_005": null, "N03_007": "40220", "city": "宗像市" }, "geometry": null },
{ "type": "Feature", "properties": { "N03_001": "福岡県", "N03_002": null, "N03_003": null, "N03_004": "宗像市", "N03_005": null, "N03_007": "40220", "city": "宗像市" }, "geometry": null },
{ "type": "Feature", "properties": { "N03_001": "福岡県", "N03_002": null, "N03_003": null, "N03_004": "宗像市", "N03_005": null, "N03_007": "40220", "city": "宗像市" }, "geometry": null },
{ "type": "Feature", "properties": { "N03_001": "福岡県", "N03_002": null, "N03_003": null, "N03_004": "宗像市", "N03_005": null, "N03_007": "40220", "city": "宗像市" }, "geometry": null },
{ "type": "Feature", "properties": { "N03_001": "福岡県", "N03_002": null, "N03_003": null, "N03_004": "宗像市", "N03_005": null, "N03_007": "40220", "city": "宗像市" }, "geometry": null },
{ "type": "Feature", "properties": { "N03_001": "福岡県", "N03_002": null, "N03_003": null, "N03_004": "宗像市", "N03_005": null, "N03_007": "40220", "city": "宗像市" }, "geometry": null },
{ "type": "Feature", "properties": { "N03_001": "福岡県", "N03_002": null, "N03_003": null, "N03_004": "宗像市", "N03_005": null, "N03_007": "40220", "city": "宗像市" }, "geometry": null },
{ "type": "Feature", "properties": { "N03_001": "福岡県", "N03_002": null, "N03_003": null, "N03_004": "宗像市", "N03_005": null, "N03_007": "40220", "city": "宗像市" }, "geometry": null },
{ "type": "Feature", "properties": { "N03_001": "福岡県", "N03_002": null, "N03_003": null, "N03_004": "宗像市", "N03_005": null, "N03_007": "40220", "city": "宗像市" }, "geometry": null },
{ "type": "Feature", "properties": { "N03_001": "福岡県", "N03_002": null, "N03_003": null, "N03_004": "宗像市", "N03_005": null, "N03_007": "40220", "city": "宗像市" }, "geometry": null },
{ "type": "Feature", "properties": { "N03_001": "福岡県", "N03_002": null, "N03_003": null, "N03_004": "宗像市", "N03_005": null, "N03_007": "40220", "city": "宗像市" }, "geometry": null },
{ "type": "Feature", "properties": { "N03_001": "福岡県", "N03_002": null, "N03_003": null, "N03_004": "宗像市", "N03_005": null, "N03_007": "40220", "city": "宗像市" }, "geometry": null },
{ "type": "Feature", "properties": { "N03_001": "福岡県", "N03_002": null, "N03_003": null, "N03_004": "宗像市", "N03_005": null, "N03_007": "40220", "city": "宗像市" }, "geometry": null },
{ "type": "Feature", "properties": { "N03_001": "福岡県", "N03_002": null, "N03_003": null, "N03_004": "宗像市", "N03_005": null, "N03_007": "40220", "city": "宗像市" }, "geometry": null },
{ "type": "Feature", "properties": { "N03_001": "福岡県", "N03_002": null, "N03_003": null, "N03_004": "宗像市", "N03_005": null, "N03_007": "40220", "city": "宗像市" }, "geometry": null },
{ "type": "Feature", "properties": { "N03_001": "福岡県", "N03_002": null, "N03_003": null, "N03_004": "宗像市", "N03_005": null, "N03_007": "40220", "city": "宗像市" }, "geometry": null },
{ "type": "Feature", "properties": { "N03_001": "福岡県", "N03_002": null, "N03_003": null, "N03_004": "宗像市", "N03_005": null, "N03_007": "40220", "city": "宗像市" }, "geometry": null },
{ "type": "Feature", "properties": { "N03_001": "福岡県", "N03_002": null, "N03_003": null, "N03_004": "宗像市", "N03_005": null, "N03_007": "40220", "city": "宗像市" }, "geometry": null },
{ "type": "Feature", "properties": { "N03_001": "福岡県", "N03_002": null, "N03_003": null, "N03_004": "宗像市", "N03_005": null, "N03_007": "40220", "city": "宗像市" }, "geometry": null },
{ "type": "Feature", "properties": { "N03_001": "福岡県", "N03_002": null, "N03_003": null, "N03_004": "宗像市", "N03_005": null, "N03_007": "40220", "city": "宗像市" }, "geometry": null },
{ "type": "Feature", "properties": { "N03_001": "福岡県", "N03_002": null, "N03_003": null, "N03_004": "宗像市", "N03_005": null, "N03_007": "40220", "city": "宗像市" }, "geometry": null },
{ "type": "Feature", "properties": { "N03_001": "福岡県", "N03_002": null, "N03_003": null, "N03_004": "宗像市", "N03_005": null, "N03_007": "40220", "city": "宗像市" }, "geometry": null },
{ "type": "Feature", "properties": { "N03_001": "福岡県", "N03_002": null, "N03_003": null, "N03_004": "宗像市", "N03_005": null, "N03_007": "40220", "city": "宗像市" }, "geometry": null },
{ "type": "Feature", "properties": { "N03_001": "福岡県", "N03_002": null, "N03_003": null, "N03_004": "宗像市", "N03_005": null, "N03_007": "40220", "city": "宗像市" }, "geometry": null },
{ "type": "Feature", "properties": { "N03_001": "福岡県", "N03_002": null, "N03_003": null, "N03_004": "宗像市", "N03_005": null, "N03_007": "40220", "city": "宗像市" }, "geometry": null },
{ "type": "Feature", "properties": { "N03_001": "福岡県", "N03_002": null, "N03_003": null, "N03_004": "宗像市", "N03_005": null, "N03_007": "40220", "city": "宗像市" }, "geometry": null },
{ "type": "Feature", "properties": { "N03_001": "福岡県", "N03_002": null, "N03_003": null, "N03_004": "宗像市", "N03_005": null, "N03_007": "40220", "city": "宗像市" }, "geometry": null },
{ "type": "Feature", "properties": { "N03_001": "福岡県", "N03_002": null, "N03_003": null, "N03_004": "宗像市", "N03_005": null, "N03_007": "40220", "city": "宗像市" }, "geometry": null },
{ "type": "Feature", "properties": { "N03_001": "福岡県", "N03_002": null, "N03_003": null, "N03_004": "宗像市", "N03_005": null, "N03_007": "40220", "city": "宗像市" }, "geometry": null },
{ "type": "Feature", "properties": { "N03_001": "福岡県", "N03_002": null, "N03_003": null, "N03_004": "宗像市", "N03_005": null, "N03_007": "40220", "city": "宗像市" }, "geometry": null },
{ "type": "Feature", "properties": { "N03_001": "福岡県", "N03_002": null, "N03_003": null, "N03_004": "宗像市", "N03_005": null, "N03_007": "40220", "city": "宗像市" }, "geometry": null },
{ "type": "Feature", "properties": { "N03_001": "福岡県", "N03_002": null, "N03_003": null, "N03_004": "宗像市", "N03_005": null, "N03_007": "40220", "city": "宗像市" }, "geometry": null },
{ "type": "Feature", "properties": { "N03_001": "福岡県", "N03_002": null, "N03_003": null, "N03_004": "宗像市", "N03_005": null, "N03_007": "40220", "city": "宗像市" }, "geometry": null },
{ "type": "Feature", "properties": { "N03_001": "福岡県", "N03_002": null, "N03_003": null, "N03_004": "宗像市", "N03_005": null, "N03_007": "40220", "city": "宗像市" }, "geometry": null },
{ "type": "Feature", "properties": { "N03_001": "福岡県", "N03_002": null, "N03_003": null, "N03_004": "宗像市", "N03_005": null, "N03_007": "40220", "city": "宗像市" }, "geometry": null },
{ "type": "Feature", "properties": { "N03_001": "福岡県", "N03_002": null, "N03_003": null, "N03_004": "宗像市", "N03_005": null, "N03_007": "40220", "city": "宗像市" }, "geometry": null },
{ "type": "Feature", "properties": { "N03_001": "福岡県", "N03_002": null, "N03_003": null, "N03_004": "宗像市", "N03_005": null, "N03_007": "40220", "city": "宗像市" }, "geometry": null },
{ "type": "Feature", "properties": { "N03_001": "福岡県", "N03_002": null, "N03_003": null, "N03_004": "宗像市", "N03_005": null, "N03_007": "40220", "city": "宗像市" }, "geometry": null },
{ "type": "Feature", "properties": { "N03_001": "福岡県", "N03_002": null, "N03_003": null, "N03_004": "宗像市", "N03_005": null, "N03_007": "40220", "city": "宗像市" }, "geometry": null },
{ "type": "Feature", "properties": { "N03_001": "福岡県", "N03_002": null, "N03_003": null, "N03_004": "宗像市", "N03_005": null, "N03_007": "40220", "city": "宗像市" }, "geometry": null },
{ "type": "Feature", "properties": { "N03_001": "福岡県", "N03_002": null, "N03_003": null, "N03_004": "宗像市", "N03_005": null, "N03_007": "40220", "city": "宗像市" }, "geometry": null },
{ "type": "Feature", "properties": { "N03_001": "福岡県", "N03_002": null, "N03_003": null, "N03_004": "宗像市", "N03_005": null, "N03_007": "40220", "city": "宗像市" }, "geometry": null },
{ "type": "Feature", "properties": { "N03_001": "福岡県", "N03_002": null, "N03_003": null, "N03_004": "宗像市", "N03_005": null, "N03_007": "40220", "city": "宗像市" }, "geometry": null },
{ "type": "Feature", "properties": { "N03_001": "福岡県", "N03_002": null, "N03_003": null, "N03_004": "宗像市", "N03_005": null, "N03_007": "40220", "city": "宗像市" }, "geometry": null },
{ "type": "Feature", "properties": { "N03_001": "福岡県", "N03_002": null, "N03_003": null, "N03_004": "宗像市", "N03_005": null, "N03_007": "40220", "city": "宗像市" }, "geometry": null },
{ "type": "Feature", "properties": { "N03_001": "福岡県", "N03_002": null, "N03_003": null, "N03_004": "宗像市", "N03_005": null, "N03_007": "40220", "city": "宗像市" }, "geometry": null },
{ "type": "Feature", "properties": { "N03_001": "福岡県", "N03_002": null, "N03_003": null, "N03_004": "宗像市", "N03_005": null, "N03_007": "40220", "city": "宗像市" }, "geometry": null },
{ "type": "Feature", "properties": { "N03_001": "福岡県", "N03_002": null, "N03_003": null, "N03_004": "宗像市", "N03_005": null, "N03_007": "40220", "city": "宗像市" }, "geometry": null },
{ "type": "Feature", "properties": { "N03_001": "福岡県", "N03_002": null, "N03_003": null, "N03_004": "宗像市", "N03_005": null, "N03_007": "40220", "city": "宗像市" }, "geometry": null },
{ "type": "Feature", "properties": { "N03_001": "福岡県", "N03_002": null, "N03_003": null, "N03_004": "宗像市", "N03_005": null, "N03_007": "40220", "city": "宗像市" }, "geometry": null },
{ "type": "Feature", "properties": { "N03_001": "福岡県", "N03_002": null, "N03_003": null, "N03_004": "宗像市", "N03_005": null, "N03_007": "40220", "city": "宗像市" }, "geometry": null },
{ "type": "Feature", "properties": { "N03_001": "福岡県", "N03_002": null, "N03_003": null, "N03_004": "宗像市", "N03_005": null, "N03_007": "40220", "city": "宗像市" }, "geometry": null },
{ "type": "Feature", "properties": { "N03_001": "福岡県", "N03_002": null, "N03_003": null, "N03_004": "宗像市", "N03_005": null, "N03_007": "40220", "city": "宗像市" }, "geometry": null },
{ "type": "Feature", "properties": { "N03_001": "福岡県", "N03_002": null, "N03_003": null, "N03_004": "宗像市", "N03_005": null, "N03_007": "40220", "city": "宗像市" }, "geometry": null },
{ "type": "Feature", "properties": { "N03_001": "福岡県", "N03_002": null, "N03_003": null, "N03_004": "宗像市", "N03_005": null, "N03_007": "40220", "city": "宗像市" }, "geometry": null },
{ "type": "Feature", "properties": { "N03_001": "福岡県", "N03_002": null, "N03_003": null, "N03_004": "宗像市", "N03_005": null, "N03_007": "40220", "city": "宗像市" }, "geometry": null },
{ "type": "Feature", "properties": { "N03_001": "福岡県", "N03_002": null, "N03_003": null, "N03_004": "宗像市", "N03_005": null, "N03_007": "40220", "city": "宗像市" }, "geometry": null },
{ "type": "Feature", "properties": { "N03_001": "福岡県", "N03_002": null, "N03_003": null, "N03_004": "宗像市", "N03_005": null, "N03_007": "40220", "city": "宗像市" }, "geometry": null },
{ "type": "Feature", "properties": { "N03_001": "福岡県", "N03_002": null, "N03_003": null, "N03_004": "宗像市", "N03_005": null, "N03_007": "40220", "city": "宗像市" }, "geometry": null },
{ "type": "Feature", "properties": { "N03_001": "福岡県", "N03_002": null, "N03_003": null, "N03_004": "宗像市", "N03_005": null, "N03_007": "40220", "city": "宗像市" }, "geometry": null },
{ "type": "Feature", "properties": { "N03_001": "福岡県", "N03_002": null, "N03_003": null, "N03_004": "宗像市", "N03_005": null, "N03_007": "40220", "city": "宗像市" }, "geometry": null },
{ "type": "Feature", "properties": { "N03_001": "福岡県", "N03_002": null, "N03_003": null, "N03_004": "宗像市", "N03_005": null, "N03_007": "40220", "city": "宗像市" }, "geometry": null },
{ "type": "Feature", "properties": { "N03_001": "福岡県", "N03_002": null, "N03_003": null, "N03_004": "宗像市", "N03_005": null, "N03_007": "40220", "city": "宗像市" }, "geometry": null },
{ "type": "Feature", "properties": { "N03_001": "福岡県", "N03_002": null, "N03_003": null, "N03_004": "宗像市", "N03_005": null, "N03_007": "40220", "city": "宗像市" }, "geometry": null },
{ "type": "Feature", "properties": { "N03_001": "福岡県", "N03_002": null, "N03_003": null, "N03_004": "宗像市", "N03_005": null, "N03_007": "40220", "city": "宗像市" }, "geometry": null },
{ "type": "Feature", "properties": { "N03_001": "福岡県", "N03_002": null, "N03_003": null, "N03_004": "宗像市", "N03_005": null, "N03_007": "40220", "city": "宗像市" }, "geometry": null },
{ "type": "Feature", "properties": { "N03_001": "福岡県", "N03_002": null, "N03_003": null, "N03_004": "宗像市", "N03_005": null, "N03_007": "40220", "city": "宗像市" }, "geometry": null },
{ "type": "Feature", "properties": { "N03_001": "福岡県", "N03_002": null, "N03_003": null, "N03_004": "宗像市", "N03_005": null, "N03_007": "40220", "city": "宗像市" }, "geometry": null },
{ "type": "Feature", "properties": { "N03_001": "福岡県", "N03_002": null, "N03_003": null, "N03_004": "宗像市", "N03_005": null, "N03_007": "40220", "city": "宗像市" }, "geometry": null },
{ "type": "Feature", "properties": { "N03_001": "福岡県", "N03_002": null, "N03_003": null, "N03_004": "宗像市", "N03_005": null, "N03_007": "40220", "city": "宗像市" }, "geometry": null },
{ "type": "Feature", "properties": { "N03_001": "福岡県", "N03_002": null, "N03_003": null, "N03_004": "宗像市", "N03_005": null, "N03_007": "40220", "city": "宗像市" }, "geometry": null },
{ "type": "Feature", "properties": { "N03_001": "福岡県", "N03_002": null, "N03_003": null, "N03_004": "宗像市", "N03_005": null, "N03_007": "40220", "city": "宗像市" }, "geometry": null },
{ "type": "Feature", "properties": { "N03_001": "福岡県", "N03_002": null, "N03_003": null, "N03_004": "宗像市", "N03_005": null, "N03_007": "40220", "city": "宗像市" }, "geometry": null },
{ "type": "Feature", "properties": { "N03_001": "福岡県", "N03_002": null, "N03_003": null, "N03_004": "宗像市", "N03_005": null, "N03_007": "40220", "city": "宗像市" }, "geometry": null },
{ "type": "Feature", "properties": { "N03_001": "福岡県", "N03_002": null, "N03_003": null, "N03_004": "宗像市", "N03_005": null, "N03_007": "40220", "city": "宗像市" }, "geometry": null },
{ "type": "Feature", "properties": { "N03_001": "福岡県", "N03_002": null, "N03_003": null, "N03_004": "宗像市", "N03_005": null, "N03_007": "40220", "city": "宗像市" }, "geometry": null },
{ "type": "Feature", "properties": { "N03_001": "福岡県", "N03_002": null, "N03_003": null, "N03_004": "宗像市", "N03_005": null, "N03_007": "40220", "city": "宗像市" }, "geometry": null },
{ "type": "Feature", "properties": { "N03_001": "福岡県", "N03_002": null, "N03_003": null, "N03_004": "宗像市", "N03_005": null, "N03_007": "40220", "city": "宗像市" }, "geometry": null },
{ "type": "Feature", "properties": { "N03_001": "福岡県", "N03_002": null, "N03_003": null, "N03_004": "宗像市", "N03_005": null, "N03_007": "40220", "city": "宗像市" }, "geometry": null },
{ "type": "Feature", "properties": { "N03_001": "福岡県", "N03_002": null, "N03_003": null, "N03_004": "宗像市", "N03_005": null, "N03_007": "40220", "city": "宗像市" }, "geometry": null },
{ "type": "Feature", "properties": { "N03_001": "福岡県", "N03_002": null, "N03_003": null, "N03_004": "宗像市", "N03_005": null, "N03_007": "40220", "city": "宗像市" }, "geometry": null },
{ "type": "Feature", "properties": { "N03_001": "福岡県", "N03_002": null, "N03_003": null, "N03_004": "宗像市", "N03_005": null, "N03_007": "40220", "city": "宗像市" }, "geometry": null },
{ "type": "Feature", "properties": { "N03_001": "福岡県", "N03_002": null, "N03_003": null, "N03_004": "宗像市", "N03_005": null, "N03_007": "40220", "city": "宗像市" }, "geometry": null },
{ "type": "Feature", "properties": { "N03_001": "福岡県", "N03_002": null, "N03_003": null, "N03_004": "宗像市", "N03_005": null, "N03_007": "40220", "city": "宗像市" }, "geometry": null },
{ "type": "Feature", "properties": { "N03_001": "福岡県", "N03_002": null, "N03_003": null, "N03_004": "宗像市", "N03_005": null, "N03_007": "40220", "city": "宗像市" }, "geometry": null },
{ "type": "Feature", "properties": { "N03_001": "福岡県", "N03_002": null, "N03_003": null, "N03_004": "宗像市", "N03_005": null, "N03_007": "40220", "city": "宗像市" }, "geometry": null },
{ "type": "Feature", "properties": { "N03_001": "福岡県", "N03_002": null, "N03_003": null, "N03_004": "宗像市", "N03_005": null, "N03_007": "40220", "city": "宗像市" }, "geometry": null },
{ "type": "Feature", "properties": { "N03_001": "福岡県", "N03_002": null, "N03_003": null, "N03_004": "宗像市", "N03_005": null, "N03_007": "40220", "city": "宗像市" }, "geometry": null },
{ "type": "Feature", "properties": { "N03_001": "福岡県", "N03_002": null, "N03_003": null, "N03_004": "宗像市", "N03_005": null, "N03_007": "40220", "city": "宗像市" }, "geometry": null },
{ "type": "Feature", "properties": { "N03_001": "福岡県", "N03_002": null, "N03_003": null, "N03_004": "宗像市", "N03_005": null, "N03_007": "40220", "city": "宗像市" }, "geometry": null },
{ "type": "Feature", "properties": { "N03_001": "福岡県", "N03_002": null, "N03_003": null, "N03_004": "宗像市", "N03_005": null, "N03_007": "40220", "city": "宗像市" }, "geometry": null },
{ "type": "Feature", "properties": { "N03_001": "福岡県", "N03_002": null, "N03_003": null, "N03_004": "宗像市", "N03_005": null, "N03_007": "40220", "city": "宗像市" }, "geometry": null },
{ "type": "Feature", "properties": { "N03_001": "福岡県", "N03_002": null, "N03_003": null, "N03_004": "宗像市", "N03_005": null, "N03_007": "40220", "city": "宗像市" }, "geometry": null },
{ "type": "Feature", "properties": { "N03_001": "福岡県", "N03_002": null, "N03_003": null, "N03_004": "宗像市", "N03_005": null, "N03_007": "40220", "city": "宗像市" }, "geometry": null },
{ "type": "Feature", "properties": { "N03_001": "福岡県", "N03_002": null, "N03_003": null, "N03_004": "宗像市", "N03_005": null, "N03_007": "40220", "city": "宗像市" }, "geometry": null },
{ "type": "Feature", "properties": { "N03_001": "福岡県", "N03_002": null, "N03_003": null, "N03_004": "宗像市", "N03_005": null, "N03_007": "40220", "city": "宗像市" }, "geometry": null },
{ "type": "Feature", "properties": { "N03_001": "福岡県", "N03_002": null, "N03_003": null, "N03_004": "宗像市", "N03_005": null, "N03_007": "40220", "city": "宗像市" }, "geometry": null },
{ "type": "Feature", "properties": { "N03_001": "福岡県", "N03_002": null, "N03_003": null, "N03_004": "宗像市", "N03_005": null, "N03_007": "40220", "city": "宗像市" }, "geometry": null },
{ "type": "Feature", "properties": { "N03_001": "福岡県", "N03_002": null, "N03_003": null, "N03_004": "宗像市", "N03_005": null, "N03_007": "40220", "city": "宗像市" }, "geometry": null },
{ "type": "Feature", "properties": { "N03_001": "福岡県", "N03_002": null, "N03_003": null, "N03_004": "宗像市", "N03_005": null, "N03_007": "40220", "city": "宗像市" }, "geometry": null },
{ "type": "Feature", "properties": { "N03_001": "福岡県", "N03_002": null, "N03_003": null, "N03_004": "宗像市", "N03_005": null, "N03_007": "40220", "city": "宗像市" }, "geometry": null },
{ "type": "Feature", "properties": { "N03_001": "福岡県", "N03_002": null, "N03_003": null, "N03_004": "宗像市", "N03_005": null, "N03_007": "40220", "city": "宗像市" }, "geometry": null },
{ "type": "Feature", "properties": { "N03_001": "福岡県", "N03_002": null, "N03_003": null, "N03_004": "宗像市", "N03_005": null, "N03_007": "40220", "city": "宗像市" }, "geometry": null },
{ "type": "Feature", "properties": { "N03_001": "福岡県", "N03_002": null, "N03_003": null, "N03_004": "宗像市", "N03_005": null, "N03_007": "40220", "city": "宗像市" }, "geometry": null },
{ "type": "Feature", "properties": { "N03_001": "福岡県", "N03_002": null, "N03_003": null, "N03_004": "宗像市", "N03_005": null, "N03_007": "40220", "city": "宗像市" }, "geometry": null },
{ "type": "Feature", "properties": { "N03_001": "福岡県", "N03_002": null, "N03_003": null, "N03_004": "宗像市", "N03_005": null, "N03_007": "40220", "city": "宗像市" }, "geometry": null },
{ "type": "Feature", "properties": { "N03_001": "福岡県", "N03_002": null, "N03_003": null, "N03_004": "宗像市", "N03_005": null, "N03_007": "40220", "city": "宗像市" }, "geometry": null },
{ "type": "Feature", "properties": { "N03_001": "福岡県", "N03_002": null, "N03_003": null, "N03_004": "宗像市", "N03_005": null, "N03_007": "40220", "city": "宗像市" }, "geometry": null },
{ "type": "Feature", "properties": { "N03_001": "福岡県", "N03_002": null, "N03_003": null, "N03_004": "宗像市", "N03_005": null, "N03_007": "40220", "city": "宗像市" }, "geometry": null },
{ "type": "Feature", "properties": { "N03_001": "福岡県", "N03_002": null, "N03_003": null, "N03_004": "宗像市", "N03_005": null, "N03_007": "40220", "city": "宗像市" }, "geometry": null },
{ "type": "Feature", "properties": { "N03_001": "福岡県", "N03_002": null, "N03_003": null, "N03_004": "宗像市", "N03_005": null, "N03_007": "40220", "city": "宗像市" }, "geometry": null },
{ "type": "Feature", "properties": { "N03_001": "福岡県", "N03_002": null, "N03_003": null, "N03_004": "宗像市", "N03_005": null, "N03_007": "40220", "city": "宗像市" }, "geometry": null },
{ "type": "Feature", "properties": { "N03_001": "福岡県", "N03_002": null, "N03_003": null, "N03_004": "宗像市", "N03_005": null, "N03_007": "40220", "city": "宗像市" }, "geometry": null },
{ "type": "Feature", "properties": { "N03_001": "福岡県", "N03_002": null, "N03_003": null, "N03_004": "宗像市", "N03_005": null, "N03_007": "40220", "city": "宗像市" }, "geometry": null },
{ "type": "Feature", "properties": { "N03_001": "福岡県", "N03_002": null, "N03_003": null, "N03_004": "宗像市", "N03_005": null, "N03_007": "40220", "city": "宗像市" }, "geometry": null },
{ "type": "Feature", "properties": { "N03_001": "福岡県", "N03_002": null, "N03_003": null, "N03_004": "宗像市", "N03_005": null, "N03_007": "40220", "city": "宗像市" }, "geometry": null },
{ "type": "Feature", "properties": { "N03_001": "福岡県", "N03_002": null, "N03_003": null, "N03_004": "宗像市", "N03_005": null, "N03_007": "40220", "city": "宗像市" }, "geometry": null },
{ "type": "Feature", "properties": { "N03_001": "福岡県", "N03_002": null, "N03_003": null, "N03_004": "宗像市", "N03_005": null, "N03_007": "40220", "city": "宗像市" }, "geometry": null },
{ "type": "Feature", "properties": { "N03_001": "福岡県", "N03_002": null, "N03_003": null, "N03_004": "宗像市", "N03_005": null, "N03_007": "40220", "city": "宗像市" }, "geometry": null },
{ "type": "Feature", "properties": { "N03_001": "福岡県", "N03_002": null, "N03_003": null, "N03_004": "宗像市", "N03_005": null, "N03_007": "40220", "city": "宗像市" }, "geometry": null },
{ "type": "Feature", "properties": { "N03_001": "福岡県", "N03_002": null, "N03_003": null, "N03_004": "宗像市", "N03_005": null, "N03_007": "40220", "city": "宗像市" }, "geometry": null },
{ "type": "Feature", "properties": { "N03_001": "福岡県", "N03_002": null, "N03_003": null, "N03_004": "宗像市", "N03_005": null, "N03_007": "40220", "city": "宗像市" }, "geometry": null },
{ "type": "Feature", "properties": { "N03_001": "福岡県", "N03_002": null, "N03_003": null, "N03_004": "宗像市", "N03_005": null, "N03_007": "40220", "city": "宗像市" }, "geometry": null },
{ "type": "Feature", "properties": { "N03_001": "福岡県", "N03_002": null, "N03_003": null, "N03_004": "宗像市", "N03_005": null, "N03_007": "40220", "city": "宗像市" }, "geometry": null },
{ "type": "Feature", "properties": { "N03_001": "福岡県", "N03_002": null, "N03_003": null, "N03_004": "宗像市", "N03_005": null, "N03_007": "40220", "city": "宗像市" }, "geometry": null },
{ "type": "Feature", "properties": { "N03_001": "福岡県", "N03_002": null, "N03_003": null, "N03_004": "宗像市", "N03_005": null, "N03_007": "40220", "city": "宗像市" }, "geometry": null },
{ "type": "Feature", "properties": { "N03_001": "福岡県", "N03_002": null, "N03_003": null, "N03_004": "宗像市", "N03_005": null, "N03_007": "40220", "city": "宗像市" }, "geometry": null },
{ "type": "Feature", "properties": { "N03_001": "福岡県", "N03_002": null, "N03_003": null, "N03_004": "宗像市", "N03_005": null, "N03_007": "40220", "city": "宗像市" }, "geometry": null },
{ "type": "Feature", "properties": { "N03_001": "福岡県", "N03_002": null, "N03_003": null, "N03_004": "宗像市", "N03_005": null, "N03_007": "40220", "city": "宗像市" }, "geometry": null },
{ "type": "Feature", "properties": { "N03_001": "福岡県", "N03_002": null, "N03_003": null, "N03_004": "宗像市", "N03_005": null, "N03_007": "40220", "city": "宗像市" }, "geometry": null },
{ "type": "Feature", "properties": { "N03_001": "福岡県", "N03_002": null, "N03_003": null, "N03_004": "宗像市", "N03_005": null, "N03_007": "40220", "city": "宗像市" }, "geometry": null },
{ "type": "Feature", "properties": { "N03_001": "福岡県", "N03_002": null, "N03_003": null, "N03_004": "宗像市", "N03_005": null, "N03_007": "40220", "city": "宗像市" }, "geometry": null },
{ "type": "Feature", "properties": { "N03_001": "福岡県", "N03_002": null, "N03_003": null, "N03_004": "宗像市", "N03_005": null, "N03_007": "40220", "city": "宗像市" }, "geometry": null },
{ "type": "Feature", "properties": { "N03_001": "福岡県", "N03_002": null, "N03_003": null, "N03_004": "宗像市", "N03_005": null, "N03_007": "40220", "city": "宗像市" }, "geometry": null },
{ "type": "Feature", "properties": { "N03_001": "福岡県", "N03_002": null, "N03_003": null, "N03_004": "宗像市", "N03_005": null, "N03_007": "40220", "city": "宗像市" }, "geometry": null },
{ "type": "Feature", "properties": { "N03_001": "福岡県", "N03_002": null, "N03_003": null, "N03_004": "宗像市", "N03_005": null, "N03_007": "40220", "city": "宗像市" }, "geometry": null },
{ "type": "Feature", "properties": { "N03_001": "福岡県", "N03_002": null, "N03_003": null, "N03_004": "宗像市", "N03_005": null, "N03_007": "40220", "city": "宗像市" }, "geometry": null },
{ "type": "Feature", "properties": { "N03_001": "福岡県", "N03_002": null, "N03_003": null, "N03_004": "宗像市", "N03_005": null, "N03_007": "40220", "city": "宗像市" }, "geometry": null },
{ "type": "Feature", "properties": { "N03_001": "福岡県", "N03_002": null, "N03_003": null, "N03_004": "宗像市", "N03_005": null, "N03_007": "40220", "city": "宗像市" }, "geometry": null },
{ "type": "Feature", "properties": { "N03_001": "福岡県", "N03_002": null, "N03_003": null, "N03_004": "宗像市", "N03_005": null, "N03_007": "40220", "city": "宗像市" }, "geometry": null },
{ "type": "Feature", "properties": { "N03_001": "福岡県", "N03_002": null, "N03_003": null, "N03_004": "宗像市", "N03_005": null, "N03_007": "40220", "city": "宗像市" }, "geometry": null },
{ "type": "Feature", "properties": { "N03_001": "福岡県", "N03_002": null, "N03_003": null, "N03_004": "宗像市", "N03_005": null, "N03_007": "40220", "city": "宗像市" }, "geometry": null },
{ "type": "Feature", "properties": { "N03_001": "福岡県", "N03_002": null, "N03_003": null, "N03_004": "宗像市", "N03_005": null, "N03_007": "40220", "city": "宗像市" }, "geometry": null },
{ "type": "Feature", "properties": { "N03_001": "福岡県", "N03_002": null, "N03_003": null, "N03_004": "宗像市", "N03_005": null, "N03_007": "40220", "city": "宗像市" }, "geometry": null },
{ "type": "Feature", "properties": { "N03_001": "福岡県", "N03_002": null, "N03_003": null, "N03_004": "宗像市", "N03_005": null, "N03_007": "40220", "city": "宗像市" }, "geometry": null },
{ "type": "Feature", "properties": { "N03_001": "福岡県", "N03_002": null, "N03_003": null, "N03_004": "宗像市", "N03_005": null, "N03_007": "40220", "city": "宗像市" }, "geometry": null },
{ "type": "Feature", "properties": { "N03_001": "福岡県", "N03_002": null, "N03_003": null, "N03_004": "宗像市", "N03_005": null, "N03_007": "40220", "city": "宗像市" }, "geometry": null },
{ "type": "Feature", "properties": { "N03_001": "福岡県", "N03_002": null, "N03_003": null, "N03_004": "宗像市", "N03_005": null, "N03_007": "40220", "city": "宗像市" }, "geometry": null },
{ "type": "Feature", "properties": { "N03_001": "福岡県", "N03_002": null, "N03_003": null, "N03_004": "宗像市", "N03_005": null, "N03_007": "40220", "city": "宗像市" }, "geometry": null },
{ "type": "Feature", "properties": { "N03_001": "福岡県", "N03_002": null, "N03_003": null, "N03_004": "宗像市", "N03_005": null, "N03_007": "40220", "city": "宗像市" }, "geometry": null },
{ "type": "Feature", "properties": { "N03_001": "福岡県", "N03_002": null, "N03_003": null, "N03_004": "宗像市", "N03_005": null, "N03_007": "40220", "city": "宗像市" }, "geometry": null },
{ "type": "Feature", "properties": { "N03_001": "福岡県", "N03_002": null, "N03_003": null, "N03_004": "宗像市", "N03_005": null, "N03_007": "40220", "city": "宗像市" }, "geometry": null },
{ "type": "Feature", "properties": { "N03_001": "福岡県", "N03_002": null, "N03_003": null, "N03_004": "宗像市", "N03_005": null, "N03_007": "40220", "city": "宗像市" }, "geometry": null },
{ "type": "Feature", "properties": { "N03_001": "福岡県", "N03_002": null, "N03_003": null, "N03_004": "宗像市", "N03_005": null, "N03_007": "40220", "city": "宗像市" }, "geometry": null },
{ "type": "Feature", "properties": { "N03_001": "福岡県", "N03_002": null, "N03_003": null, "N03_004": "宗像市", "N03_005": null, "N03_007": "40220", "city": "宗像市" }, "geometry": null },
{ "type": "Feature", "properties": { "N03_001": "福岡県", "N03_002": null, "N03_003": null, "N03_004": "宗像市", "N03_005": null, "N03_007": "40220", "city": "宗像市" }, "geometry": null },
{ "type": "Feature", "properties": { "N03_001": "福岡県", "N03_002": null, "N03_003": null, "N03_004": "宗像市", "N03_005": null, "N03_007": "40220", "city": "宗像市" }, "geometry": null },
{ "type": "Feature", "properties": { "N03_001": "福岡県", "N03_002": null, "N03_003": null, "N03_004": "宗像市", "N03_005": null, "N03_007": "40220", "city": "宗像市" }, "geometry": null },
{ "type": "Feature", "properties": { "N03_001": "福岡県", "N03_002": null, "N03_003": null, "N03_004": "宗像市", "N03_005": null, "N03_007": "40220", "city": "宗像市" }, "geometry": null },
{ "type": "Feature", "properties": { "N03_001": "福岡県", "N03_002": null, "N03_003": null, "N03_004": "宗像市", "N03_005": null, "N03_007": "40220", "city": "宗像市" }, "geometry": null },
{ "type": "Feature", "properties": { "N03_001": "福岡県", "N03_002": null, "N03_003": null, "N03_004": "宗像市", "N03_005": null, "N03_007": "40220", "city": "宗像市" }, "geometry": null },
{ "type": "Feature", "properties": { "N03_001": "福岡県", "N03_002": null, "N03_003": null, "N03_004": "宗像市", "N03_005": null, "N03_007": "40220", "city": "宗像市" }, "geometry": null },
{ "type": "Feature", "properties": { "N03_001": "福岡県", "N03_002": null, "N03_003": null, "N03_004": "宗像市", "N03_005": null, "N03_007": "40220", "city": "宗像市" }, "geometry": null },
{ "type": "Feature", "properties": { "N03_001": "福岡県", "N03_002": null, "N03_003": null, "N03_004": "宗像市", "N03_005": null, "N03_007": "40220", "city": "宗像市" }, "geometry": null },
{ "type": "Feature", "properties": { "N03_001": "福岡県", "N03_002": null, "N03_003": null, "N03_004": "宗像市", "N03_005": null, "N03_007": "40220", "city": "宗像市" }, "geometry": null },
{ "type": "Feature", "properties": { "N03_001": "福岡県", "N03_002": null, "N03_003": null, "N03_004": "宗像市", "N03_005": null, "N03_007": "40220", "city": "宗像市" }, "geometry": null },
{ "type": "Feature", "properties": { "N03_001": "福岡県", "N03_002": null, "N03_003": null, "N03_004": "宗像市", "N03_005": null, "N03_007": "40220", "city": "宗像市" }, "geometry": null },
{ "type": "Feature", "properties": { "N03_001": "福岡県", "N03_002": null, "N03_003": null, "N03_004": "宗像市", "N03_005": null, "N03_007": "40220", "city": "宗像市" }, "geometry": null },
{ "type": "Feature", "properties": { "N03_001": "福岡県", "N03_002": null, "N03_003": null, "N03_004": "宗像市", "N03_005": null, "N03_007": "40220", "city": "宗像市" }, "geometry": null },
{ "type": "Feature", "properties": { "N03_001": "福岡県", "N03_002": null, "N03_003": null, "N03_004": "宗像市", "N03_005": null, "N03_007": "40220", "city": "宗像市" }, "geometry": null },
{ "type": "Feature", "properties": { "N03_001": "福岡県", "N03_002": null, "N03_003": null, "N03_004": "宗像市", "N03_005": null, "N03_007": "40220", "city": "宗像市" }, "geometry": null },
{ "type": "Feature", "properties": { "N03_001": "福岡県", "N03_002": null, "N03_003": null, "N03_004": "宗像市", "N03_005": null, "N03_007": "40220", "city": "宗像市" }, "geometry": null },
{ "type": "Feature", "properties": { "N03_001": "福岡県", "N03_002": null, "N03_003": null, "N03_004": "宗像市", "N03_005": null, "N03_007": "40220", "city": "宗像市" }, "geometry": null },
{ "type": "Feature", "properties": { "N03_001": "福岡県", "N03_002": null, "N03_003": null, "N03_004": "宗像市", "N03_005": null, "N03_007": "40220", "city": "宗像市" }, "geometry": null },
{ "type": "Feature", "properties": { "N03_001": "福岡県", "N03_002": null, "N03_003": null, "N03_004": "宗像市", "N03_005": null, "N03_007": "40220", "city": "宗像市" }, "geometry": null },
{ "type": "Feature", "properties": { "N03_001": "福岡県", "N03_002": null, "N03_003": null, "N03_004": "宗像市", "N03_005": null, "N03_007": "40220", "city": "宗像市" }, "geometry": null },
{ "type": "Feature", "properties": { "N03_001": "福岡県", "N03_002": null, "N03_003": null, "N03_004": "宗像市", "N03_005": null, "N03_007": "40220", "city": "宗像市" }, "geometry": null },
{ "type": "Feature", "properties": { "N03_001": "福岡県", "N03_002": null, "N03_003": null, "N03_004": "宗像市", "N03_005": null, "N03_007": "40220", "city": "宗像市" }, "geometry": null },
{ "type": "Feature", "properties": { "N03_001": "福岡県", "N03_002": null, "N03_003": null, "N03_004": "宗像市", "N03_005": null, "N03_007": "40220", "city": "宗像市" }, "geometry": null },
{ "type": "Feature", "properties": { "N03_001": "福岡県", "N03_002": null, "N03_003": null, "N03_004": "宗像市", "N03_005": null, "N03_007": "40220", "city": "宗像市" }, "geometry": null },
{ "type": "Feature", "properties": { "N03_001": "福岡県", "N03_002": null, "N03_003": null, "N03_004": "宗像市", "N03_005": null, "N03_007": "40220", "city": "宗像市" }, "geometry": null },
{ "type": "Feature", "properties": { "N03_001": "福岡県", "N03_002": null, "N03_003": null, "N03_004": "宗像市", "N03_005": null, "N03_007": "40220", "city": "宗像市" }, "geometry": null },
{ "type": "Feature", "properties": { "N03_001": "福岡県", "N03_002": null, "N03_003": null, "N03_004": "宗像市", "N03_005": null, "N03_007": "40220", "city": "宗像市" }, "geometry": null },
{ "type": "Feature", "properties": { "N03_001": "福岡県", "N03_002": null, "N03_003": null, "N03_004": "宗像市", "N03_005": null, "N03_007": "40220", "city": "宗像市" }, "geometry": null },
{ "type": "Feature", "properties": { "N03_001": "福岡県", "N03_002": null, "N03_003": null, "N03_004": "宗像市", "N03_005": null, "N03_007": "40220", "city": "宗像市" }, "geometry": null },
{ "type": "Feature", "properties": { "N03_001": "福岡県", "N03_002": null, "N03_003": null, "N03_004": "宗像市", "N03_005": null, "N03_007": "40220", "city": "宗像市" }, "geometry": null },
{ "type": "Feature", "properties": { "N03_001": "福岡県", "N03_002": null, "N03_003": null, "N03_004": "宗像市", "N03_005": null, "N03_007": "40220", "city": "宗像市" }, "geometry": null },
{ "type": "Feature", "properties": { "N03_001": "福岡県", "N03_002": null, "N03_003": null, "N03_004": "宗像市", "N03_005": null, "N03_007": "40220", "city": "宗像市" }, "geometry": null },
{ "type": "Feature", "properties": { "N03_001": "福岡県", "N03_002": null, "N03_003": null, "N03_004": "宗像市", "N03_005": null, "N03_007": "40220", "city": "宗像市" }, "geometry": null },
{ "type": "Feature", "properties": { "N03_001": "福岡県", "N03_002": null, "N03_003": null, "N03_004": "宗像市", "N03_005": null, "N03_007": "40220", "city": "宗像市" }, "geometry": null },
{ "type": "Feature", "properties": { "N03_001": "福岡県", "N03_002": null, "N03_003": null, "N03_004": "宗像市", "N03_005": null, "N03_007": "40220", "city": "宗像市" }, "geometry": null },
{ "type": "Feature", "properties": { "N03_001": "福岡県", "N03_002": null, "N03_003": null, "N03_004": "宗像市", "N03_005": null, "N03_007": "40220", "city": "宗像市" }, "geometry": null },
{ "type": "Feature", "properties": { "N03_001": "福岡県", "N03_002": null, "N03_003": null, "N03_004": "宗像市", "N03_005": null, "N03_007": "40220", "city": "宗像市" }, "geometry": null },
{ "type": "Feature", "properties": { "N03_001": "福岡県", "N03_002": null, "N03_003": null, "N03_004": "宗像市", "N03_005": null, "N03_007": "40220", "city": "宗像市" }, "geometry": null },
{ "type": "Feature", "properties": { "N03_001": "福岡県", "N03_002": null, "N03_003": null, "N03_004": "宗像市", "N03_005": null, "N03_007": "40220", "city": "宗像市" }, "geometry": null },
{ "type": "Feature", "properties": { "N03_001": "福岡県", "N03_002": null, "N03_003": null, "N03_004": "宗像市", "N03_005": null, "N03_007": "40220", "city": "宗像市" }, "geometry": null },
{ "type": "Feature", "properties": { "N03_001": "福岡県", "N03_002": null, "N03_003": null, "N03_004": "宗像市", "N03_005": null, "N03_007": "40220", "city": "宗像市" }, "geometry": null },
{ "type": "Feature", "properties": { "N03_001": "福岡県", "N03_002": null, "N03_003": null, "N03_004": "宗像市", "N03_005": null, "N03_007": "40220", "city": "宗像市" }, "geometry": null },
{ "type": "Feature", "properties": { "N03_001": "福岡県", "N03_002": null, "N03_003": null, "N03_004": "宗像市", "N03_005": null, "N03_007": "40220", "city": "宗像市" }, "geometry": null },
{ "type": "Feature", "properties": { "N03_001": "福岡県", "N03_002": null, "N03_003": null, "N03_004": "宗像市", "N03_005": null, "N03_007": "40220", "city": "宗像市" }, "geometry": null },
{ "type": "Feature", "properties": { "N03_001": "福岡県", "N03_002": null, "N03_003": null, "N03_004": "宗像市", "N03_005": null, "N03_007": "40220", "city": "宗像市" }, "geometry": null },
{ "type": "Feature", "properties": { "N03_001": "福岡県", "N03_002": null, "N03_003": null, "N03_004": "宗像市", "N03_005": null, "N03_007": "40220", "city": "宗像市" }, "geometry": null },
{ "type": "Feature", "properties": { "N03_001": "福岡県", "N03_002": null, "N03_003": null, "N03_004": "宗像市", "N03_005": null, "N03_007": "40220", "city": "宗像市" }, "geometry": null },
{ "type": "Feature", "properties": { "N03_001": "福岡県", "N03_002": null, "N03_003": null, "N03_004": "宗像市", "N03_005": null, "N03_007": "40220", "city": "宗像市" }, "geometry": null },
{ "type": "Feature", "properties": { "N03_001": "福岡県", "N03_002": null, "N03_003": null, "N03_004": "宗像市", "N03_005": null, "N03_007": "40220", "city": "宗像市" }, "geometry": null },
{ "type": "Feature", "properties": { "N03_001": "福岡県", "N03_002": null, "N03_003": null, "N03_004": "宗像市", "N03_005": null, "N03_007": "40220", "city": "宗像市" }, "geometry": null },
{ "type": "Feature", "properties": { "N03_001": "福岡県", "N03_002": null, "N03_003": null, "N03_004": "宗像市", "N03_005": null, "N03_007": "40220", "city": "宗像市" }, "geometry": null },
{ "type": "Feature", "properties": { "N03_001": "福岡県", "N03_002": null, "N03_003": null, "N03_004": "宗像市", "N03_005": null, "N03_007": "40220", "city": "宗像市" }, "geometry": null },
{ "type": "Feature", "properties": { "N03_001": "福岡県", "N03_002": null, "N03_003": null, "N03_004": "宗像市", "N03_005": null, "N03_007": "40220", "city": "宗像市" }, "geometry": null },
{ "type": "Feature", "properties": { "N03_001": "福岡県", "N03_002": null, "N03_003": null, "N03_004": "宗像市", "N03_005": null, "N03_007": "40220", "city": "宗像市" }, "geometry": null },
{ "type": "Feature", "properties": { "N03_001": "福岡県", "N03_002": null, "N03_003": null, "N03_004": "宗像市", "N03_005": null, "N03_007": "40220", "city": "宗像市" }, "geometry": null },
{ "type": "Feature", "properties": { "N03_001": "福岡県", "N03_002": null, "N03_003": null, "N03_004": "宗像市", "N03_005": null, "N03_007": "40220", "city": "宗像市" }, "geometry": null },
{ "type": "Feature", "properties": { "N03_001": "福岡県", "N03_002": null, "N03_003": null, "N03_004": "宗像市", "N03_005": null, "N03_007": "40220", "city": "宗像市" }, "geometry": null },
{ "type": "Feature", "properties": { "N03_001": "福岡県", "N03_002": null, "N03_003": null, "N03_004": "宗像市", "N03_005": null, "N03_007": "40220", "city": "宗像市" }, "geometry": null },
{ "type": "Feature", "properties": { "N03_001": "福岡県", "N03_002": null, "N03_003": null, "N03_004": "宗像市", "N03_005": null, "N03_007": "40220", "city": "宗像市" }, "geometry": null },
{ "type": "Feature", "properties": { "N03_001": "福岡県", "N03_002": null, "N03_003": null, "N03_004": "宗像市", "N03_005": null, "N03_007": "40220", "city": "宗像市" }, "geometry": null },
{ "type": "Feature", "properties": { "N03_001": "福岡県", "N03_002": null, "N03_003": null, "N03_004": "宗像市", "N03_005": null, "N03_007": "40220", "city": "宗像市" }, "geometry": null },
{ "type": "Feature", "properties": { "N03_001": "福岡県", "N03_002": null, "N03_003": null, "N03_004": "宗像市", "N03_005": null, "N03_007": "40220", "city": "宗像市" }, "geometry": null },
{ "type": "Feature", "properties": { "N03_001": "福岡県", "N03_002": null, "N03_003": null, "N03_004": "宗像市", "N03_005": null, "N03_007": "40220", "city": "宗像市" }, "geometry": null },
{ "type": "Feature", "properties": { "N03_001": "福岡県", "N03_002": null, "N03_003": null, "N03_004": "宗像市", "N03_005": null, "N03_007": "40220", "city": "宗像市" }, "geometry": null },
{ "type": "Feature", "properties": { "N03_001": "福岡県", "N03_002": null, "N03_003": null, "N03_004": "宗像市", "N03_005": null, "N03_007": "40220", "city": "宗像市" }, "geometry": null },
{ "type": "Feature", "properties": { "N03_001": "福岡県", "N03_002": null, "N03_003": null, "N03_004": "宗像市", "N03_005": null, "N03_007": "40220", "city": "宗像市" }, "geometry": null },
{ "type": "Feature", "properties": { "N03_001": "福岡県", "N03_002": null, "N03_003": null, "N03_004": "宗像市", "N03_005": null, "N03_007": "40220", "city": "宗像市" }, "geometry": null },
{ "type": "Feature", "properties": { "N03_001": "福岡県", "N03_002": null, "N03_003": null, "N03_004": "宗像市", "N03_005": null, "N03_007": "40220", "city": "宗像市" }, "geometry": null },
{ "type": "Feature", "properties": { "N03_001": "福岡県", "N03_002": null, "N03_003": null, "N03_004": "宗像市", "N03_005": null, "N03_007": "40220", "city": "宗像市" }, "geometry": null },
{ "type": "Feature", "properties": { "N03_001": "福岡県", "N03_002": null, "N03_003": null, "N03_004": "宗像市", "N03_005": null, "N03_007": "40220", "city": "宗像市" }, "geometry": null },
{ "type": "Feature", "properties": { "N03_001": "福岡県", "N03_002": null, "N03_003": null, "N03_004": "宗像市", "N03_005": null, "N03_007": "40220", "city": "宗像市" }, "geometry": null },
{ "type": "Feature", "properties": { "N03_001": "福岡県", "N03_002": null, "N03_003": null, "N03_004": "宗像市", "N03_005": null, "N03_007": "40220", "city": "宗像市" }, "geometry": null },
{ "type": "Feature", "properties": { "N03_001": "福岡県", "N03_002": null, "N03_003": null, "N03_004": "宗像市", "N03_005": null, "N03_007": "40220", "city": "宗像市" }, "geometry": null },
{ "type": "Feature", "properties": { "N03_001": "福岡県", "N03_002": null, "N03_003": null, "N03_004": "宗像市", "N03_005": null, "N03_007": "40220", "city": "宗像市" }, "geometry": null },
{ "type": "Feature", "properties": { "N03_001": "福岡県", "N03_002": null, "N03_003": null, "N03_004": "宗像市", "N03_005": null, "N03_007": "40220", "city": "宗像市" }, "geometry": null },
{ "type": "Feature", "properties": { "N03_001": "福岡県", "N03_002": null, "N03_003": null, "N03_004": "宗像市", "N03_005": null, "N03_007": "40220", "city": "宗像市" }, "geometry": null },
{ "type": "Feature", "properties": { "N03_001": "福岡県", "N03_002": null, "N03_003": null, "N03_004": "宗像市", "N03_005": null, "N03_007": "40220", "city": "宗像市" }, "geometry": null },
{ "type": "Feature", "properties": { "N03_001": "福岡県", "N03_002": null, "N03_003": null, "N03_004": "宗像市", "N03_005": null, "N03_007": "40220", "city": "宗像市" }, "geometry": null },
{ "type": "Feature", "properties": { "N03_001": "福岡県", "N03_002": null, "N03_003": null, "N03_004": "宗像市", "N03_005": null, "N03_007": "40220", "city": "宗像市" }, "geometry": null },
{ "type": "Feature", "properties": { "N03_001": "福岡県", "N03_002": null, "N03_003": null, "N03_004": "宗像市", "N03_005": null, "N03_007": "40220", "city": "宗像市" }, "geometry": null },
{ "type": "Feature", "properties": { "N03_001": "福岡県", "N03_002": null, "N03_003": null, "N03_004": "宗像市", "N03_005": null, "N03_007": "40220", "city": "宗像市" }, "geometry": null },
{ "type": "Feature", "properties": { "N03_001": "福岡県", "N03_002": null, "N03_003": null, "N03_004": "宗像市", "N03_005": null, "N03_007": "40220", "city": "宗像市" }, "geometry": null },
{ "type": "Feature", "properties": { "N03_001": "福岡県", "N03_002": null, "N03_003": null, "N03_004": "宗像市", "N03_005": null, "N03_007": "40220", "city": "宗像市" }, "geometry": null },
{ "type": "Feature", "properties": { "N03_001": "福岡県", "N03_002": null, "N03_003": null, "N03_004": "宗像市", "N03_005": null, "N03_007": "40220", "city": "宗像市" }, "geometry": null },
{ "type": "Feature", "properties": { "N03_001": "福岡県", "N03_002": null, "N03_003": null, "N03_004": "宗像市", "N03_005": null, "N03_007": "40220", "city": "宗像市" }, "geometry": null },
{ "type": "Feature", "properties": { "N03_001": "福岡県", "N03_002": null, "N03_003": null, "N03_004": "宗像市", "N03_005": null, "N03_007": "40220", "city": "宗像市" }, "geometry": null },
{ "type": "Feature", "properties": { "N03_001": "福岡県", "N03_002": null, "N03_003": null, "N03_004": "宗像市", "N03_005": null, "N03_007": "40220", "city": "宗像市" }, "geometry": null },
{ "type": "Feature", "properties": { "N03_001": "福岡県", "N03_002": null, "N03_003": null, "N03_004": "宗像市", "N03_005": null, "N03_007": "40220", "city": "宗像市" }, "geometry": null },
{ "type": "Feature", "properties": { "N03_001": "福岡県", "N03_002": null, "N03_003": null, "N03_004": "宗像市", "N03_005": null, "N03_007": "40220", "city": "宗像市" }, "geometry": null },
{ "type": "Feature", "properties": { "N03_001": "福岡県", "N03_002": null, "N03_003": null, "N03_004": "宗像市", "N03_005": null, "N03_007": "40220", "city": "宗像市" }, "geometry": null },
{ "type": "Feature", "properties": { "N03_001": "福岡県", "N03_002": null, "N03_003": null, "N03_004": "宗像市", "N03_005": null, "N03_007": "40220", "city": "宗像市" }, "geometry": null },
{ "type": "Feature", "properties": { "N03_001": "福岡県", "N03_002": null, "N03_003": null, "N03_004": "宗像市", "N03_005": null, "N03_007": "40220", "city": "宗像市" }, "geometry": null },
{ "type": "Feature", "properties": { "N03_001": "福岡県", "N03_002": null, "N03_003": null, "N03_004": "宗像市", "N03_005": null, "N03_007": "40220", "city": "宗像市" }, "geometry": null },
{ "type": "Feature", "properties": { "N03_001": "福岡県", "N03_002": null, "N03_003": null, "N03_004": "宗像市", "N03_005": null, "N03_007": "40220", "city": "宗像市" }, "geometry": null },
{ "type": "Feature", "properties": { "N03_001": "福岡県", "N03_002": null, "N03_003": null, "N03_004": "宗像市", "N03_005": null, "N03_007": "40220", "city": "宗像市" }, "geometry": null },
{ "type": "Feature", "properties": { "N03_001": "福岡県", "N03_002": null, "N03_003": null, "N03_004": "宗像市", "N03_005": null, "N03_007": "40220", "city": "宗像市" }, "geometry": null },
{ "type": "Feature", "properties": { "N03_001": "福岡県", "N03_002": null, "N03_003": null, "N03_004": "宗像市", "N03_005": null, "N03_007": "40220", "city": "宗像市" }, "geometry": null },
{ "type": "Feature", "properties": { "N03_001": "福岡県", "N03_002": null, "N03_003": null, "N03_004": "宗像市", "N03_005": null, "N03_007": "40220", "city": "宗像市" }, "geometry": null },
{ "type": "Feature", "properties": { "N03_001": "福岡県", "N03_002": null, "N03_003": null, "N03_004": "宗像市", "N03_005": null, "N03_007": "40220", "city": "宗像市" }, "geometry": null },
{ "type": "Feature", "properties": { "N03_001": "福岡県", "N03_002": null, "N03_003": null, "N03_004": "宗像市", "N03_005": null, "N03_007": "40220", "city": "宗像市" }, "geometry": null },
{ "type": "Feature", "properties": { "N03_001": "福岡県", "N03_002": null, "N03_003": null, "N03_004": "宗像市", "N03_005": null, "N03_007": "40220", "city": "宗像市" }, "geometry": null },
{ "type": "Feature", "properties": { "N03_001": "福岡県", "N03_002": null, "N03_003": null, "N03_004": "宗像市", "N03_005": null, "N03_007": "40220", "city": "宗像市" }, "geometry": null },
{ "type": "Feature", "properties": { "N03_001": "福岡県", "N03_002": null, "N03_003": null, "N03_004": "宗像市", "N03_005": null, "N03_007": "40220", "city": "宗像市" }, "geometry": null },
{ "type": "Feature", "properties": { "N03_001": "福岡県", "N03_002": null, "N03_003": null, "N03_004": "宗像市", "N03_005": null, "N03_007": "40220", "city": "宗像市" }, "geometry": null },
{ "type": "Feature", "properties": { "N03_001": "福岡県", "N03_002": null, "N03_003": null, "N03_004": "宗像市", "N03_005": null, "N03_007": "40220", "city": "宗像市" }, "geometry": null },
{ "type": "Feature", "properties": { "N03_001": "福岡県", "N03_002": null, "N03_003": null, "N03_004": "宗像市", "N03_005": null, "N03_007": "40220", "city": "宗像市" }, "geometry": null },
{ "type": "Feature", "properties": { "N03_001": "福岡県", "N03_002": null, "N03_003": null, "N03_004": "太宰府市", "N03_005": null, "N03_007": "40221", "city": "太宰府市" }, "geometry": { "type": "Polygon", "coordinates": [ [ [ 130.51432083, 33.536975559 ], [ 130.499539442000014, 33.530978613 ], [ 130.49438583700001, 33.533016387 ], [ 130.489325279000013, 33.530541108 ], [ 130.494813606, 33.519678892 ], [ 130.486193061, 33.513334721 ], [ 130.485973256, 33.510479775 ], [ 130.488167782, 33.507273613 ], [ 130.489222776, 33.504288892 ], [ 130.487207782000013, 33.501189441 ], [ 130.484413333, 33.499637225 ], [ 130.483123333, 33.490336108 ], [ 130.485869442, 33.486158333 ], [ 130.486768612, 33.483489441 ], [ 130.485783333, 33.481561946 ], [ 130.487038612, 33.480048054 ], [ 130.486429728, 33.477930279 ], [ 130.490000272, 33.470467775 ], [ 130.494127782, 33.474666946 ], [ 130.49516166, 33.477232495 ], [ 130.497663891, 33.480222225 ], [ 130.495003606000012, 33.480031108 ], [ 130.492587781999987, 33.484096108 ], [ 130.49495166, 33.48663 ], [ 130.493547224, 33.487989721 ], [ 130.496361946, 33.490333613 ], [ 130.495971115, 33.496436667 ], [ 130.50003, 33.500754721 ], [ 130.499463606, 33.501758054 ], [ 130.503242503, 33.506127495 ], [ 130.502297782, 33.511114162 ], [ 130.50439972800001, 33.510812495 ], [ 130.504600272, 33.505701108 ], [ 130.506734720999987, 33.502478333 ], [ 130.50848808, 33.502638919 ], [ 130.507887224, 33.500157495 ], [ 130.513772503000013, 33.500013892 ], [ 130.513903333, 33.503912775 ], [ 130.51577360600001, 33.502727225 ], [ 130.519636939, 33.503302225 ], [ 130.521534994, 33.507002775 ], [ 130.529236938999986, 33.505943333 ], [ 130.531362218, 33.503301946 ], [ 130.530961115, 33.498326946 ], [ 130.534497497, 33.495688333 ], [ 130.534357497, 33.494227225 ], [ 130.540842607, 33.490886225 ], [ 130.544760272, 33.494733333 ], [ 130.546542776, 33.497577225 ], [ 130.547316278000011, 33.503542667 ], [ 130.549399169999987, 33.506332775 ], [ 130.546447224, 33.510213054 ], [ 130.540411388, 33.512549441 ], [ 130.539555837, 33.515392495 ], [ 130.54216166, 33.521693333 ], [ 130.5444807, 33.521314108 ], [ 130.547213333, 33.524417775000011 ], [ 130.550276394, 33.521425829 ], [ 130.554790272, 33.521885 ], [ 130.558222776, 33.523534721 ], [ 130.560712218, 33.52858 ], [ 130.565368611999986, 33.530844721 ], [ 130.566743333, 33.533043613 ], [ 130.567359728000014, 33.537373892 ], [ 130.568885551, 33.539870829 ], [ 130.572155551, 33.542476946 ], [ 130.570470272, 33.544068892 ], [ 130.565516667, 33.545110829 ], [ 130.564944163, 33.546325279 ], [ 130.56082917, 33.54829 ], [ 130.557458327, 33.552137495 ], [ 130.553714721, 33.554940279 ], [ 130.549194721, 33.55644082900001 ], [ 130.543113606, 33.554738054 ], [ 130.540671946, 33.554905559 ], [ 130.53971083, 33.553074721 ], [ 130.541640272, 33.551980279 ], [ 130.541675551, 33.549276387 ], [ 130.540284449000012, 33.547644162 ], [ 130.53642917, 33.546060829 ], [ 130.534246667, 33.543781946 ], [ 130.531076394, 33.543762775 ], [ 130.528916667, 33.542753333 ], [ 130.527624163000013, 33.540252775 ], [ 130.529679728, 33.53650110800001 ], [ 130.524091115, 33.531805279 ], [ 130.52016, 33.529813892 ], [ 130.51831, 33.531300559 ], [ 130.516765551, 33.530828613 ], [ 130.514345837, 33.53342833300001 ], [ 130.51432083, 33.536975559 ] ] ] } },
{ "type": "Feature", "properties": { "N03_001": "福岡県", "N03_002": null, "N03_003": null, "N03_004": "古賀市", "N03_005": null, "N03_007": "40223", "city": "古賀市" }, "geometry": { "type": "Polygon", "coordinates": [ [ [ 130.447097781999986, 33.725057225 ], [ 130.451656109, 33.72233 ], [ 130.459121114999988, 33.719160829 ], [ 130.46097, 33.717276667 ], [ 130.462306394, 33.714180559 ], [ 130.467552218, 33.709458892 ], [ 130.468736939, 33.707056387 ], [ 130.468114721, 33.702549162 ], [ 130.465717224, 33.700970559 ], [ 130.467751115, 33.697790559 ], [ 130.467278885000013, 33.695650559 ], [ 130.473296939, 33.693801946 ], [ 130.478105551, 33.695116387 ], [ 130.48731693900001, 33.69382 ], [ 130.49150666700001, 33.69235 ], [ 130.49412917, 33.6933 ], [ 130.500069169999989, 33.697432495 ], [ 130.502748327, 33.697012775 ], [ 130.505005551000011, 33.689426667 ], [ 130.508367782, 33.686993054 ], [ 130.512704163, 33.688340829 ], [ 130.515395278999989, 33.691353613 ], [ 130.518597224, 33.691929441 ], [ 130.518739442, 33.695195279 ], [ 130.520579442000013, 33.696172775 ], [ 130.521193891, 33.699179721 ], [ 130.520270829999987, 33.701172225 ], [ 130.526283891, 33.702751667 ], [ 130.526382776, 33.704753054 ], [ 130.528184449, 33.707125829 ], [ 130.529665279, 33.706996667 ], [ 130.53286, 33.709802495 ], [ 130.535190558000011, 33.710673613 ], [ 130.537582218000011, 33.709945559 ], [ 130.540791388, 33.711050559 ], [ 130.544716394, 33.710165829 ], [ 130.545796394, 33.713268892 ], [ 130.54792083000001, 33.714605559 ], [ 130.548288885, 33.717630559 ], [ 130.551459728, 33.717828333 ], [ 130.552673606000013, 33.718966387 ], [ 130.555567223999986, 33.718809162 ], [ 130.55868917, 33.720047495 ], [ 130.558084721, 33.723664441 ], [ 130.554988885, 33.725928333 ], [ 130.553723061, 33.72797305400001 ], [ 130.547736939, 33.730611667 ], [ 130.544843061, 33.733464721 ], [ 130.542228884999986, 33.734916667 ], [ 130.541021115, 33.737929721 ], [ 130.53647917, 33.739119162 ], [ 130.532245550999988, 33.738820559 ], [ 130.513287782, 33.740773892 ], [ 130.509186938999989, 33.740344721 ], [ 130.502590272, 33.743492495 ], [ 130.494560272, 33.746749162 ], [ 130.49158055800001, 33.748440279 ], [ 130.489248249000013, 33.747342441 ], [ 130.482586938999987, 33.750575 ], [ 130.480781388, 33.751956946 ], [ 130.477437224, 33.751516108 ], [ 130.473584994, 33.752039441 ], [ 130.467409053000011, 33.753752577 ], [ 130.465999105, 33.749928468 ], [ 130.461157471, 33.740513829 ], [ 130.458203696, 33.736165802 ], [ 130.450789468000011, 33.728111027 ], [ 130.447097781999986, 33.725057225 ] ] ] } },
{ "type": "Feature", "properties": { "N03_001": "福岡県", "N03_002": null, "N03_003": null, "N03_004": "福津市", "N03_005": null, "N03_007": "40224", "city": "福津市" }, "geometry": { "type": "Polygon", "coordinates": [ [ [ 130.547736939, 33.730611667 ], [ 130.548851115, 33.734080829 ], [ 130.553976393999989, 33.739967495 ], [ 130.552278054, 33.744814441 ], [ 130.554748327, 33.747972225 ], [ 130.555110558, 33.750515279 ], [ 130.551529728, 33.751392775 ], [ 130.549289728, 33.758098613 ], [ 130.5473, 33.758231387 ], [ 130.546070558, 33.760296667 ], [ 130.541638885, 33.76501277500001 ], [ 130.542920830000014, 33.767438333 ], [ 130.540296667, 33.769458054 ], [ 130.544517224, 33.770445279 ], [ 130.545727497, 33.771539721 ], [ 130.542343606, 33.773373333 ], [ 130.542239169999988, 33.774760829 ], [ 130.539234721000014, 33.773760279 ], [ 130.538431659999986, 33.778433613 ], [ 130.535216394, 33.780046387 ], [ 130.530709728, 33.779564721 ], [ 130.528633061, 33.780666108 ], [ 130.526228612000011, 33.780060279 ], [ 130.520819728, 33.774948892 ], [ 130.51661083, 33.779141108 ], [ 130.517623332999989, 33.781051946 ], [ 130.511526108999988, 33.783642495 ], [ 130.511343061, 33.784935829 ], [ 130.507584721, 33.787627225 ], [ 130.503148054, 33.789679162 ], [ 130.501274449, 33.791838613 ], [ 130.498926109, 33.791882495 ], [ 130.494956108999986, 33.794346387 ], [ 130.498068885, 33.798428054 ], [ 130.499401388, 33.798850278999986 ], [ 130.498441388, 33.803995 ], [ 130.502257496999988, 33.806047225 ], [ 130.504758885, 33.808258333 ], [ 130.505146939000014, 33.812212775 ], [ 130.501031114999989, 33.815075279 ], [ 130.499002776, 33.818340559 ], [ 130.497864994, 33.822981108 ], [ 130.500325551, 33.827847495 ], [ 130.500201946, 33.830943333 ], [ 130.497353890999989, 33.832539162 ], [ 130.496988054000013, 33.834445279 ], [ 130.493313333, 33.837982225 ], [ 130.494135836999988, 33.838935279 ], [ 130.491223606, 33.84081972100001 ], [ 130.490435551, 33.843628054 ], [ 130.49123917, 33.844904721 ], [ 130.488246108999988, 33.845585829 ], [ 130.487171115, 33.843606387 ], [ 130.484894994, 33.843681946 ], [ 130.487370272, 33.840355 ], [ 130.485062503, 33.840433333 ], [ 130.484519728, 33.84302527900001 ], [ 130.482526939, 33.844927495 ], [ 130.48209083, 33.849490279 ], [ 130.479744254, 33.850700045 ], [ 130.481884501, 33.849366694 ], [ 130.481993917000011, 33.843230306 ], [ 130.480057276, 33.833863946 ], [ 130.478151970999988, 33.827902694 ], [ 130.475688612, 33.822392829 ], [ 130.472323773999989, 33.817340135 ], [ 130.469383696, 33.814288667 ], [ 130.465786304, 33.811730081 ], [ 130.459121699, 33.809556775 ], [ 130.45791856, 33.811166586 ], [ 130.452341946, 33.81077236 ], [ 130.450561894, 33.811449252 ], [ 130.450052866, 33.81626936 ], [ 130.448389196, 33.816953387 ], [ 130.443964137, 33.81541364 ], [ 130.44621847, 33.811578865 ], [ 130.446287302, 33.80915936 ], [ 130.449838715999988, 33.806304559 ], [ 130.45120297, 33.801617252 ], [ 130.448188106, 33.796501919 ], [ 130.445618145, 33.796154441 ], [ 130.445777419, 33.791128081 ], [ 130.447290947, 33.790545108 ], [ 130.447911699, 33.786904279 ], [ 130.450323606000012, 33.784840108 ], [ 130.454370895000011, 33.785970532 ], [ 130.45832703, 33.790978414 ], [ 130.459391479, 33.790857495 ], [ 130.456977173000013, 33.786478829000011 ], [ 130.458242361, 33.78605664 ], [ 130.461084643, 33.788351667 ], [ 130.465609559, 33.785759225 ], [ 130.469097717000011, 33.780294946 ], [ 130.47109153, 33.771834748000011 ], [ 130.470275187999988, 33.766819667 ], [ 130.468125746, 33.763832225 ], [ 130.469591608, 33.763312495 ], [ 130.468824383999987, 33.758096279 ], [ 130.467409053000011, 33.753752577 ], [ 130.473584994, 33.752039441 ], [ 130.477437224, 33.751516108 ], [ 130.480781388, 33.751956946 ], [ 130.482586938999987, 33.750575 ], [ 130.489248249000013, 33.747342441 ], [ 130.49158055800001, 33.748440279 ], [ 130.494560272, 33.746749162 ], [ 130.502590272, 33.743492495 ], [ 130.509186938999989, 33.740344721 ], [ 130.513287782, 33.740773892 ], [ 130.532245550999988, 33.738820559 ], [ 130.53647917, 33.739119162 ], [ 130.541021115, 33.737929721 ], [ 130.542228884999986, 33.734916667 ], [ 130.544843061, 33.733464721 ], [ 130.547736939, 33.730611667 ] ] ] } },
{ "type": "Feature", "properties": { "N03_001": "福岡県", "N03_002": null, "N03_003": null, "N03_004": "福津市", "N03_005": null, "N03_007": "40224", "city": "福津市" }, "geometry": null },
{ "type": "Feature", "properties": { "N03_001": "福岡県", "N03_002": null, "N03_003": null, "N03_004": "福津市", "N03_005": null, "N03_007": "40224", "city": "福津市" }, "geometry": null },
{ "type": "Feature", "properties": { "N03_001": "福岡県", "N03_002": null, "N03_003": null, "N03_004": "福津市", "N03_005": null, "N03_007": "40224", "city": "福津市" }, "geometry": null },
{ "type": "Feature", "properties": { "N03_001": "福岡県", "N03_002": null, "N03_003": null, "N03_004": "福津市", "N03_005": null, "N03_007": "40224", "city": "福津市" }, "geometry": null },
{ "type": "Feature", "properties": { "N03_001": "福岡県", "N03_002": null, "N03_003": null, "N03_004": "福津市", "N03_005": null, "N03_007": "40224", "city": "福津市" }, "geometry": null },
{ "type": "Feature", "properties": { "N03_001": "福岡県", "N03_002": null, "N03_003": null, "N03_004": "福津市", "N03_005": null, "N03_007": "40224", "city": "福津市" }, "geometry": null },
{ "type": "Feature", "properties": { "N03_001": "福岡県", "N03_002": null, "N03_003": null, "N03_004": "福津市", "N03_005": null, "N03_007": "40224", "city": "福津市" }, "geometry": null },
{ "type": "Feature", "properties": { "N03_001": "福岡県", "N03_002": null, "N03_003": null, "N03_004": "福津市", "N03_005": null, "N03_007": "40224", "city": "福津市" }, "geometry": null },
{ "type": "Feature", "properties": { "N03_001": "福岡県", "N03_002": null, "N03_003": null, "N03_004": "福津市", "N03_005": null, "N03_007": "40224", "city": "福津市" }, "geometry": null },
{ "type": "Feature", "properties": { "N03_001": "福岡県", "N03_002": null, "N03_003": null, "N03_004": "福津市", "N03_005": null, "N03_007": "40224", "city": "福津市" }, "geometry": null },
{ "type": "Feature", "properties": { "N03_001": "福岡県", "N03_002": null, "N03_003": null, "N03_004": "福津市", "N03_005": null, "N03_007": "40224", "city": "福津市" }, "geometry": null },
{ "type": "Feature", "properties": { "N03_001": "福岡県", "N03_002": null, "N03_003": null, "N03_004": "福津市", "N03_005": null, "N03_007": "40224", "city": "福津市" }, "geometry": null },
{ "type": "Feature", "properties": { "N03_001": "福岡県", "N03_002": null, "N03_003": null, "N03_004": "福津市", "N03_005": null, "N03_007": "40224", "city": "福津市" }, "geometry": null },
{ "type": "Feature", "properties": { "N03_001": "福岡県", "N03_002": null, "N03_003": null, "N03_004": "福津市", "N03_005": null, "N03_007": "40224", "city": "福津市" }, "geometry": null },
{ "type": "Feature", "properties": { "N03_001": "福岡県", "N03_002": null, "N03_003": null, "N03_004": "福津市", "N03_005": null, "N03_007": "40224", "city": "福津市" }, "geometry": null },
{ "type": "Feature", "properties": { "N03_001": "福岡県", "N03_002": null, "N03_003": null, "N03_004": "福津市", "N03_005": null, "N03_007": "40224", "city": "福津市" }, "geometry": null },
{ "type": "Feature", "properties": { "N03_001": "福岡県", "N03_002": null, "N03_003": null, "N03_004": "福津市", "N03_005": null, "N03_007": "40224", "city": "福津市" }, "geometry": null },
{ "type": "Feature", "properties": { "N03_001": "福岡県", "N03_002": null, "N03_003": null, "N03_004": "福津市", "N03_005": null, "N03_007": "40224", "city": "福津市" }, "geometry": null },
{ "type": "Feature", "properties": { "N03_001": "福岡県", "N03_002": null, "N03_003": null, "N03_004": "福津市", "N03_005": null, "N03_007": "40224", "city": "福津市" }, "geometry": null },
{ "type": "Feature", "properties": { "N03_001": "福岡県", "N03_002": null, "N03_003": null, "N03_004": "福津市", "N03_005": null, "N03_007": "40224", "city": "福津市" }, "geometry": null },
{ "type": "Feature", "properties": { "N03_001": "福岡県", "N03_002": null, "N03_003": null, "N03_004": "福津市", "N03_005": null, "N03_007": "40224", "city": "福津市" }, "geometry": null },
{ "type": "Feature", "properties": { "N03_001": "福岡県", "N03_002": null, "N03_003": null, "N03_004": "福津市", "N03_005": null, "N03_007": "40224", "city": "福津市" }, "geometry": null },
{ "type": "Feature", "properties": { "N03_001": "福岡県", "N03_002": null, "N03_003": null, "N03_004": "福津市", "N03_005": null, "N03_007": "40224", "city": "福津市" }, "geometry": null },
{ "type": "Feature", "properties": { "N03_001": "福岡県", "N03_002": null, "N03_003": null, "N03_004": "福津市", "N03_005": null, "N03_007": "40224", "city": "福津市" }, "geometry": null },
{ "type": "Feature", "properties": { "N03_001": "福岡県", "N03_002": null, "N03_003": null, "N03_004": "福津市", "N03_005": null, "N03_007": "40224", "city": "福津市" }, "geometry": null },
{ "type": "Feature", "properties": { "N03_001": "福岡県", "N03_002": null, "N03_003": null, "N03_004": "福津市", "N03_005": null, "N03_007": "40224", "city": "福津市" }, "geometry": null },
{ "type": "Feature", "properties": { "N03_001": "福岡県", "N03_002": null, "N03_003": null, "N03_004": "福津市", "N03_005": null, "N03_007": "40224", "city": "福津市" }, "geometry": null },
{ "type": "Feature", "properties": { "N03_001": "福岡県", "N03_002": null, "N03_003": null, "N03_004": "福津市", "N03_005": null, "N03_007": "40224", "city": "福津市" }, "geometry": null },
{ "type": "Feature", "properties": { "N03_001": "福岡県", "N03_002": null, "N03_003": null, "N03_004": "福津市", "N03_005": null, "N03_007": "40224", "city": "福津市" }, "geometry": null },
{ "type": "Feature", "properties": { "N03_001": "福岡県", "N03_002": null, "N03_003": null, "N03_004": "福津市", "N03_005": null, "N03_007": "40224", "city": "福津市" }, "geometry": null },
{ "type": "Feature", "properties": { "N03_001": "福岡県", "N03_002": null, "N03_003": null, "N03_004": "福津市", "N03_005": null, "N03_007": "40224", "city": "福津市" }, "geometry": null },
{ "type": "Feature", "properties": { "N03_001": "福岡県", "N03_002": null, "N03_003": null, "N03_004": "福津市", "N03_005": null, "N03_007": "40224", "city": "福津市" }, "geometry": null },
{ "type": "Feature", "properties": { "N03_001": "福岡県", "N03_002": null, "N03_003": null, "N03_004": "福津市", "N03_005": null, "N03_007": "40224", "city": "福津市" }, "geometry": null },
{ "type": "Feature", "properties": { "N03_001": "福岡県", "N03_002": null, "N03_003": null, "N03_004": "福津市", "N03_005": null, "N03_007": "40224", "city": "福津市" }, "geometry": null },
{ "type": "Feature", "properties": { "N03_001": "福岡県", "N03_002": null, "N03_003": null, "N03_004": "福津市", "N03_005": null, "N03_007": "40224", "city": "福津市" }, "geometry": null },
{ "type": "Feature", "properties": { "N03_001": "福岡県", "N03_002": null, "N03_003": null, "N03_004": "福津市", "N03_005": null, "N03_007": "40224", "city": "福津市" }, "geometry": null },
{ "type": "Feature", "properties": { "N03_001": "福岡県", "N03_002": null, "N03_003": null, "N03_004": "福津市", "N03_005": null, "N03_007": "40224", "city": "福津市" }, "geometry": null },
{ "type": "Feature", "properties": { "N03_001": "福岡県", "N03_002": null, "N03_003": null, "N03_004": "福津市", "N03_005": null, "N03_007": "40224", "city": "福津市" }, "geometry": null },
{ "type": "Feature", "properties": { "N03_001": "福岡県", "N03_002": null, "N03_003": null, "N03_004": "福津市", "N03_005": null, "N03_007": "40224", "city": "福津市" }, "geometry": null },
{ "type": "Feature", "properties": { "N03_001": "福岡県", "N03_002": null, "N03_003": null, "N03_004": "福津市", "N03_005": null, "N03_007": "40224", "city": "福津市" }, "geometry": null },
{ "type": "Feature", "properties": { "N03_001": "福岡県", "N03_002": null, "N03_003": null, "N03_004": "福津市", "N03_005": null, "N03_007": "40224", "city": "福津市" }, "geometry": null },
{ "type": "Feature", "properties": { "N03_001": "福岡県", "N03_002": null, "N03_003": null, "N03_004": "福津市", "N03_005": null, "N03_007": "40224", "city": "福津市" }, "geometry": null },
{ "type": "Feature", "properties": { "N03_001": "福岡県", "N03_002": null, "N03_003": null, "N03_004": "うきは市", "N03_005": null, "N03_007": "40225", "city": "うきは市" }, "geometry": { "type": "Polygon", "coordinates": [ [ [ 130.824851466000013, 33.253421712 ], [ 130.828702879, 33.25745864000001 ], [ 130.83301679600001, 33.258618081 ], [ 130.835279027000013, 33.257052261 ], [ 130.838122088, 33.258242811 ], [ 130.842272387, 33.257169775 ], [ 130.84526406, 33.257507009 ], [ 130.848739079000012, 33.261029207 ], [ 130.851427419, 33.260406441 ], [ 130.853604384, 33.262270595 ], [ 130.863905265999989, 33.261166991 ], [ 130.866118885, 33.261971703 ], [ 130.86804751, 33.264078631 ], [ 130.867580285, 33.267982225 ], [ 130.862665252999989, 33.267559459 ], [ 130.860697198, 33.266745009 ], [ 130.85737940300001, 33.270429432 ], [ 130.856489403000012, 33.275348847 ], [ 130.852074125, 33.277469667 ], [ 130.852929118, 33.279639378 ], [ 130.857127743, 33.284973261 ], [ 130.863972749999988, 33.289166865 ], [ 130.866348314, 33.292112126 ], [ 130.865275253, 33.296742955 ], [ 130.862532451, 33.300037117 ], [ 130.861579676, 33.303189613 ], [ 130.863040506, 33.305032387 ], [ 130.862148833, 33.309569324 ], [ 130.86076716, 33.309843486 ], [ 130.856306069999988, 33.318539297 ], [ 130.854377756, 33.324662054 ], [ 130.857298598999989, 33.326901766 ], [ 130.854776083, 33.329145658 ], [ 130.850601063999989, 33.336658991 ], [ 130.84741939, 33.338492604 ], [ 130.845028832999986, 33.338697883 ], [ 130.843910765, 33.336586775 ], [ 130.845753554, 33.334268721 ], [ 130.844186887, 33.333379279 ], [ 130.842085486, 33.336658721 ], [ 130.837228249, 33.340209838 ], [ 130.835347964, 33.343545946 ], [ 130.828815174999988, 33.350390946 ], [ 130.825922114, 33.352424279 ], [ 130.818014332, 33.355981784 ], [ 130.81457821, 33.359269856 ], [ 130.808856252, 33.360426288 ], [ 130.795241505, 33.354717739 ], [ 130.789185097, 33.349425793 ], [ 130.785982593999989, 33.348435234 ], [ 130.782449818, 33.348818018 ], [ 130.779206485, 33.350589685 ], [ 130.776906757, 33.353420523 ], [ 130.774636213, 33.358660523 ], [ 130.772948158, 33.36086691 ], [ 130.76806482500001, 33.36356136 ], [ 130.767730661, 33.361539973 ], [ 130.763098444, 33.361313577 ], [ 130.762330661, 33.363592468 ], [ 130.759253178, 33.36464130600001 ], [ 130.753515422, 33.363884279 ], [ 130.74827489, 33.364887009 ], [ 130.746515435, 33.360490631 ], [ 130.73954489, 33.362834243 ], [ 130.739872659000014, 33.363378135 ], [ 130.73186096, 33.373176766 ], [ 130.726837859999989, 33.372717081 ], [ 130.724908119, 33.367847658 ], [ 130.722801452999988, 33.367255432 ], [ 130.72269952, 33.360884613 ], [ 130.722663684, 33.359917946 ], [ 130.725972581, 33.359833775 ], [ 130.728388703, 33.361259586 ], [ 130.729713709, 33.359096802 ], [ 130.731766226, 33.359048459 ], [ 130.731867328, 33.353950135 ], [ 130.7277662, 33.352814324 ], [ 130.725817847, 33.35773155 ], [ 130.722667575, 33.357803784 ], [ 130.718915642000013, 33.35593073 ], [ 130.718350636, 33.353091559 ], [ 130.725472853000014, 33.351013784 ], [ 130.725037289, 33.348452676 ], [ 130.726196459, 33.347147676 ], [ 130.730906213, 33.347123757 ], [ 130.731125655, 33.340128495 ], [ 130.726355356999989, 33.340188514 ], [ 130.726340908, 33.337977685 ], [ 130.723701737999988, 33.337724081 ], [ 130.724474514, 33.334009919 ], [ 130.723464799, 33.324719369 ], [ 130.726277017, 33.324434099 ], [ 130.725143683999988, 33.321117712 ], [ 130.72874116700001, 33.302658847 ], [ 130.724037017, 33.302136351 ], [ 130.725090349999988, 33.295969973 ], [ 130.730270052, 33.292145523 ], [ 130.72999422800001, 33.287774144 ], [ 130.731670882, 33.286327198 ], [ 130.733203658, 33.28687664 ], [ 130.735509209000014, 33.285118586 ], [ 130.73852559, 33.284715252 ], [ 130.743325006, 33.280724694 ], [ 130.747255824, 33.280019685 ], [ 130.752348313999988, 33.282935514 ], [ 130.75608524, 33.281414117 ], [ 130.759177458000011, 33.28283106300001 ], [ 130.762677445, 33.283366613 ], [ 130.76335022, 33.281996892 ], [ 130.76651411200001, 33.282671874 ], [ 130.768390506, 33.281849649 ], [ 130.770155499, 33.27861547700001 ], [ 130.772922425, 33.275473252 ], [ 130.77584965, 33.27563296400001 ], [ 130.776875201, 33.272852414 ], [ 130.781289351, 33.268632153 ], [ 130.782887691000013, 33.270210198 ], [ 130.787153528, 33.270713523 ], [ 130.792557717, 33.269524919 ], [ 130.79135965, 33.266731045 ], [ 130.792913813000013, 33.263601613 ], [ 130.798603009, 33.263715234 ], [ 130.804149429, 33.262563297 ], [ 130.81063695200001, 33.259572766 ], [ 130.81444809300001, 33.256730009 ], [ 130.81947144, 33.257995568 ], [ 130.822761738, 33.253877261 ], [ 130.824851466000013, 33.253421712 ] ] ] } },
{ "type": "Feature", "properties": { "N03_001": "福岡県", "N03_002": null, "N03_003": null, "N03_004": "宮若市", "N03_005": null, "N03_007": "40226", "city": "宮若市" }, "geometry": { "type": "Polygon", "coordinates": [ [ [ 130.544716394, 33.710165829 ], [ 130.544757782, 33.708527225 ], [ 130.54199166, 33.707320829 ], [ 130.542747782, 33.703824162 ], [ 130.540964721, 33.698347495 ], [ 130.541877782, 33.694754721 ], [ 130.54547138800001, 33.692927225 ], [ 130.544020272000012, 33.691134162 ], [ 130.544333606, 33.689203054 ], [ 130.542166667, 33.688283333 ], [ 130.541766109, 33.684938333 ], [ 130.539759728, 33.681346667 ], [ 130.541930558, 33.679629721 ], [ 130.541416394, 33.676384441 ], [ 130.543661945999986, 33.674850829 ], [ 130.546238054000014, 33.675615279 ], [ 130.549733606, 33.673190279 ], [ 130.551309442, 33.668079441 ], [ 130.553806939, 33.668028892 ], [ 130.555797782000013, 33.666683613 ], [ 130.557484994, 33.667215559 ], [ 130.56204917, 33.665748054 ], [ 130.56564917, 33.665417225 ], [ 130.570528612, 33.663258892 ], [ 130.575272776, 33.657593333 ], [ 130.573959441999989, 33.654107225 ], [ 130.567628885, 33.649736387 ], [ 130.566422503000013, 33.646541667 ], [ 130.573114449, 33.641389162 ], [ 130.575058612, 33.638065559 ], [ 130.576968054, 33.641559441 ], [ 130.58221360600001, 33.646970279 ], [ 130.585696939, 33.648548892 ], [ 130.591495551, 33.65005 ], [ 130.596736666999988, 33.650835 ], [ 130.601611388, 33.652832775 ], [ 130.601854449, 33.654293333 ], [ 130.606176393999988, 33.65315 ], [ 130.608987496999987, 33.650589441 ], [ 130.612603060999987, 33.654477495 ], [ 130.616470271999987, 33.656007775 ], [ 130.620306394000011, 33.660338054 ], [ 130.620935279, 33.663624721 ], [ 130.619701946, 33.664709162 ], [ 130.620911946, 33.667749441 ], [ 130.622365551, 33.668503054 ], [ 130.625933890999988, 33.668205 ], [ 130.627394994000014, 33.665962495 ], [ 130.632278327, 33.668016946 ], [ 130.634574721, 33.671932225 ], [ 130.638393060999988, 33.672653613 ], [ 130.63777944200001, 33.674439441 ], [ 130.639369442, 33.67706 ], [ 130.637894163, 33.680824162 ], [ 130.639028327, 33.683421667 ], [ 130.643457497000014, 33.687918333 ], [ 130.645214721, 33.688308333 ], [ 130.64978, 33.687007225 ], [ 130.654788054, 33.688096667000011 ], [ 130.659106394, 33.690599162 ], [ 130.659376667, 33.693321667 ], [ 130.665053333, 33.691395 ], [ 130.666287224, 33.689082775 ], [ 130.67014083, 33.691752775 ], [ 130.671120558000013, 33.691082775 ], [ 130.672723891, 33.696088892 ], [ 130.674817497, 33.696250279 ], [ 130.680555837000014, 33.699176387 ], [ 130.68306166, 33.703492775 ], [ 130.684563333, 33.703432225 ], [ 130.685546939, 33.697812495 ], [ 130.68641555100001, 33.698816946 ], [ 130.691412503, 33.699631387 ], [ 130.695874449, 33.698845559 ], [ 130.698879442, 33.701084441 ], [ 130.69853, 33.704135279 ], [ 130.696719728, 33.705263054 ], [ 130.696642776, 33.711735 ], [ 130.697881946, 33.714051667 ], [ 130.696418612, 33.714946108 ], [ 130.695385837, 33.719636108 ], [ 130.697293333, 33.722483333 ], [ 130.698876109, 33.722446387 ], [ 130.701316109, 33.72473 ], [ 130.703922776000013, 33.725818054 ], [ 130.710721388, 33.724823333 ], [ 130.712041660000011, 33.726442775 ], [ 130.71067166, 33.727239441 ], [ 130.710160272, 33.730320559 ], [ 130.711313061, 33.731881108 ], [ 130.714313061000013, 33.732544162000011 ], [ 130.71511166, 33.735511667 ], [ 130.710471946000013, 33.735188054 ], [ 130.70896083, 33.740249721 ], [ 130.707154994, 33.743050559 ], [ 130.703305811, 33.744536865 ], [ 130.705136719, 33.747906559 ], [ 130.702561608, 33.747045739 ], [ 130.701638742, 33.74518 ], [ 130.697807782000012, 33.747020279 ], [ 130.69400527900001, 33.747088333 ], [ 130.691566394, 33.745913054 ], [ 130.689875836999988, 33.743774721 ], [ 130.686508612000011, 33.743565279 ], [ 130.686045551, 33.746095559 ], [ 130.684250558, 33.748444441 ], [ 130.68160083, 33.748383054 ], [ 130.679560830000014, 33.743526108 ], [ 130.677465551000012, 33.744878054 ], [ 130.672377224, 33.742745 ], [ 130.670849728, 33.741251387 ], [ 130.667757497, 33.740506667 ], [ 130.663176666999988, 33.740941387 ], [ 130.657464721, 33.739599441 ], [ 130.657244994, 33.741711108 ], [ 130.655281660000014, 33.742981387 ], [ 130.653937224, 33.745664441 ], [ 130.654691946000014, 33.747523333 ], [ 130.651958054, 33.750731946 ], [ 130.652970272, 33.752227495 ], [ 130.651797224, 33.753877225 ], [ 130.652567224, 33.757259441 ], [ 130.651874449, 33.759843613 ], [ 130.652481115, 33.762761387 ], [ 130.651695837, 33.765752495 ], [ 130.649296666999987, 33.770501945999989 ], [ 130.650895279, 33.772085 ], [ 130.649793606, 33.77456555900001 ], [ 130.645055837, 33.781835829 ], [ 130.644876667, 33.784698333 ], [ 130.643438612000011, 33.787046108 ], [ 130.639815551, 33.790618054 ], [ 130.637883606, 33.789299721 ], [ 130.636574994, 33.790753892 ], [ 130.633558327, 33.790611667 ], [ 130.634814721, 33.788471108 ], [ 130.632781388000012, 33.787525 ], [ 130.631326939, 33.785001387 ], [ 130.632431946, 33.780176387 ], [ 130.625418884999988, 33.781313333 ], [ 130.623016109, 33.780977225 ], [ 130.619187497000013, 33.78305527900001 ], [ 130.615425550999987, 33.781611667 ], [ 130.613328612, 33.777427225 ], [ 130.608863332999988, 33.776574162 ], [ 130.605417497, 33.777007775 ], [ 130.600580272, 33.771521667 ], [ 130.60342917, 33.769335559 ], [ 130.604127497, 33.764580829 ], [ 130.605121115, 33.762453333000011 ], [ 130.601613332999989, 33.762902225 ], [ 130.59867778200001, 33.761823892 ], [ 130.596875278999988, 33.763433054 ], [ 130.592256394, 33.764140829 ], [ 130.591392776, 33.761788333 ], [ 130.588537782, 33.760261387 ], [ 130.587423890999986, 33.761113892 ], [ 130.584606939, 33.759791667 ], [ 130.584408054, 33.756846108 ], [ 130.578002776, 33.755788892 ], [ 130.575145279, 33.756463333 ], [ 130.571917224, 33.755487495 ], [ 130.56637111500001, 33.754989162 ], [ 130.563888612, 33.756283613 ], [ 130.562630272, 33.754875 ], [ 130.560133891, 33.755045279 ], [ 130.555072218, 33.751462495 ], [ 130.555110558, 33.750515279 ], [ 130.554748327, 33.747972225 ], [ 130.552278054, 33.744814441 ], [ 130.553976393999989, 33.739967495 ], [ 130.548851115, 33.734080829 ], [ 130.547736939, 33.730611667 ], [ 130.553723061, 33.72797305400001 ], [ 130.554988885, 33.725928333 ], [ 130.558084721, 33.723664441 ], [ 130.55868917, 33.720047495 ], [ 130.555567223999986, 33.718809162 ], [ 130.552673606000013, 33.718966387 ], [ 130.551459728, 33.717828333 ], [ 130.548288885, 33.717630559 ], [ 130.54792083000001, 33.714605559 ], [ 130.545796394, 33.713268892 ], [ 130.544716394, 33.710165829 ] ] ] } },
{ "type": "Feature", "properties": { "N03_001": "福岡県", "N03_002": null, "N03_003": null, "N03_004": "嘉麻市", "N03_005": null, "N03_007": "40227", "city": "嘉麻市" }, "geometry": { "type": "Polygon", "coordinates": [ [ [ 130.817626109, 33.488844721 ], [ 130.817266939, 33.491015559 ], [ 130.814011388000011, 33.493136946 ], [ 130.815354163, 33.496381946 ], [ 130.813837497, 33.497116108 ], [ 130.810718326999989, 33.502262225 ], [ 130.810335278999986, 33.509671387 ], [ 130.808359442000011, 33.511629441 ], [ 130.804038612, 33.511260559 ], [ 130.803652776, 33.517388892 ], [ 130.804686108999988, 33.526363333 ], [ 130.806014162999986, 33.530686387 ], [ 130.805084449, 33.533429441 ], [ 130.806678885, 33.536843892 ], [ 130.803690558, 33.538401667 ], [ 130.803716109, 33.543490829 ], [ 130.802668612, 33.547234162 ], [ 130.79780083, 33.550781387 ], [ 130.797177497, 33.552881667 ], [ 130.792909728000012, 33.555957775 ], [ 130.791543606, 33.556072225 ], [ 130.792286939, 33.560187495 ], [ 130.789458884999988, 33.561956946 ], [ 130.789045279, 33.564495 ], [ 130.785144449, 33.568310279 ], [ 130.776989728, 33.568638613 ], [ 130.772875836999987, 33.570782775 ], [ 130.776773061, 33.574278613 ], [ 130.775316108999988, 33.574733333 ], [ 130.77451917, 33.577813892 ], [ 130.771882776000012, 33.575933892 ], [ 130.769595551, 33.579296108 ], [ 130.767124994, 33.579811387 ], [ 130.76437083, 33.582139162 ], [ 130.76413917, 33.584201108 ], [ 130.762097224, 33.586287225 ], [ 130.754083606, 33.587549162 ], [ 130.751364994, 33.588652775 ], [ 130.748476394, 33.591598892 ], [ 130.747104162999989, 33.594333613 ], [ 130.745023333, 33.594821946 ], [ 130.742644163, 33.599073892 ], [ 130.741025279000013, 33.600653054 ], [ 130.740358885, 33.603638333 ], [ 130.738876939, 33.60392666700001 ], [ 130.738873061, 33.608388054 ], [ 130.739910272, 33.612532495 ], [ 130.735718327, 33.614063054 ], [ 130.73257416300001, 33.613129162 ], [ 130.726646394, 33.615525559 ], [ 130.726175837, 33.616658892 ], [ 130.722310558, 33.618543054 ], [ 130.714827781999986, 33.616146667 ], [ 130.712686394, 33.618894721 ], [ 130.70870917, 33.621247775 ], [ 130.706329727999986, 33.623526667 ], [ 130.70212, 33.624344721 ], [ 130.702821660000012, 33.623436667 ], [ 130.698940558, 33.621305 ], [ 130.697984448999989, 33.618078613 ], [ 130.700594449, 33.615085829 ], [ 130.699922218000012, 33.610053333 ], [ 130.697311388, 33.604593613 ], [ 130.700109728, 33.599507225 ], [ 130.700324720999987, 33.597474441 ], [ 130.70293306100001, 33.596885 ], [ 130.702651115, 33.593798054 ], [ 130.705146939, 33.590723613 ], [ 130.703783606, 33.587250279 ], [ 130.704089442, 33.581963054 ], [ 130.701512503, 33.581502774999983 ], [ 130.701321115000013, 33.577048613 ], [ 130.699376394000012, 33.573631946 ], [ 130.700486109, 33.573006108 ], [ 130.69869055800001, 33.56963 ], [ 130.692256667, 33.566094162 ], [ 130.693992503, 33.560051387 ], [ 130.69359917, 33.557461108 ], [ 130.690849727999989, 33.550621108 ], [ 130.686510558, 33.550686387 ], [ 130.684344994000014, 33.549151108 ], [ 130.685910272, 33.548146108 ], [ 130.68493306100001, 33.545839162 ], [ 130.684758612, 33.54171 ], [ 130.681644721, 33.542078892 ], [ 130.679183061, 33.537886667 ], [ 130.680703891, 33.537566667 ], [ 130.677056109, 33.531086108 ], [ 130.673588612, 33.531053333 ], [ 130.672222776000012, 33.529076387 ], [ 130.670748885, 33.529879441 ], [ 130.667427224, 33.529098892 ], [ 130.665515551, 33.524269441 ], [ 130.663456667, 33.522623333 ], [ 130.665893333000014, 33.51708416200001 ], [ 130.6648, 33.511004721 ], [ 130.665543332999988, 33.509513054 ], [ 130.664947782000013, 33.505873613 ], [ 130.662384721, 33.503817225 ], [ 130.667375279, 33.500741946 ], [ 130.668676393999988, 33.498091108 ], [ 130.672744994, 33.499425279 ], [ 130.677729728, 33.496245829 ], [ 130.680505837, 33.495508613 ], [ 130.682273606, 33.491588054 ], [ 130.687157782000014, 33.491205829 ], [ 130.689115837, 33.494103892 ], [ 130.692300272000011, 33.492288333 ], [ 130.694616109, 33.493191946 ], [ 130.697144163, 33.490988892 ], [ 130.699038327000011, 33.492555279 ], [ 130.706086667, 33.491815279 ], [ 130.707914163, 33.490416946000011 ], [ 130.711578054, 33.490881946 ], [ 130.711731115, 33.488769441 ], [ 130.71584166, 33.487485559 ], [ 130.716884721000014, 33.485955279 ], [ 130.727098327, 33.483582225 ], [ 130.734215279000011, 33.485466108 ], [ 130.73486, 33.486540559 ], [ 130.741794163, 33.488065559 ], [ 130.747069442, 33.485939721 ], [ 130.748188054, 33.483954441 ], [ 130.750092218, 33.486517225 ], [ 130.758961660000011, 33.488331946 ], [ 130.765665551000012, 33.487961387 ], [ 130.768183061, 33.486181946 ], [ 130.77598, 33.483875559 ], [ 130.779920557999986, 33.481589162 ], [ 130.783446394, 33.481965829000011 ], [ 130.787276666999986, 33.479575 ], [ 130.79122888500001, 33.470991108 ], [ 130.793882776, 33.472413613 ], [ 130.798300272, 33.471660279 ], [ 130.80408083, 33.472294721 ], [ 130.806091388, 33.471871108 ], [ 130.809872503, 33.476442495 ], [ 130.809621115, 33.479983892 ], [ 130.808298326999989, 33.483411667 ], [ 130.81140917, 33.485748613 ], [ 130.811717781999988, 33.487302225 ], [ 130.817626109, 33.488844721 ] ] ] } },
{ "type": "Feature", "properties": { "N03_001": "福岡県", "N03_002": null, "N03_003": null, "N03_004": "朝倉市", "N03_005": null, "N03_007": "40228", "city": "朝倉市" }, "geometry": { "type": "Polygon", "coordinates": [ [ [ 130.72269952, 33.360884613 ], [ 130.722801452999988, 33.367255432 ], [ 130.724908119, 33.367847658 ], [ 130.726837859999989, 33.372717081 ], [ 130.73186096, 33.373176766 ], [ 130.739872659000014, 33.363378135 ], [ 130.73954489, 33.362834243 ], [ 130.746515435, 33.360490631 ], [ 130.74827489, 33.364887009 ], [ 130.753515422, 33.363884279 ], [ 130.759253178, 33.36464130600001 ], [ 130.762330661, 33.363592468 ], [ 130.763098444, 33.361313577 ], [ 130.767730661, 33.361539973 ], [ 130.76806482500001, 33.36356136 ], [ 130.772948158, 33.36086691 ], [ 130.774636213, 33.358660523 ], [ 130.776906757, 33.353420523 ], [ 130.779206485, 33.350589685 ], [ 130.782449818, 33.348818018 ], [ 130.785982593999989, 33.348435234 ], [ 130.789185097, 33.349425793 ], [ 130.795241505, 33.354717739 ], [ 130.808856252, 33.360426288 ], [ 130.81457821, 33.359269856 ], [ 130.818014332, 33.355981784 ], [ 130.825922114, 33.352424279 ], [ 130.828815174999988, 33.350390946 ], [ 130.835347964, 33.343545946 ], [ 130.840186316, 33.345793721 ], [ 130.842708262, 33.348854829 ], [ 130.842256316, 33.350257613 ], [ 130.845913825999986, 33.351444829 ], [ 130.850195499, 33.353768162 ], [ 130.852400493, 33.356368739 ], [ 130.857060195, 33.358681 ], [ 130.85858546, 33.360837405 ], [ 130.861799338999987, 33.362599937 ], [ 130.859631829, 33.370429396 ], [ 130.859719053, 33.37296218 ], [ 130.859200428, 33.374553856 ], [ 130.859645979, 33.379573315 ], [ 130.861176809, 33.381386369 ], [ 130.85835153, 33.383629973 ], [ 130.860353528, 33.386559225 ], [ 130.858447704000014, 33.386991973 ], [ 130.856897224, 33.393577775 ], [ 130.858694163, 33.394352225 ], [ 130.85957166, 33.399634721 ], [ 130.857128885, 33.400534721 ], [ 130.858042503, 33.401541667 ], [ 130.854843333, 33.405484721 ], [ 130.854124163, 33.407655559 ], [ 130.850881388, 33.409435559 ], [ 130.848255551, 33.409225559 ], [ 130.849868327, 33.412394441 ], [ 130.85127472100001, 33.409891946 ], [ 130.850601114999989, 33.414729162 ], [ 130.848753061, 33.418011946 ], [ 130.846438326999987, 33.418183612999989 ], [ 130.842418611999989, 33.416477775 ], [ 130.836769728, 33.420932225 ], [ 130.834022776000012, 33.428384721 ], [ 130.834073606, 33.433204721 ], [ 130.830747224, 33.438910829 ], [ 130.828101659999987, 33.439967225 ], [ 130.828787782, 33.447354162 ], [ 130.827893061, 33.449504721 ], [ 130.823447496999989, 33.451649441 ], [ 130.821942218, 33.454659721 ], [ 130.818224163, 33.457236107999989 ], [ 130.812412503, 33.457267775 ], [ 130.810874721, 33.458096667 ], [ 130.80624360600001, 33.456096387 ], [ 130.804912503, 33.454587225 ], [ 130.80302917, 33.454835829 ], [ 130.798313606, 33.457288333000015 ], [ 130.794442503, 33.456133613 ], [ 130.790672776, 33.453704441 ], [ 130.787264163, 33.454899721000011 ], [ 130.785262218000014, 33.454236667 ], [ 130.783021115, 33.451926946 ], [ 130.77738861200001, 33.450493613 ], [ 130.77460166, 33.452130559 ], [ 130.769730558, 33.452674162 ], [ 130.764424448999989, 33.454784162 ], [ 130.76603, 33.455581946 ], [ 130.770881946, 33.455958054 ], [ 130.77486221800001, 33.458081387 ], [ 130.777770272, 33.46302582900001 ], [ 130.77730917, 33.463983613 ], [ 130.780319170000013, 33.467853333 ], [ 130.783461115, 33.469424162 ], [ 130.786905551, 33.4691 ], [ 130.79122888500001, 33.470991108 ], [ 130.787276666999986, 33.479575 ], [ 130.783446394, 33.481965829000011 ], [ 130.779920557999986, 33.481589162 ], [ 130.77598, 33.483875559 ], [ 130.768183061, 33.486181946 ], [ 130.765665551000012, 33.487961387 ], [ 130.758961660000011, 33.488331946 ], [ 130.750092218, 33.486517225 ], [ 130.748188054, 33.483954441 ], [ 130.747069442, 33.485939721 ], [ 130.741794163, 33.488065559 ], [ 130.73486, 33.486540559 ], [ 130.734215279000011, 33.485466108 ], [ 130.727098327, 33.483582225 ], [ 130.716884721000014, 33.485955279 ], [ 130.71584166, 33.487485559 ], [ 130.711731115, 33.488769441 ], [ 130.711578054, 33.490881946 ], [ 130.707914163, 33.490416946000011 ], [ 130.706086667, 33.491815279 ], [ 130.699038327000011, 33.492555279 ], [ 130.697144163, 33.490988892 ], [ 130.694616109, 33.493191946 ], [ 130.692300272000011, 33.492288333 ], [ 130.689115837, 33.494103892 ], [ 130.687157782000014, 33.491205829 ], [ 130.682273606, 33.491588054 ], [ 130.680505837, 33.495508613 ], [ 130.677729728, 33.496245829 ], [ 130.672744994, 33.499425279 ], [ 130.668676393999988, 33.498091108 ], [ 130.666192503, 33.49646 ], [ 130.664566667, 33.492545279 ], [ 130.666564720999986, 33.491129441 ], [ 130.66524, 33.488579162 ], [ 130.663029169999987, 33.488927225 ], [ 130.66295917, 33.486886387 ], [ 130.665903606, 33.485720279 ], [ 130.664666939, 33.482666667 ], [ 130.664857224, 33.480091946 ], [ 130.663203606, 33.479331667 ], [ 130.660029728000012, 33.473134721 ], [ 130.657347224, 33.473496667 ], [ 130.654701115, 33.470164441 ], [ 130.653158053999988, 33.463701108 ], [ 130.648962218, 33.461063613 ], [ 130.647711115, 33.456119721 ], [ 130.64801083, 33.453458892 ], [ 130.649386109, 33.451986108 ], [ 130.647336667, 33.448132775 ], [ 130.650741946000011, 33.445922225 ], [ 130.653821115, 33.446245 ], [ 130.656536667000012, 33.443049162 ], [ 130.659190558, 33.441106667 ], [ 130.655876109, 33.437738333 ], [ 130.658448327, 33.43619638700001 ], [ 130.65396166, 33.431204441 ], [ 130.65102166, 33.431801667 ], [ 130.64553, 33.423356667 ], [ 130.645067224, 33.420336108 ], [ 130.642608884999987, 33.421421387 ], [ 130.635986394000014, 33.411895559 ], [ 130.632311115, 33.411592495 ], [ 130.624608327, 33.411825 ], [ 130.623813332999987, 33.412268333 ], [ 130.616460272000012, 33.407160829 ], [ 130.616312218, 33.404899162 ], [ 130.618691946000013, 33.402114441 ], [ 130.615477782, 33.399918054 ], [ 130.619281388, 33.395339721 ], [ 130.624379442, 33.394376108 ], [ 130.625526939, 33.390718054 ], [ 130.630076939, 33.390304162 ], [ 130.633093890999987, 33.388992775 ], [ 130.641410830000012, 33.387079441 ], [ 130.644793333, 33.386960559 ], [ 130.645924721, 33.385917775 ], [ 130.644946654, 33.379329802 ], [ 130.639499922, 33.37149482 ], [ 130.647325798, 33.372282144 ], [ 130.652487211, 33.37379173 ], [ 130.654920245999989, 33.372476243 ], [ 130.652419650000013, 33.36892809 ], [ 130.653576861, 33.367801207 ], [ 130.660592685000012, 33.364409604 ], [ 130.665972672, 33.363012946 ], [ 130.666793786999989, 33.362192667 ], [ 130.672966005, 33.361561009 ], [ 130.683878197000013, 33.361820712 ], [ 130.684199584999988, 33.362792657999989 ], [ 130.696762062, 33.362439045 ], [ 130.700177328, 33.362085991 ], [ 130.705479546, 33.364148766 ], [ 130.707708703, 33.360188775 ], [ 130.7140962, 33.360156 ], [ 130.714178417999989, 33.359317387 ], [ 130.719675357, 33.359218775 ], [ 130.719671737999988, 33.360884333 ], [ 130.72269952, 33.360884613 ] ] ] } },
{ "type": "Feature", "properties": { "N03_001": "福岡県", "N03_002": null, "N03_003": null, "N03_004": "朝倉市", "N03_005": null, "N03_007": "40228", "city": "朝倉市" }, "geometry": null },
{ "type": "Feature", "properties": { "N03_001": "福岡県", "N03_002": null, "N03_003": null, "N03_004": "みやま市", "N03_005": null, "N03_007": "40229", "city": "みやま市" }, "geometry": { "type": "Polygon", "coordinates": [ [ [ 130.417677717, 33.07189 ], [ 130.426457223999989, 33.073986108 ], [ 130.428604721, 33.07547777500001 ], [ 130.43173499400001, 33.075091667 ], [ 130.439146939000011, 33.075939162 ], [ 130.444745278999989, 33.078804162 ], [ 130.447808327, 33.081446108 ], [ 130.450750272, 33.085488054 ], [ 130.449593333, 33.087888613 ], [ 130.454767224, 33.08798082900001 ], [ 130.45986917, 33.088953054 ], [ 130.464485279, 33.088996108 ], [ 130.46605083, 33.087591108 ], [ 130.472242503, 33.089010559 ], [ 130.475381946, 33.088764162 ], [ 130.478042503000012, 33.086948892 ], [ 130.481183333, 33.086854162 ], [ 130.482954721, 33.085067225 ], [ 130.486179170000014, 33.085251108 ], [ 130.492418885, 33.086963892 ], [ 130.495656394, 33.089927775 ], [ 130.500564720999989, 33.090070829 ], [ 130.506791946, 33.091980279 ], [ 130.505936109, 33.094940559 ], [ 130.507839442, 33.098018613 ], [ 130.51360917, 33.098077775 ], [ 130.51715083, 33.096375559 ], [ 130.518264994, 33.093001108 ], [ 130.520397523000014, 33.091076685 ], [ 130.519653191, 33.087058486 ], [ 130.522521751, 33.083000117 ], [ 130.525197665, 33.082610495 ], [ 130.531088197, 33.083876883 ], [ 130.534055668, 33.085967414 ], [ 130.535548987999988, 33.090509063 ], [ 130.539044877, 33.090618027 ], [ 130.540749844, 33.086055252 ], [ 130.542180389, 33.085036649 ], [ 130.542453424, 33.081735261 ], [ 130.544284241000014, 33.082270541 ], [ 130.546631154000011, 33.080569153 ], [ 130.54845559, 33.080979712 ], [ 130.548020052, 33.082916667 ], [ 130.550090597, 33.084587505 ], [ 130.552464461999989, 33.082971955 ], [ 130.555956122, 33.086091685 ], [ 130.559468054, 33.085741414 ], [ 130.565612451, 33.087105586 ], [ 130.565426628000012, 33.09163336 ], [ 130.561199468000012, 33.095912532 ], [ 130.562353087, 33.102280865 ], [ 130.561795875, 33.104189198 ], [ 130.56045393, 33.104360586 ], [ 130.555938405, 33.107361405 ], [ 130.557364228000012, 33.109427514 ], [ 130.556468405, 33.11138418 ], [ 130.557712568, 33.112946116999986 ], [ 130.557033411, 33.120087784 ], [ 130.554209261000011, 33.122107775 ], [ 130.552269818000013, 33.125214982 ], [ 130.55175594, 33.12914582 ], [ 130.552691479, 33.13612109 ], [ 130.553843956, 33.138770532 ], [ 130.54980478600001, 33.14433245 ], [ 130.552645278999989, 33.155142171 ], [ 130.550819702000013, 33.157837441 ], [ 130.546825837, 33.158042991 ], [ 130.541423113, 33.155382144 ], [ 130.538661698999988, 33.160022973 ], [ 130.53923776900001, 33.164892414 ], [ 130.541103021999987, 33.167661856 ], [ 130.539772438, 33.170002405 ], [ 130.541648508, 33.174426856 ], [ 130.542237069, 33.179256297 ], [ 130.54589647200001, 33.182071297 ], [ 130.541535071, 33.184521009 ], [ 130.535918974999987, 33.184468775 ], [ 130.531928158, 33.183654595 ], [ 130.52553454, 33.181520054 ], [ 130.51957422800001, 33.182057144 ], [ 130.51424834, 33.181335045 ], [ 130.505396394, 33.182506667 ], [ 130.502006939000012, 33.180428613 ], [ 130.497789442, 33.175542775 ], [ 130.497853606, 33.174002495 ], [ 130.495753060999988, 33.172686387 ], [ 130.488093333, 33.172678892 ], [ 130.485527782, 33.175773333 ], [ 130.490165525, 33.178035414 ], [ 130.487622114, 33.18275361300001 ], [ 130.476810272, 33.183147495 ], [ 130.476750829999986, 33.176188054 ], [ 130.476034721, 33.170977225 ], [ 130.475373606, 33.167228333 ], [ 130.473444994, 33.165548892 ], [ 130.472978612, 33.167731387000011 ], [ 130.464995550999987, 33.167149162 ], [ 130.464924163, 33.167729162 ], [ 130.459075837, 33.16783 ], [ 130.45870083, 33.16383277500001 ], [ 130.45391693900001, 33.163938333 ], [ 130.453253061, 33.161974721 ], [ 130.460597782, 33.159007775 ], [ 130.46040917, 33.156764441 ], [ 130.462137224, 33.15495472100001 ], [ 130.460709728000012, 33.147973613 ], [ 130.458348885, 33.146897775 ], [ 130.453776939, 33.147244162 ], [ 130.452188885, 33.146250279 ], [ 130.452220272, 33.142936387 ], [ 130.454320558, 33.139254441 ], [ 130.452306394, 33.137122225 ], [ 130.447776939, 33.134376108 ], [ 130.446357782, 33.130097495 ], [ 130.443825837, 33.126745 ], [ 130.442516939, 33.122886108 ], [ 130.437023061, 33.119574441 ], [ 130.435312218, 33.114510829 ], [ 130.432946109, 33.111774721 ], [ 130.430888885, 33.107666387 ], [ 130.424382775999987, 33.099339441 ], [ 130.423112503, 33.096677775 ], [ 130.418666108999986, 33.091696108 ], [ 130.411729351, 33.086683234 ], [ 130.413519546, 33.084973378 ], [ 130.412205694, 33.08358664 ], [ 130.412188275, 33.08117427900001 ], [ 130.414894772999986, 33.079274973 ], [ 130.414728003, 33.076741162 ], [ 130.417677717, 33.07189 ] ] ] } },
{ "type": "Feature", "properties": { "N03_001": "福岡県", "N03_002": null, "N03_003": null, "N03_004": "糸島市", "N03_005": null, "N03_007": "40230", "city": "糸島市" }, "geometry": { "type": "Polygon", "coordinates": [ [ [ 130.197838612, 33.63975158600001 ], [ 130.193575966, 33.637828387 ], [ 130.184396524, 33.632603495 ], [ 130.180395863, 33.632926252 ], [ 130.176526835, 33.631495 ], [ 130.175284527, 33.629886225 ], [ 130.171659442, 33.629500694 ], [ 130.168579754, 33.630295387 ], [ 130.167446913, 33.632561613 ], [ 130.162550610000011, 33.630273 ], [ 130.159843891, 33.629776946 ], [ 130.156698326999987, 33.627874 ], [ 130.155868612, 33.622173054 ], [ 130.154176589, 33.621122559 ], [ 130.157934423, 33.615139829 ], [ 130.160638003, 33.615501108 ], [ 130.161956005, 33.612637252 ], [ 130.160833411, 33.608436108 ], [ 130.15635939, 33.603572613 ], [ 130.156245837, 33.602565775 ], [ 130.148750635999988, 33.596664135 ], [ 130.143180441, 33.593473802 ], [ 130.137612555, 33.591544027 ], [ 130.128016304, 33.589849865 ], [ 130.123027302, 33.590015829 ], [ 130.117619754, 33.591588 ], [ 130.112363891, 33.594740468 ], [ 130.108986394, 33.595450225 ], [ 130.107608755, 33.597078667 ], [ 130.106275084, 33.592820252 ], [ 130.106612996, 33.590537225 ], [ 130.108955058, 33.587391892 ], [ 130.105997445000014, 33.584798721 ], [ 130.10400786, 33.585513667 ], [ 130.102381699, 33.588147279 ], [ 130.097890143, 33.585757640000011 ], [ 130.092041115, 33.58521464 ], [ 130.088863502, 33.583347162 ], [ 130.087199105, 33.579994865 ], [ 130.088236861000013, 33.577784586 ], [ 130.092499559, 33.57535019800001 ], [ 130.095373217, 33.575678532 ], [ 130.097276524, 33.574261973 ], [ 130.098749728, 33.568313748 ], [ 130.097697977, 33.56438964 ], [ 130.101367834, 33.563638306 ], [ 130.106756252, 33.566993081 ], [ 130.108290506, 33.570021495 ], [ 130.111563995000012, 33.571619225 ], [ 130.115380558, 33.571890081 ], [ 130.119676226, 33.574604333 ], [ 130.126182166, 33.572513387 ], [ 130.130365863, 33.566977027 ], [ 130.131912309, 33.568609586 ], [ 130.135874721, 33.566777306 ], [ 130.13499642, 33.566310054 ], [ 130.134661219, 33.561343162 ], [ 130.132142192, 33.558668468 ], [ 130.129456835000013, 33.557927667 ], [ 130.12725544700001, 33.559051586 ], [ 130.126463022, 33.561661586 ], [ 130.123403943, 33.560723414 ], [ 130.120190246, 33.558367360000013 ], [ 130.117033838999987, 33.55407036 ], [ 130.117526304, 33.551399333 ], [ 130.114652387, 33.550352721 ], [ 130.116808716, 33.549078775 ], [ 130.116046355, 33.546727892 ], [ 130.120306328999987, 33.547999252 ], [ 130.120716445999989, 33.550013748 ], [ 130.123312387, 33.553593559 ], [ 130.125074915999988, 33.553669973 ], [ 130.126144189, 33.556812613 ], [ 130.130700440999988, 33.555436414 ], [ 130.131139780000012, 33.556280108 ], [ 130.136503995, 33.555136135 ], [ 130.139734747, 33.552157748 ], [ 130.141948859, 33.548174134999989 ], [ 130.144266498, 33.551278586 ], [ 130.148402995999987, 33.552292333 ], [ 130.150482918, 33.555840919 ], [ 130.155654188999989, 33.560033162 ], [ 130.164106226, 33.561034 ], [ 130.16525572, 33.555022081 ], [ 130.163968859, 33.550598468 ], [ 130.16259856, 33.548924135 ], [ 130.158669533, 33.548356333 ], [ 130.159137639, 33.545330054 ], [ 130.154559637, 33.542756775 ], [ 130.153892140000011, 33.537058829 ], [ 130.148266057, 33.536353027 ], [ 130.146154034, 33.534778559 ], [ 130.143184332, 33.534880946 ], [ 130.142060363000013, 33.532445721 ], [ 130.134686304000013, 33.528664306 ], [ 130.128921946, 33.528409919 ], [ 130.128455447, 33.526416162 ], [ 130.125347004, 33.526033775 ], [ 130.125041582, 33.524494468 ], [ 130.131791505, 33.522966081 ], [ 130.133513384999986, 33.521258495 ], [ 130.133067834, 33.517383973 ], [ 130.131285162000012, 33.51459374800001 ], [ 130.126801025, 33.510044694 ], [ 130.125101218999987, 33.510294162 ], [ 130.123007003999987, 33.508744829 ], [ 130.119366329, 33.507776252 ], [ 130.114915746, 33.507659495 ], [ 130.109998249, 33.510701333 ], [ 130.109444747, 33.509526468 ], [ 130.106187197999986, 33.509684973 ], [ 130.102652477, 33.512908243 ], [ 130.105481725, 33.514114468 ], [ 130.101221751, 33.515948225 ], [ 130.099284695, 33.515473532 ], [ 130.098490414999986, 33.513595279 ], [ 130.100222672, 33.512305802 ], [ 130.099481115, 33.510210468 ], [ 130.09472642, 33.50708164 ], [ 130.090265331000012, 33.505416532 ], [ 130.085981997, 33.50500036 ], [ 130.083910895, 33.50625936 ], [ 130.080154357999987, 33.505112306 ], [ 130.078350414999989, 33.503445559 ], [ 130.07066192, 33.502583306 ], [ 130.065653891000011, 33.500242721 ], [ 130.062872360999989, 33.497979135 ], [ 130.055261025, 33.49591391900001 ], [ 130.049338885, 33.495208162 ], [ 130.045294915999989, 33.496403225 ], [ 130.044350778, 33.494161135 ], [ 130.047174968, 33.493731775 ], [ 130.048027886, 33.491442559 ], [ 130.049709947999986, 33.490814775 ], [ 130.048866355, 33.487429919 ], [ 130.044818975, 33.484676081 ], [ 130.04541297, 33.483447387 ], [ 130.04229538300001, 33.478720865 ], [ 130.040738975000011, 33.47075872100001 ], [ 130.039026329, 33.470014468 ], [ 130.044924994000013, 33.467437225 ], [ 130.051340272, 33.469415829 ], [ 130.05522083, 33.469451108 ], [ 130.057014449, 33.471033892 ], [ 130.060598612, 33.470364441 ], [ 130.06806917, 33.472504162 ], [ 130.073554721, 33.469153613 ], [ 130.076365551, 33.470044162 ], [ 130.079903333, 33.468468892 ], [ 130.085806394, 33.469708054 ], [ 130.08892083, 33.468674162 ], [ 130.098417497000014, 33.469841108 ], [ 130.102034449, 33.471737775 ], [ 130.103130271999987, 33.475886667 ], [ 130.104854721, 33.475891667 ], [ 130.107704993999988, 33.477798333 ], [ 130.109288612, 33.476165559 ], [ 130.113575837000013, 33.475192225 ], [ 130.117994721, 33.475061946 ], [ 130.126035279, 33.475909162 ], [ 130.129739728, 33.47555361300001 ], [ 130.13253917, 33.473463892 ], [ 130.138800558000014, 33.470435559 ], [ 130.141172218, 33.472056387 ], [ 130.142544721, 33.474312225 ], [ 130.145685551000014, 33.474384721 ], [ 130.148496666999989, 33.477289721 ], [ 130.156767224, 33.476722495 ], [ 130.163929169999989, 33.472345559 ], [ 130.164860557999987, 33.46918 ], [ 130.16885166, 33.467620829 ], [ 130.17483, 33.467385559 ], [ 130.175934721, 33.465923054 ], [ 130.18279917000001, 33.466648054 ], [ 130.186473606, 33.468469721 ], [ 130.186386938999988, 33.47064 ], [ 130.18885666700001, 33.47119 ], [ 130.18867, 33.474704441 ], [ 130.191088885, 33.476292225 ], [ 130.194531388, 33.476108892 ], [ 130.196143333, 33.478066387 ], [ 130.198252776, 33.477271667 ], [ 130.198522503, 33.481171946 ], [ 130.201584163, 33.480040828999989 ], [ 130.203884163, 33.481573054 ], [ 130.21277917, 33.480682495 ], [ 130.216306393999986, 33.479837225 ], [ 130.218174721, 33.478186387 ], [ 130.223342218, 33.478279441 ], [ 130.226802217999989, 33.476695279 ], [ 130.229911115, 33.478301946 ], [ 130.233314449, 33.478922775 ], [ 130.236477782, 33.477782495 ], [ 130.238231388, 33.474026108000011 ], [ 130.24166083, 33.474811108 ], [ 130.244200557999989, 33.474405559 ], [ 130.246408327000012, 33.471459162 ], [ 130.250012776, 33.470505559 ], [ 130.252370272, 33.470963613 ], [ 130.257504721, 33.476073054 ], [ 130.262867782, 33.478017495 ], [ 130.264559728, 33.477434441 ], [ 130.27111917, 33.479926667 ], [ 130.272113891, 33.479351108 ], [ 130.273529442000012, 33.483743892 ], [ 130.272733606, 33.488269162 ], [ 130.276015551, 33.489481946 ], [ 130.274434993999989, 33.492689162 ], [ 130.271928327000012, 33.495355829 ], [ 130.274875279000014, 33.497473613 ], [ 130.277888327, 33.50161 ], [ 130.279506938999987, 33.506655559 ], [ 130.285607223999989, 33.507067775 ], [ 130.284281388000011, 33.512349721 ], [ 130.287386938999987, 33.51117 ], [ 130.289136667, 33.509071667 ], [ 130.290443333000013, 33.512331667 ], [ 130.291798612, 33.513006108 ], [ 130.291336394000012, 33.515523892 ], [ 130.292210558, 33.519071387 ], [ 130.288206939, 33.522618892 ], [ 130.286654994, 33.522541667 ], [ 130.287314163, 33.526251667 ], [ 130.289248054000012, 33.531318892 ], [ 130.289232503, 33.534560279 ], [ 130.288124721, 33.536612495 ], [ 130.288647497, 33.538641946 ], [ 130.286889441999989, 33.54009 ], [ 130.283809170000012, 33.539527495 ], [ 130.277580558000011, 33.544027495 ], [ 130.269740829999989, 33.547227495 ], [ 130.266440272000011, 33.550007225 ], [ 130.267043890999986, 33.552535559 ], [ 130.265583061, 33.556564721 ], [ 130.262085837, 33.556841108 ], [ 130.257507224, 33.555228054 ], [ 130.254517224000011, 33.557805559 ], [ 130.24973917, 33.55604 ], [ 130.248706938999987, 33.557553892 ], [ 130.24522166, 33.557703613 ], [ 130.242723332999986, 33.556514162 ], [ 130.24290917, 33.553531946 ], [ 130.240431388, 33.551727495 ], [ 130.236266109000013, 33.555363892 ], [ 130.235919728, 33.557766108 ], [ 130.239384449, 33.558903892 ], [ 130.238984994, 33.561608054 ], [ 130.236656109, 33.566425279 ], [ 130.239333061, 33.567443892 ], [ 130.239219442, 33.570464162 ], [ 130.241103061, 33.571051387 ], [ 130.241067224, 33.573076667 ], [ 130.237710558, 33.580440829 ], [ 130.234523891, 33.581531946 ], [ 130.229908327, 33.580282775 ], [ 130.226699728, 33.58139305400001 ], [ 130.222628612, 33.579436387 ], [ 130.219187224, 33.58055610800001 ], [ 130.216333891, 33.583564162 ], [ 130.215976394, 33.585267495 ], [ 130.211787496999989, 33.588985 ], [ 130.211732503, 33.591477775 ], [ 130.210014721, 33.593334162 ], [ 130.21031832700001, 33.595885829 ], [ 130.207664994, 33.596488054 ], [ 130.207398327, 33.597808892 ], [ 130.210413333, 33.601750559 ], [ 130.210594449000013, 33.60459444100001 ], [ 130.209551659999988, 33.606891946 ], [ 130.205956667, 33.609543333 ], [ 130.207368885, 33.612595 ], [ 130.206110271999989, 33.614731946 ], [ 130.20600944200001, 33.619235559 ], [ 130.204968885, 33.622709721 ], [ 130.206736667, 33.628541387 ], [ 130.203903606000011, 33.631723613 ], [ 130.203981946, 33.635245 ], [ 130.20138917, 33.637907775 ], [ 130.197838612, 33.63975158600001 ] ] ] } },
{ "type": "Feature", "properties": { "N03_001": "福岡県", "N03_002": null, "N03_003": null, "N03_004": "糸島市", "N03_005": null, "N03_007": "40230", "city": "糸島市" }, "geometry": { "type": "Polygon", "coordinates": [ [ [ 130.049123969, 33.566230973 ], [ 130.050230311, 33.565652586 ], [ 130.054062023, 33.570976081 ], [ 130.054534475, 33.57269405400001 ], [ 130.052963139000013, 33.57462036 ], [ 130.04898642, 33.575782387 ], [ 130.046251633999987, 33.575505559 ], [ 130.044067367, 33.572020198 ], [ 130.044337198, 33.569468748 ], [ 130.049123969, 33.566230973 ] ] ] } },
{ "type": "Feature", "properties": { "N03_001": "福岡県", "N03_002": null, "N03_003": null, "N03_004": "糸島市", "N03_005": null, "N03_007": "40230", "city": "糸島市" }, "geometry": null },
{ "type": "Feature", "properties": { "N03_001": "福岡県", "N03_002": null, "N03_003": null, "N03_004": "糸島市", "N03_005": null, "N03_007": "40230", "city": "糸島市" }, "geometry": null },
{ "type": "Feature", "properties": { "N03_001": "福岡県", "N03_002": null, "N03_003": null, "N03_004": "糸島市", "N03_005": null, "N03_007": "40230", "city": "糸島市" }, "geometry": null },
{ "type": "Feature", "properties": { "N03_001": "福岡県", "N03_002": null, "N03_003": null, "N03_004": "糸島市", "N03_005": null, "N03_007": "40230", "city": "糸島市" }, "geometry": null },
{ "type": "Feature", "properties": { "N03_001": "福岡県", "N03_002": null, "N03_003": null, "N03_004": "糸島市", "N03_005": null, "N03_007": "40230", "city": "糸島市" }, "geometry": null },
{ "type": "Feature", "properties": { "N03_001": "福岡県", "N03_002": null, "N03_003": null, "N03_004": "糸島市", "N03_005": null, "N03_007": "40230", "city": "糸島市" }, "geometry": null },
{ "type": "Feature", "properties": { "N03_001": "福岡県", "N03_002": null, "N03_003": null, "N03_004": "糸島市", "N03_005": null, "N03_007": "40230", "city": "糸島市" }, "geometry": null },
{ "type": "Feature", "properties": { "N03_001": "福岡県", "N03_002": null, "N03_003": null, "N03_004": "糸島市", "N03_005": null, "N03_007": "40230", "city": "糸島市" }, "geometry": null },
{ "type": "Feature", "properties": { "N03_001": "福岡県", "N03_002": null, "N03_003": null, "N03_004": "糸島市", "N03_005": null, "N03_007": "40230", "city": "糸島市" }, "geometry": null },
{ "type": "Feature", "properties": { "N03_001": "福岡県", "N03_002": null, "N03_003": null, "N03_004": "糸島市", "N03_005": null, "N03_007": "40230", "city": "糸島市" }, "geometry": null },
{ "type": "Feature", "properties": { "N03_001": "福岡県", "N03_002": null, "N03_003": null, "N03_004": "糸島市", "N03_005": null, "N03_007": "40230", "city": "糸島市" }, "geometry": null },
{ "type": "Feature", "properties": { "N03_001": "福岡県", "N03_002": null, "N03_003": null, "N03_004": "糸島市", "N03_005": null, "N03_007": "40230", "city": "糸島市" }, "geometry": null },
{ "type": "Feature", "properties": { "N03_001": "福岡県", "N03_002": null, "N03_003": null, "N03_004": "糸島市", "N03_005": null, "N03_007": "40230", "city": "糸島市" }, "geometry": null },
{ "type": "Feature", "properties": { "N03_001": "福岡県", "N03_002": null, "N03_003": null, "N03_004": "糸島市", "N03_005": null, "N03_007": "40230", "city": "糸島市" }, "geometry": null },
{ "type": "Feature", "properties": { "N03_001": "福岡県", "N03_002": null, "N03_003": null, "N03_004": "糸島市", "N03_005": null, "N03_007": "40230", "city": "糸島市" }, "geometry": null },
{ "type": "Feature", "properties": { "N03_001": "福岡県", "N03_002": null, "N03_003": null, "N03_004": "糸島市", "N03_005": null, "N03_007": "40230", "city": "糸島市" }, "geometry": null },
{ "type": "Feature", "properties": { "N03_001": "福岡県", "N03_002": null, "N03_003": null, "N03_004": "糸島市", "N03_005": null, "N03_007": "40230", "city": "糸島市" }, "geometry": null },
{ "type": "Feature", "properties": { "N03_001": "福岡県", "N03_002": null, "N03_003": null, "N03_004": "糸島市", "N03_005": null, "N03_007": "40230", "city": "糸島市" }, "geometry": null },
{ "type": "Feature", "properties": { "N03_001": "福岡県", "N03_002": null, "N03_003": null, "N03_004": "糸島市", "N03_005": null, "N03_007": "40230", "city": "糸島市" }, "geometry": null },
{ "type": "Feature", "properties": { "N03_001": "福岡県", "N03_002": null, "N03_003": null, "N03_004": "糸島市", "N03_005": null, "N03_007": "40230", "city": "糸島市" }, "geometry": null },
{ "type": "Feature", "properties": { "N03_001": "福岡県", "N03_002": null, "N03_003": null, "N03_004": "糸島市", "N03_005": null, "N03_007": "40230", "city": "糸島市" }, "geometry": null },
{ "type": "Feature", "properties": { "N03_001": "福岡県", "N03_002": null, "N03_003": null, "N03_004": "糸島市", "N03_005": null, "N03_007": "40230", "city": "糸島市" }, "geometry": null },
{ "type": "Feature", "properties": { "N03_001": "福岡県", "N03_002": null, "N03_003": null, "N03_004": "糸島市", "N03_005": null, "N03_007": "40230", "city": "糸島市" }, "geometry": null },
{ "type": "Feature", "properties": { "N03_001": "福岡県", "N03_002": null, "N03_003": null, "N03_004": "糸島市", "N03_005": null, "N03_007": "40230", "city": "糸島市" }, "geometry": null },
{ "type": "Feature", "properties": { "N03_001": "福岡県", "N03_002": null, "N03_003": null, "N03_004": "糸島市", "N03_005": null, "N03_007": "40230", "city": "糸島市" }, "geometry": null },
{ "type": "Feature", "properties": { "N03_001": "福岡県", "N03_002": null, "N03_003": null, "N03_004": "糸島市", "N03_005": null, "N03_007": "40230", "city": "糸島市" }, "geometry": null },
{ "type": "Feature", "properties": { "N03_001": "福岡県", "N03_002": null, "N03_003": null, "N03_004": "糸島市", "N03_005": null, "N03_007": "40230", "city": "糸島市" }, "geometry": null },
{ "type": "Feature", "properties": { "N03_001": "福岡県", "N03_002": null, "N03_003": null, "N03_004": "糸島市", "N03_005": null, "N03_007": "40230", "city": "糸島市" }, "geometry": null },
{ "type": "Feature", "properties": { "N03_001": "福岡県", "N03_002": null, "N03_003": null, "N03_004": "糸島市", "N03_005": null, "N03_007": "40230", "city": "糸島市" }, "geometry": null },
{ "type": "Feature", "properties": { "N03_001": "福岡県", "N03_002": null, "N03_003": null, "N03_004": "糸島市", "N03_005": null, "N03_007": "40230", "city": "糸島市" }, "geometry": null },
{ "type": "Feature", "properties": { "N03_001": "福岡県", "N03_002": null, "N03_003": null, "N03_004": "糸島市", "N03_005": null, "N03_007": "40230", "city": "糸島市" }, "geometry": null },
{ "type": "Feature", "properties": { "N03_001": "福岡県", "N03_002": null, "N03_003": null, "N03_004": "糸島市", "N03_005": null, "N03_007": "40230", "city": "糸島市" }, "geometry": null },
{ "type": "Feature", "properties": { "N03_001": "福岡県", "N03_002": null, "N03_003": null, "N03_004": "糸島市", "N03_005": null, "N03_007": "40230", "city": "糸島市" }, "geometry": null },
{ "type": "Feature", "properties": { "N03_001": "福岡県", "N03_002": null, "N03_003": null, "N03_004": "糸島市", "N03_005": null, "N03_007": "40230", "city": "糸島市" }, "geometry": null },
{ "type": "Feature", "properties": { "N03_001": "福岡県", "N03_002": null, "N03_003": null, "N03_004": "糸島市", "N03_005": null, "N03_007": "40230", "city": "糸島市" }, "geometry": null },
{ "type": "Feature", "properties": { "N03_001": "福岡県", "N03_002": null, "N03_003": null, "N03_004": "糸島市", "N03_005": null, "N03_007": "40230", "city": "糸島市" }, "geometry": null },
{ "type": "Feature", "properties": { "N03_001": "福岡県", "N03_002": null, "N03_003": null, "N03_004": "糸島市", "N03_005": null, "N03_007": "40230", "city": "糸島市" }, "geometry": null },
{ "type": "Feature", "properties": { "N03_001": "福岡県", "N03_002": null, "N03_003": null, "N03_004": "糸島市", "N03_005": null, "N03_007": "40230", "city": "糸島市" }, "geometry": null },
{ "type": "Feature", "properties": { "N03_001": "福岡県", "N03_002": null, "N03_003": null, "N03_004": "糸島市", "N03_005": null, "N03_007": "40230", "city": "糸島市" }, "geometry": null },
{ "type": "Feature", "properties": { "N03_001": "福岡県", "N03_002": null, "N03_003": null, "N03_004": "糸島市", "N03_005": null, "N03_007": "40230", "city": "糸島市" }, "geometry": null },
{ "type": "Feature", "properties": { "N03_001": "福岡県", "N03_002": null, "N03_003": null, "N03_004": "糸島市", "N03_005": null, "N03_007": "40230", "city": "糸島市" }, "geometry": null },
{ "type": "Feature", "properties": { "N03_001": "福岡県", "N03_002": null, "N03_003": null, "N03_004": "糸島市", "N03_005": null, "N03_007": "40230", "city": "糸島市" }, "geometry": null },
{ "type": "Feature", "properties": { "N03_001": "福岡県", "N03_002": null, "N03_003": null, "N03_004": "糸島市", "N03_005": null, "N03_007": "40230", "city": "糸島市" }, "geometry": null },
{ "type": "Feature", "properties": { "N03_001": "福岡県", "N03_002": null, "N03_003": null, "N03_004": "糸島市", "N03_005": null, "N03_007": "40230", "city": "糸島市" }, "geometry": null },
{ "type": "Feature", "properties": { "N03_001": "福岡県", "N03_002": null, "N03_003": null, "N03_004": "糸島市", "N03_005": null, "N03_007": "40230", "city": "糸島市" }, "geometry": null },
{ "type": "Feature", "properties": { "N03_001": "福岡県", "N03_002": null, "N03_003": null, "N03_004": "糸島市", "N03_005": null, "N03_007": "40230", "city": "糸島市" }, "geometry": null },
{ "type": "Feature", "properties": { "N03_001": "福岡県", "N03_002": null, "N03_003": null, "N03_004": "糸島市", "N03_005": null, "N03_007": "40230", "city": "糸島市" }, "geometry": null },
{ "type": "Feature", "properties": { "N03_001": "福岡県", "N03_002": null, "N03_003": null, "N03_004": "糸島市", "N03_005": null, "N03_007": "40230", "city": "糸島市" }, "geometry": null },
{ "type": "Feature", "properties": { "N03_001": "福岡県", "N03_002": null, "N03_003": null, "N03_004": "糸島市", "N03_005": null, "N03_007": "40230", "city": "糸島市" }, "geometry": null },
{ "type": "Feature", "properties": { "N03_001": "福岡県", "N03_002": null, "N03_003": null, "N03_004": "糸島市", "N03_005": null, "N03_007": "40230", "city": "糸島市" }, "geometry": null },
{ "type": "Feature", "properties": { "N03_001": "福岡県", "N03_002": null, "N03_003": null, "N03_004": "糸島市", "N03_005": null, "N03_007": "40230", "city": "糸島市" }, "geometry": null },
{ "type": "Feature", "properties": { "N03_001": "福岡県", "N03_002": null, "N03_003": null, "N03_004": "糸島市", "N03_005": null, "N03_007": "40230", "city": "糸島市" }, "geometry": null },
{ "type": "Feature", "properties": { "N03_001": "福岡県", "N03_002": null, "N03_003": null, "N03_004": "糸島市", "N03_005": null, "N03_007": "40230", "city": "糸島市" }, "geometry": null },
{ "type": "Feature", "properties": { "N03_001": "福岡県", "N03_002": null, "N03_003": null, "N03_004": "糸島市", "N03_005": null, "N03_007": "40230", "city": "糸島市" }, "geometry": null },
{ "type": "Feature", "properties": { "N03_001": "福岡県", "N03_002": null, "N03_003": null, "N03_004": "糸島市", "N03_005": null, "N03_007": "40230", "city": "糸島市" }, "geometry": null },
{ "type": "Feature", "properties": { "N03_001": "福岡県", "N03_002": null, "N03_003": null, "N03_004": "糸島市", "N03_005": null, "N03_007": "40230", "city": "糸島市" }, "geometry": null },
{ "type": "Feature", "properties": { "N03_001": "福岡県", "N03_002": null, "N03_003": null, "N03_004": "糸島市", "N03_005": null, "N03_007": "40230", "city": "糸島市" }, "geometry": null },
{ "type": "Feature", "properties": { "N03_001": "福岡県", "N03_002": null, "N03_003": null, "N03_004": "糸島市", "N03_005": null, "N03_007": "40230", "city": "糸島市" }, "geometry": null },
{ "type": "Feature", "properties": { "N03_001": "福岡県", "N03_002": null, "N03_003": null, "N03_004": "糸島市", "N03_005": null, "N03_007": "40230", "city": "糸島市" }, "geometry": null },
{ "type": "Feature", "properties": { "N03_001": "福岡県", "N03_002": null, "N03_003": null, "N03_004": "糸島市", "N03_005": null, "N03_007": "40230", "city": "糸島市" }, "geometry": null },
{ "type": "Feature", "properties": { "N03_001": "福岡県", "N03_002": null, "N03_003": null, "N03_004": "糸島市", "N03_005": null, "N03_007": "40230", "city": "糸島市" }, "geometry": null },
{ "type": "Feature", "properties": { "N03_001": "福岡県", "N03_002": null, "N03_003": null, "N03_004": "糸島市", "N03_005": null, "N03_007": "40230", "city": "糸島市" }, "geometry": null },
{ "type": "Feature", "properties": { "N03_001": "福岡県", "N03_002": null, "N03_003": null, "N03_004": "糸島市", "N03_005": null, "N03_007": "40230", "city": "糸島市" }, "geometry": null },
{ "type": "Feature", "properties": { "N03_001": "福岡県", "N03_002": null, "N03_003": null, "N03_004": "糸島市", "N03_005": null, "N03_007": "40230", "city": "糸島市" }, "geometry": null },
{ "type": "Feature", "properties": { "N03_001": "福岡県", "N03_002": null, "N03_003": null, "N03_004": "糸島市", "N03_005": null, "N03_007": "40230", "city": "糸島市" }, "geometry": null },
{ "type": "Feature", "properties": { "N03_001": "福岡県", "N03_002": null, "N03_003": null, "N03_004": "糸島市", "N03_005": null, "N03_007": "40230", "city": "糸島市" }, "geometry": null },
{ "type": "Feature", "properties": { "N03_001": "福岡県", "N03_002": null, "N03_003": null, "N03_004": "糸島市", "N03_005": null, "N03_007": "40230", "city": "糸島市" }, "geometry": null },
{ "type": "Feature", "properties": { "N03_001": "福岡県", "N03_002": null, "N03_003": null, "N03_004": "糸島市", "N03_005": null, "N03_007": "40230", "city": "糸島市" }, "geometry": null },
{ "type": "Feature", "properties": { "N03_001": "福岡県", "N03_002": null, "N03_003": null, "N03_004": "糸島市", "N03_005": null, "N03_007": "40230", "city": "糸島市" }, "geometry": null },
{ "type": "Feature", "properties": { "N03_001": "福岡県", "N03_002": null, "N03_003": null, "N03_004": "糸島市", "N03_005": null, "N03_007": "40230", "city": "糸島市" }, "geometry": null },
{ "type": "Feature", "properties": { "N03_001": "福岡県", "N03_002": null, "N03_003": null, "N03_004": "糸島市", "N03_005": null, "N03_007": "40230", "city": "糸島市" }, "geometry": null },
{ "type": "Feature", "properties": { "N03_001": "福岡県", "N03_002": null, "N03_003": null, "N03_004": "糸島市", "N03_005": null, "N03_007": "40230", "city": "糸島市" }, "geometry": null },
{ "type": "Feature", "properties": { "N03_001": "福岡県", "N03_002": null, "N03_003": null, "N03_004": "糸島市", "N03_005": null, "N03_007": "40230", "city": "糸島市" }, "geometry": null },
{ "type": "Feature", "properties": { "N03_001": "福岡県", "N03_002": null, "N03_003": null, "N03_004": "糸島市", "N03_005": null, "N03_007": "40230", "city": "糸島市" }, "geometry": null },
{ "type": "Feature", "properties": { "N03_001": "福岡県", "N03_002": null, "N03_003": null, "N03_004": "糸島市", "N03_005": null, "N03_007": "40230", "city": "糸島市" }, "geometry": null },
{ "type": "Feature", "properties": { "N03_001": "福岡県", "N03_002": null, "N03_003": null, "N03_004": "糸島市", "N03_005": null, "N03_007": "40230", "city": "糸島市" }, "geometry": null },
{ "type": "Feature", "properties": { "N03_001": "福岡県", "N03_002": null, "N03_003": null, "N03_004": "糸島市", "N03_005": null, "N03_007": "40230", "city": "糸島市" }, "geometry": null },
{ "type": "Feature", "properties": { "N03_001": "福岡県", "N03_002": null, "N03_003": null, "N03_004": "糸島市", "N03_005": null, "N03_007": "40230", "city": "糸島市" }, "geometry": null },
{ "type": "Feature", "properties": { "N03_001": "福岡県", "N03_002": null, "N03_003": null, "N03_004": "糸島市", "N03_005": null, "N03_007": "40230", "city": "糸島市" }, "geometry": null },
{ "type": "Feature", "properties": { "N03_001": "福岡県", "N03_002": null, "N03_003": null, "N03_004": "糸島市", "N03_005": null, "N03_007": "40230", "city": "糸島市" }, "geometry": null },
{ "type": "Feature", "properties": { "N03_001": "福岡県", "N03_002": null, "N03_003": null, "N03_004": "糸島市", "N03_005": null, "N03_007": "40230", "city": "糸島市" }, "geometry": null },
{ "type": "Feature", "properties": { "N03_001": "福岡県", "N03_002": null, "N03_003": null, "N03_004": "糸島市", "N03_005": null, "N03_007": "40230", "city": "糸島市" }, "geometry": null },
{ "type": "Feature", "properties": { "N03_001": "福岡県", "N03_002": null, "N03_003": null, "N03_004": "糸島市", "N03_005": null, "N03_007": "40230", "city": "糸島市" }, "geometry": null },
{ "type": "Feature", "properties": { "N03_001": "福岡県", "N03_002": null, "N03_003": null, "N03_004": "糸島市", "N03_005": null, "N03_007": "40230", "city": "糸島市" }, "geometry": null },
{ "type": "Feature", "properties": { "N03_001": "福岡県", "N03_002": null, "N03_003": null, "N03_004": "糸島市", "N03_005": null, "N03_007": "40230", "city": "糸島市" }, "geometry": null },
{ "type": "Feature", "properties": { "N03_001": "福岡県", "N03_002": null, "N03_003": null, "N03_004": "糸島市", "N03_005": null, "N03_007": "40230", "city": "糸島市" }, "geometry": null },
{ "type": "Feature", "properties": { "N03_001": "福岡県", "N03_002": null, "N03_003": null, "N03_004": "糸島市", "N03_005": null, "N03_007": "40230", "city": "糸島市" }, "geometry": null },
{ "type": "Feature", "properties": { "N03_001": "福岡県", "N03_002": null, "N03_003": null, "N03_004": "糸島市", "N03_005": null, "N03_007": "40230", "city": "糸島市" }, "geometry": null },
{ "type": "Feature", "properties": { "N03_001": "福岡県", "N03_002": null, "N03_003": null, "N03_004": "糸島市", "N03_005": null, "N03_007": "40230", "city": "糸島市" }, "geometry": null },
{ "type": "Feature", "properties": { "N03_001": "福岡県", "N03_002": null, "N03_003": null, "N03_004": "糸島市", "N03_005": null, "N03_007": "40230", "city": "糸島市" }, "geometry": null },
{ "type": "Feature", "properties": { "N03_001": "福岡県", "N03_002": null, "N03_003": null, "N03_004": "糸島市", "N03_005": null, "N03_007": "40230", "city": "糸島市" }, "geometry": null },
{ "type": "Feature", "properties": { "N03_001": "福岡県", "N03_002": null, "N03_003": null, "N03_004": "糸島市", "N03_005": null, "N03_007": "40230", "city": "糸島市" }, "geometry": null },
{ "type": "Feature", "properties": { "N03_001": "福岡県", "N03_002": null, "N03_003": null, "N03_004": "糸島市", "N03_005": null, "N03_007": "40230", "city": "糸島市" }, "geometry": null },
{ "type": "Feature", "properties": { "N03_001": "福岡県", "N03_002": null, "N03_003": null, "N03_004": "糸島市", "N03_005": null, "N03_007": "40230", "city": "糸島市" }, "geometry": null },
{ "type": "Feature", "properties": { "N03_001": "福岡県", "N03_002": null, "N03_003": null, "N03_004": "糸島市", "N03_005": null, "N03_007": "40230", "city": "糸島市" }, "geometry": null },
{ "type": "Feature", "properties": { "N03_001": "福岡県", "N03_002": null, "N03_003": null, "N03_004": "糸島市", "N03_005": null, "N03_007": "40230", "city": "糸島市" }, "geometry": null },
{ "type": "Feature", "properties": { "N03_001": "福岡県", "N03_002": null, "N03_003": null, "N03_004": "糸島市", "N03_005": null, "N03_007": "40230", "city": "糸島市" }, "geometry": null },
{ "type": "Feature", "properties": { "N03_001": "福岡県", "N03_002": null, "N03_003": null, "N03_004": "糸島市", "N03_005": null, "N03_007": "40230", "city": "糸島市" }, "geometry": null },
{ "type": "Feature", "properties": { "N03_001": "福岡県", "N03_002": null, "N03_003": null, "N03_004": "糸島市", "N03_005": null, "N03_007": "40230", "city": "糸島市" }, "geometry": null },
{ "type": "Feature", "properties": { "N03_001": "福岡県", "N03_002": null, "N03_003": null, "N03_004": "糸島市", "N03_005": null, "N03_007": "40230", "city": "糸島市" }, "geometry": null },
{ "type": "Feature", "properties": { "N03_001": "福岡県", "N03_002": null, "N03_003": null, "N03_004": "糸島市", "N03_005": null, "N03_007": "40230", "city": "糸島市" }, "geometry": null },
{ "type": "Feature", "properties": { "N03_001": "福岡県", "N03_002": null, "N03_003": null, "N03_004": "糸島市", "N03_005": null, "N03_007": "40230", "city": "糸島市" }, "geometry": null },
{ "type": "Feature", "properties": { "N03_001": "福岡県", "N03_002": null, "N03_003": null, "N03_004": "糸島市", "N03_005": null, "N03_007": "40230", "city": "糸島市" }, "geometry": null },
{ "type": "Feature", "properties": { "N03_001": "福岡県", "N03_002": null, "N03_003": null, "N03_004": "糸島市", "N03_005": null, "N03_007": "40230", "city": "糸島市" }, "geometry": null },
{ "type": "Feature", "properties": { "N03_001": "福岡県", "N03_002": null, "N03_003": null, "N03_004": "糸島市", "N03_005": null, "N03_007": "40230", "city": "糸島市" }, "geometry": null },
{ "type": "Feature", "properties": { "N03_001": "福岡県", "N03_002": null, "N03_003": null, "N03_004": "糸島市", "N03_005": null, "N03_007": "40230", "city": "糸島市" }, "geometry": null },
{ "type": "Feature", "properties": { "N03_001": "福岡県", "N03_002": null, "N03_003": null, "N03_004": "糸島市", "N03_005": null, "N03_007": "40230", "city": "糸島市" }, "geometry": null },
{ "type": "Feature", "properties": { "N03_001": "福岡県", "N03_002": null, "N03_003": null, "N03_004": "糸島市", "N03_005": null, "N03_007": "40230", "city": "糸島市" }, "geometry": null },
{ "type": "Feature", "properties": { "N03_001": "福岡県", "N03_002": null, "N03_003": null, "N03_004": "糸島市", "N03_005": null, "N03_007": "40230", "city": "糸島市" }, "geometry": null },
{ "type": "Feature", "properties": { "N03_001": "福岡県", "N03_002": null, "N03_003": null, "N03_004": "糸島市", "N03_005": null, "N03_007": "40230", "city": "糸島市" }, "geometry": null },
{ "type": "Feature", "properties": { "N03_001": "福岡県", "N03_002": null, "N03_003": null, "N03_004": "糸島市", "N03_005": null, "N03_007": "40230", "city": "糸島市" }, "geometry": null },
{ "type": "Feature", "properties": { "N03_001": "福岡県", "N03_002": null, "N03_003": null, "N03_004": "糸島市", "N03_005": null, "N03_007": "40230", "city": "糸島市" }, "geometry": null },
{ "type": "Feature", "properties": { "N03_001": "福岡県", "N03_002": null, "N03_003": null, "N03_004": "糸島市", "N03_005": null, "N03_007": "40230", "city": "糸島市" }, "geometry": null },
{ "type": "Feature", "properties": { "N03_001": "福岡県", "N03_002": null, "N03_003": null, "N03_004": "糸島市", "N03_005": null, "N03_007": "40230", "city": "糸島市" }, "geometry": null },
{ "type": "Feature", "properties": { "N03_001": "福岡県", "N03_002": null, "N03_003": null, "N03_004": "糸島市", "N03_005": null, "N03_007": "40230", "city": "糸島市" }, "geometry": null },
{ "type": "Feature", "properties": { "N03_001": "福岡県", "N03_002": null, "N03_003": null, "N03_004": "糸島市", "N03_005": null, "N03_007": "40230", "city": "糸島市" }, "geometry": null },
{ "type": "Feature", "properties": { "N03_001": "福岡県", "N03_002": null, "N03_003": null, "N03_004": "糸島市", "N03_005": null, "N03_007": "40230", "city": "糸島市" }, "geometry": null },
{ "type": "Feature", "properties": { "N03_001": "福岡県", "N03_002": null, "N03_003": null, "N03_004": "糸島市", "N03_005": null, "N03_007": "40230", "city": "糸島市" }, "geometry": null },
{ "type": "Feature", "properties": { "N03_001": "福岡県", "N03_002": null, "N03_003": null, "N03_004": "糸島市", "N03_005": null, "N03_007": "40230", "city": "糸島市" }, "geometry": null },
{ "type": "Feature", "properties": { "N03_001": "福岡県", "N03_002": null, "N03_003": null, "N03_004": "糸島市", "N03_005": null, "N03_007": "40230", "city": "糸島市" }, "geometry": null },
{ "type": "Feature", "properties": { "N03_001": "福岡県", "N03_002": null, "N03_003": null, "N03_004": "糸島市", "N03_005": null, "N03_007": "40230", "city": "糸島市" }, "geometry": null },
{ "type": "Feature", "properties": { "N03_001": "福岡県", "N03_002": null, "N03_003": null, "N03_004": "糸島市", "N03_005": null, "N03_007": "40230", "city": "糸島市" }, "geometry": null },
{ "type": "Feature", "properties": { "N03_001": "福岡県", "N03_002": null, "N03_003": null, "N03_004": "糸島市", "N03_005": null, "N03_007": "40230", "city": "糸島市" }, "geometry": null },
{ "type": "Feature", "properties": { "N03_001": "福岡県", "N03_002": null, "N03_003": null, "N03_004": "糸島市", "N03_005": null, "N03_007": "40230", "city": "糸島市" }, "geometry": null },
{ "type": "Feature", "properties": { "N03_001": "福岡県", "N03_002": null, "N03_003": null, "N03_004": "糸島市", "N03_005": null, "N03_007": "40230", "city": "糸島市" }, "geometry": null },
{ "type": "Feature", "properties": { "N03_001": "福岡県", "N03_002": null, "N03_003": null, "N03_004": "糸島市", "N03_005": null, "N03_007": "40230", "city": "糸島市" }, "geometry": null },
{ "type": "Feature", "properties": { "N03_001": "福岡県", "N03_002": null, "N03_003": null, "N03_004": "糸島市", "N03_005": null, "N03_007": "40230", "city": "糸島市" }, "geometry": null },
{ "type": "Feature", "properties": { "N03_001": "福岡県", "N03_002": null, "N03_003": null, "N03_004": "糸島市", "N03_005": null, "N03_007": "40230", "city": "糸島市" }, "geometry": null },
{ "type": "Feature", "properties": { "N03_001": "福岡県", "N03_002": null, "N03_003": null, "N03_004": "糸島市", "N03_005": null, "N03_007": "40230", "city": "糸島市" }, "geometry": null },
{ "type": "Feature", "properties": { "N03_001": "福岡県", "N03_002": null, "N03_003": null, "N03_004": "糸島市", "N03_005": null, "N03_007": "40230", "city": "糸島市" }, "geometry": null },
{ "type": "Feature", "properties": { "N03_001": "福岡県", "N03_002": null, "N03_003": null, "N03_004": "糸島市", "N03_005": null, "N03_007": "40230", "city": "糸島市" }, "geometry": null },
{ "type": "Feature", "properties": { "N03_001": "福岡県", "N03_002": null, "N03_003": null, "N03_004": "糸島市", "N03_005": null, "N03_007": "40230", "city": "糸島市" }, "geometry": null },
{ "type": "Feature", "properties": { "N03_001": "福岡県", "N03_002": null, "N03_003": null, "N03_004": "糸島市", "N03_005": null, "N03_007": "40230", "city": "糸島市" }, "geometry": null },
{ "type": "Feature", "properties": { "N03_001": "福岡県", "N03_002": null, "N03_003": null, "N03_004": "糸島市", "N03_005": null, "N03_007": "40230", "city": "糸島市" }, "geometry": null },
{ "type": "Feature", "properties": { "N03_001": "福岡県", "N03_002": null, "N03_003": null, "N03_004": "糸島市", "N03_005": null, "N03_007": "40230", "city": "糸島市" }, "geometry": null },
{ "type": "Feature", "properties": { "N03_001": "福岡県", "N03_002": null, "N03_003": null, "N03_004": "糸島市", "N03_005": null, "N03_007": "40230", "city": "糸島市" }, "geometry": null },
{ "type": "Feature", "properties": { "N03_001": "福岡県", "N03_002": null, "N03_003": null, "N03_004": "糸島市", "N03_005": null, "N03_007": "40230", "city": "糸島市" }, "geometry": null },
{ "type": "Feature", "properties": { "N03_001": "福岡県", "N03_002": null, "N03_003": null, "N03_004": "糸島市", "N03_005": null, "N03_007": "40230", "city": "糸島市" }, "geometry": null },
{ "type": "Feature", "properties": { "N03_001": "福岡県", "N03_002": null, "N03_003": null, "N03_004": "糸島市", "N03_005": null, "N03_007": "40230", "city": "糸島市" }, "geometry": null },
{ "type": "Feature", "properties": { "N03_001": "福岡県", "N03_002": null, "N03_003": null, "N03_004": "糸島市", "N03_005": null, "N03_007": "40230", "city": "糸島市" }, "geometry": null },
{ "type": "Feature", "properties": { "N03_001": "福岡県", "N03_002": null, "N03_003": null, "N03_004": "糸島市", "N03_005": null, "N03_007": "40230", "city": "糸島市" }, "geometry": null },
{ "type": "Feature", "properties": { "N03_001": "福岡県", "N03_002": null, "N03_003": null, "N03_004": "糸島市", "N03_005": null, "N03_007": "40230", "city": "糸島市" }, "geometry": null },
{ "type": "Feature", "properties": { "N03_001": "福岡県", "N03_002": null, "N03_003": null, "N03_004": "糸島市", "N03_005": null, "N03_007": "40230", "city": "糸島市" }, "geometry": null },
{ "type": "Feature", "properties": { "N03_001": "福岡県", "N03_002": null, "N03_003": null, "N03_004": "糸島市", "N03_005": null, "N03_007": "40230", "city": "糸島市" }, "geometry": null },
{ "type": "Feature", "properties": { "N03_001": "福岡県", "N03_002": null, "N03_003": null, "N03_004": "糸島市", "N03_005": null, "N03_007": "40230", "city": "糸島市" }, "geometry": null },
{ "type": "Feature", "properties": { "N03_001": "福岡県", "N03_002": null, "N03_003": null, "N03_004": "糸島市", "N03_005": null, "N03_007": "40230", "city": "糸島市" }, "geometry": null },
{ "type": "Feature", "properties": { "N03_001": "福岡県", "N03_002": null, "N03_003": null, "N03_004": "糸島市", "N03_005": null, "N03_007": "40230", "city": "糸島市" }, "geometry": null },
{ "type": "Feature", "properties": { "N03_001": "福岡県", "N03_002": null, "N03_003": null, "N03_004": "糸島市", "N03_005": null, "N03_007": "40230", "city": "糸島市" }, "geometry": null },
{ "type": "Feature", "properties": { "N03_001": "福岡県", "N03_002": null, "N03_003": null, "N03_004": "糸島市", "N03_005": null, "N03_007": "40230", "city": "糸島市" }, "geometry": null },
{ "type": "Feature", "properties": { "N03_001": "福岡県", "N03_002": null, "N03_003": null, "N03_004": "糸島市", "N03_005": null, "N03_007": "40230", "city": "糸島市" }, "geometry": null },
{ "type": "Feature", "properties": { "N03_001": "福岡県", "N03_002": null, "N03_003": null, "N03_004": "糸島市", "N03_005": null, "N03_007": "40230", "city": "糸島市" }, "geometry": null },
{ "type": "Feature", "properties": { "N03_001": "福岡県", "N03_002": null, "N03_003": null, "N03_004": "糸島市", "N03_005": null, "N03_007": "40230", "city": "糸島市" }, "geometry": null },
{ "type": "Feature", "properties": { "N03_001": "福岡県", "N03_002": null, "N03_003": null, "N03_004": "糸島市", "N03_005": null, "N03_007": "40230", "city": "糸島市" }, "geometry": null },
{ "type": "Feature", "properties": { "N03_001": "福岡県", "N03_002": null, "N03_003": null, "N03_004": "糸島市", "N03_005": null, "N03_007": "40230", "city": "糸島市" }, "geometry": null },
{ "type": "Feature", "properties": { "N03_001": "福岡県", "N03_002": null, "N03_003": null, "N03_004": "糸島市", "N03_005": null, "N03_007": "40230", "city": "糸島市" }, "geometry": null },
{ "type": "Feature", "properties": { "N03_001": "福岡県", "N03_002": null, "N03_003": null, "N03_004": "糸島市", "N03_005": null, "N03_007": "40230", "city": "糸島市" }, "geometry": null },
{ "type": "Feature", "properties": { "N03_001": "福岡県", "N03_002": null, "N03_003": null, "N03_004": "糸島市", "N03_005": null, "N03_007": "40230", "city": "糸島市" }, "geometry": null },
{ "type": "Feature", "properties": { "N03_001": "福岡県", "N03_002": null, "N03_003": null, "N03_004": "糸島市", "N03_005": null, "N03_007": "40230", "city": "糸島市" }, "geometry": null },
{ "type": "Feature", "properties": { "N03_001": "福岡県", "N03_002": null, "N03_003": null, "N03_004": "糸島市", "N03_005": null, "N03_007": "40230", "city": "糸島市" }, "geometry": null },
{ "type": "Feature", "properties": { "N03_001": "福岡県", "N03_002": null, "N03_003": null, "N03_004": "糸島市", "N03_005": null, "N03_007": "40230", "city": "糸島市" }, "geometry": null },
{ "type": "Feature", "properties": { "N03_001": "福岡県", "N03_002": null, "N03_003": null, "N03_004": "糸島市", "N03_005": null, "N03_007": "40230", "city": "糸島市" }, "geometry": null },
{ "type": "Feature", "properties": { "N03_001": "福岡県", "N03_002": null, "N03_003": null, "N03_004": "糸島市", "N03_005": null, "N03_007": "40230", "city": "糸島市" }, "geometry": null },
{ "type": "Feature", "properties": { "N03_001": "福岡県", "N03_002": null, "N03_003": null, "N03_004": "糸島市", "N03_005": null, "N03_007": "40230", "city": "糸島市" }, "geometry": null },
{ "type": "Feature", "properties": { "N03_001": "福岡県", "N03_002": null, "N03_003": null, "N03_004": "糸島市", "N03_005": null, "N03_007": "40230", "city": "糸島市" }, "geometry": null },
{ "type": "Feature", "properties": { "N03_001": "福岡県", "N03_002": null, "N03_003": null, "N03_004": "糸島市", "N03_005": null, "N03_007": "40230", "city": "糸島市" }, "geometry": null },
{ "type": "Feature", "properties": { "N03_001": "福岡県", "N03_002": null, "N03_003": null, "N03_004": "糸島市", "N03_005": null, "N03_007": "40230", "city": "糸島市" }, "geometry": null },
{ "type": "Feature", "properties": { "N03_001": "福岡県", "N03_002": null, "N03_003": null, "N03_004": "糸島市", "N03_005": null, "N03_007": "40230", "city": "糸島市" }, "geometry": null },
{ "type": "Feature", "properties": { "N03_001": "福岡県", "N03_002": null, "N03_003": null, "N03_004": "糸島市", "N03_005": null, "N03_007": "40230", "city": "糸島市" }, "geometry": null },
{ "type": "Feature", "properties": { "N03_001": "福岡県", "N03_002": null, "N03_003": null, "N03_004": "糸島市", "N03_005": null, "N03_007": "40230", "city": "糸島市" }, "geometry": null },
{ "type": "Feature", "properties": { "N03_001": "福岡県", "N03_002": null, "N03_003": null, "N03_004": "糸島市", "N03_005": null, "N03_007": "40230", "city": "糸島市" }, "geometry": null },
{ "type": "Feature", "properties": { "N03_001": "福岡県", "N03_002": null, "N03_003": null, "N03_004": "糸島市", "N03_005": null, "N03_007": "40230", "city": "糸島市" }, "geometry": null },
{ "type": "Feature", "properties": { "N03_001": "福岡県", "N03_002": null, "N03_003": null, "N03_004": "糸島市", "N03_005": null, "N03_007": "40230", "city": "糸島市" }, "geometry": null },
{ "type": "Feature", "properties": { "N03_001": "福岡県", "N03_002": null, "N03_003": null, "N03_004": "糸島市", "N03_005": null, "N03_007": "40230", "city": "糸島市" }, "geometry": null },
{ "type": "Feature", "properties": { "N03_001": "福岡県", "N03_002": null, "N03_003": null, "N03_004": "糸島市", "N03_005": null, "N03_007": "40230", "city": "糸島市" }, "geometry": null },
{ "type": "Feature", "properties": { "N03_001": "福岡県", "N03_002": null, "N03_003": null, "N03_004": "糸島市", "N03_005": null, "N03_007": "40230", "city": "糸島市" }, "geometry": null },
{ "type": "Feature", "properties": { "N03_001": "福岡県", "N03_002": null, "N03_003": null, "N03_004": "糸島市", "N03_005": null, "N03_007": "40230", "city": "糸島市" }, "geometry": null },
{ "type": "Feature", "properties": { "N03_001": "福岡県", "N03_002": null, "N03_003": null, "N03_004": "糸島市", "N03_005": null, "N03_007": "40230", "city": "糸島市" }, "geometry": null },
{ "type": "Feature", "properties": { "N03_001": "福岡県", "N03_002": null, "N03_003": null, "N03_004": "糸島市", "N03_005": null, "N03_007": "40230", "city": "糸島市" }, "geometry": null },
{ "type": "Feature", "properties": { "N03_001": "福岡県", "N03_002": null, "N03_003": null, "N03_004": "糸島市", "N03_005": null, "N03_007": "40230", "city": "糸島市" }, "geometry": null },
{ "type": "Feature", "properties": { "N03_001": "福岡県", "N03_002": null, "N03_003": null, "N03_004": "糸島市", "N03_005": null, "N03_007": "40230", "city": "糸島市" }, "geometry": null },
{ "type": "Feature", "properties": { "N03_001": "福岡県", "N03_002": null, "N03_003": null, "N03_004": "糸島市", "N03_005": null, "N03_007": "40230", "city": "糸島市" }, "geometry": null },
{ "type": "Feature", "properties": { "N03_001": "福岡県", "N03_002": null, "N03_003": null, "N03_004": "糸島市", "N03_005": null, "N03_007": "40230", "city": "糸島市" }, "geometry": null },
{ "type": "Feature", "properties": { "N03_001": "福岡県", "N03_002": null, "N03_003": null, "N03_004": "糸島市", "N03_005": null, "N03_007": "40230", "city": "糸島市" }, "geometry": null },
{ "type": "Feature", "properties": { "N03_001": "福岡県", "N03_002": null, "N03_003": null, "N03_004": "糸島市", "N03_005": null, "N03_007": "40230", "city": "糸島市" }, "geometry": null },
{ "type": "Feature", "properties": { "N03_001": "福岡県", "N03_002": null, "N03_003": null, "N03_004": "糸島市", "N03_005": null, "N03_007": "40230", "city": "糸島市" }, "geometry": null },
{ "type": "Feature", "properties": { "N03_001": "福岡県", "N03_002": null, "N03_003": null, "N03_004": "糸島市", "N03_005": null, "N03_007": "40230", "city": "糸島市" }, "geometry": null },
{ "type": "Feature", "properties": { "N03_001": "福岡県", "N03_002": null, "N03_003": null, "N03_004": "糸島市", "N03_005": null, "N03_007": "40230", "city": "糸島市" }, "geometry": null },
{ "type": "Feature", "properties": { "N03_001": "福岡県", "N03_002": null, "N03_003": null, "N03_004": "糸島市", "N03_005": null, "N03_007": "40230", "city": "糸島市" }, "geometry": null },
{ "type": "Feature", "properties": { "N03_001": "福岡県", "N03_002": null, "N03_003": null, "N03_004": "糸島市", "N03_005": null, "N03_007": "40230", "city": "糸島市" }, "geometry": null },
{ "type": "Feature", "properties": { "N03_001": "福岡県", "N03_002": null, "N03_003": null, "N03_004": "糸島市", "N03_005": null, "N03_007": "40230", "city": "糸島市" }, "geometry": null },
{ "type": "Feature", "properties": { "N03_001": "福岡県", "N03_002": null, "N03_003": null, "N03_004": "糸島市", "N03_005": null, "N03_007": "40230", "city": "糸島市" }, "geometry": null },
{ "type": "Feature", "properties": { "N03_001": "福岡県", "N03_002": null, "N03_003": null, "N03_004": "糸島市", "N03_005": null, "N03_007": "40230", "city": "糸島市" }, "geometry": null },
{ "type": "Feature", "properties": { "N03_001": "福岡県", "N03_002": null, "N03_003": null, "N03_004": "糸島市", "N03_005": null, "N03_007": "40230", "city": "糸島市" }, "geometry": null },
{ "type": "Feature", "properties": { "N03_001": "福岡県", "N03_002": null, "N03_003": null, "N03_004": "糸島市", "N03_005": null, "N03_007": "40230", "city": "糸島市" }, "geometry": null },
{ "type": "Feature", "properties": { "N03_001": "福岡県", "N03_002": null, "N03_003": null, "N03_004": "糸島市", "N03_005": null, "N03_007": "40230", "city": "糸島市" }, "geometry": null },
{ "type": "Feature", "properties": { "N03_001": "福岡県", "N03_002": null, "N03_003": null, "N03_004": "糸島市", "N03_005": null, "N03_007": "40230", "city": "糸島市" }, "geometry": null },
{ "type": "Feature", "properties": { "N03_001": "福岡県", "N03_002": null, "N03_003": null, "N03_004": "糸島市", "N03_005": null, "N03_007": "40230", "city": "糸島市" }, "geometry": null },
{ "type": "Feature", "properties": { "N03_001": "福岡県", "N03_002": null, "N03_003": null, "N03_004": "糸島市", "N03_005": null, "N03_007": "40230", "city": "糸島市" }, "geometry": null },
{ "type": "Feature", "properties": { "N03_001": "福岡県", "N03_002": null, "N03_003": null, "N03_004": "糸島市", "N03_005": null, "N03_007": "40230", "city": "糸島市" }, "geometry": null },
{ "type": "Feature", "properties": { "N03_001": "福岡県", "N03_002": null, "N03_003": null, "N03_004": "糸島市", "N03_005": null, "N03_007": "40230", "city": "糸島市" }, "geometry": null },
{ "type": "Feature", "properties": { "N03_001": "福岡県", "N03_002": null, "N03_003": null, "N03_004": "糸島市", "N03_005": null, "N03_007": "40230", "city": "糸島市" }, "geometry": null },
{ "type": "Feature", "properties": { "N03_001": "福岡県", "N03_002": null, "N03_003": null, "N03_004": "糸島市", "N03_005": null, "N03_007": "40230", "city": "糸島市" }, "geometry": null },
{ "type": "Feature", "properties": { "N03_001": "福岡県", "N03_002": null, "N03_003": null, "N03_004": "糸島市", "N03_005": null, "N03_007": "40230", "city": "糸島市" }, "geometry": null },
{ "type": "Feature", "properties": { "N03_001": "福岡県", "N03_002": null, "N03_003": null, "N03_004": "糸島市", "N03_005": null, "N03_007": "40230", "city": "糸島市" }, "geometry": null },
{ "type": "Feature", "properties": { "N03_001": "福岡県", "N03_002": null, "N03_003": null, "N03_004": "糸島市", "N03_005": null, "N03_007": "40230", "city": "糸島市" }, "geometry": null },
{ "type": "Feature", "properties": { "N03_001": "福岡県", "N03_002": null, "N03_003": null, "N03_004": "糸島市", "N03_005": null, "N03_007": "40230", "city": "糸島市" }, "geometry": null },
{ "type": "Feature", "properties": { "N03_001": "福岡県", "N03_002": null, "N03_003": null, "N03_004": "糸島市", "N03_005": null, "N03_007": "40230", "city": "糸島市" }, "geometry": null },
{ "type": "Feature", "properties": { "N03_001": "福岡県", "N03_002": null, "N03_003": null, "N03_004": "糸島市", "N03_005": null, "N03_007": "40230", "city": "糸島市" }, "geometry": null },
{ "type": "Feature", "properties": { "N03_001": "福岡県", "N03_002": null, "N03_003": null, "N03_004": "糸島市", "N03_005": null, "N03_007": "40230", "city": "糸島市" }, "geometry": null },
{ "type": "Feature", "properties": { "N03_001": "福岡県", "N03_002": null, "N03_003": null, "N03_004": "糸島市", "N03_005": null, "N03_007": "40230", "city": "糸島市" }, "geometry": null },
{ "type": "Feature", "properties": { "N03_001": "福岡県", "N03_002": null, "N03_003": null, "N03_004": "糸島市", "N03_005": null, "N03_007": "40230", "city": "糸島市" }, "geometry": null },
{ "type": "Feature", "properties": { "N03_001": "福岡県", "N03_002": null, "N03_003": null, "N03_004": "糸島市", "N03_005": null, "N03_007": "40230", "city": "糸島市" }, "geometry": null },
{ "type": "Feature", "properties": { "N03_001": "福岡県", "N03_002": null, "N03_003": null, "N03_004": "糸島市", "N03_005": null, "N03_007": "40230", "city": "糸島市" }, "geometry": null },
{ "type": "Feature", "properties": { "N03_001": "福岡県", "N03_002": null, "N03_003": null, "N03_004": "糸島市", "N03_005": null, "N03_007": "40230", "city": "糸島市" }, "geometry": null },
{ "type": "Feature", "properties": { "N03_001": "福岡県", "N03_002": null, "N03_003": null, "N03_004": "糸島市", "N03_005": null, "N03_007": "40230", "city": "糸島市" }, "geometry": null },
{ "type": "Feature", "properties": { "N03_001": "福岡県", "N03_002": null, "N03_003": null, "N03_004": "糸島市", "N03_005": null, "N03_007": "40230", "city": "糸島市" }, "geometry": null },
{ "type": "Feature", "properties": { "N03_001": "福岡県", "N03_002": null, "N03_003": null, "N03_004": "糸島市", "N03_005": null, "N03_007": "40230", "city": "糸島市" }, "geometry": null },
{ "type": "Feature", "properties": { "N03_001": "福岡県", "N03_002": null, "N03_003": null, "N03_004": "糸島市", "N03_005": null, "N03_007": "40230", "city": "糸島市" }, "geometry": null },
{ "type": "Feature", "properties": { "N03_001": "福岡県", "N03_002": null, "N03_003": null, "N03_004": "糸島市", "N03_005": null, "N03_007": "40230", "city": "糸島市" }, "geometry": null },
{ "type": "Feature", "properties": { "N03_001": "福岡県", "N03_002": null, "N03_003": null, "N03_004": "糸島市", "N03_005": null, "N03_007": "40230", "city": "糸島市" }, "geometry": null },
{ "type": "Feature", "properties": { "N03_001": "福岡県", "N03_002": null, "N03_003": null, "N03_004": "糸島市", "N03_005": null, "N03_007": "40230", "city": "糸島市" }, "geometry": null },
{ "type": "Feature", "properties": { "N03_001": "福岡県", "N03_002": null, "N03_003": null, "N03_004": "糸島市", "N03_005": null, "N03_007": "40230", "city": "糸島市" }, "geometry": null },
{ "type": "Feature", "properties": { "N03_001": "福岡県", "N03_002": null, "N03_003": null, "N03_004": "糸島市", "N03_005": null, "N03_007": "40230", "city": "糸島市" }, "geometry": null },
{ "type": "Feature", "properties": { "N03_001": "福岡県", "N03_002": null, "N03_003": null, "N03_004": "糸島市", "N03_005": null, "N03_007": "40230", "city": "糸島市" }, "geometry": null },
{ "type": "Feature", "properties": { "N03_001": "福岡県", "N03_002": null, "N03_003": null, "N03_004": "糸島市", "N03_005": null, "N03_007": "40230", "city": "糸島市" }, "geometry": null },
{ "type": "Feature", "properties": { "N03_001": "福岡県", "N03_002": null, "N03_003": null, "N03_004": "糸島市", "N03_005": null, "N03_007": "40230", "city": "糸島市" }, "geometry": null },
{ "type": "Feature", "properties": { "N03_001": "福岡県", "N03_002": null, "N03_003": null, "N03_004": "糸島市", "N03_005": null, "N03_007": "40230", "city": "糸島市" }, "geometry": null },
{ "type": "Feature", "properties": { "N03_001": "福岡県", "N03_002": null, "N03_003": null, "N03_004": "糸島市", "N03_005": null, "N03_007": "40230", "city": "糸島市" }, "geometry": null },
{ "type": "Feature", "properties": { "N03_001": "福岡県", "N03_002": null, "N03_003": null, "N03_004": "糸島市", "N03_005": null, "N03_007": "40230", "city": "糸島市" }, "geometry": null },
{ "type": "Feature", "properties": { "N03_001": "福岡県", "N03_002": null, "N03_003": null, "N03_004": "糸島市", "N03_005": null, "N03_007": "40230", "city": "糸島市" }, "geometry": null },
{ "type": "Feature", "properties": { "N03_001": "福岡県", "N03_002": null, "N03_003": null, "N03_004": "糸島市", "N03_005": null, "N03_007": "40230", "city": "糸島市" }, "geometry": null },
{ "type": "Feature", "properties": { "N03_001": "福岡県", "N03_002": null, "N03_003": null, "N03_004": "糸島市", "N03_005": null, "N03_007": "40230", "city": "糸島市" }, "geometry": null },
{ "type": "Feature", "properties": { "N03_001": "福岡県", "N03_002": null, "N03_003": null, "N03_004": "糸島市", "N03_005": null, "N03_007": "40230", "city": "糸島市" }, "geometry": null },
{ "type": "Feature", "properties": { "N03_001": "福岡県", "N03_002": null, "N03_003": null, "N03_004": "糸島市", "N03_005": null, "N03_007": "40230", "city": "糸島市" }, "geometry": null },
{ "type": "Feature", "properties": { "N03_001": "福岡県", "N03_002": null, "N03_003": null, "N03_004": "糸島市", "N03_005": null, "N03_007": "40230", "city": "糸島市" }, "geometry": null },
{ "type": "Feature", "properties": { "N03_001": "福岡県", "N03_002": null, "N03_003": null, "N03_004": "糸島市", "N03_005": null, "N03_007": "40230", "city": "糸島市" }, "geometry": null },
{ "type": "Feature", "properties": { "N03_001": "福岡県", "N03_002": null, "N03_003": null, "N03_004": "糸島市", "N03_005": null, "N03_007": "40230", "city": "糸島市" }, "geometry": null },
{ "type": "Feature", "properties": { "N03_001": "福岡県", "N03_002": null, "N03_003": null, "N03_004": "糸島市", "N03_005": null, "N03_007": "40230", "city": "糸島市" }, "geometry": null },
{ "type": "Feature", "properties": { "N03_001": "福岡県", "N03_002": null, "N03_003": null, "N03_004": "糸島市", "N03_005": null, "N03_007": "40230", "city": "糸島市" }, "geometry": null },
{ "type": "Feature", "properties": { "N03_001": "福岡県", "N03_002": null, "N03_003": null, "N03_004": "糸島市", "N03_005": null, "N03_007": "40230", "city": "糸島市" }, "geometry": null },
{ "type": "Feature", "properties": { "N03_001": "福岡県", "N03_002": null, "N03_003": null, "N03_004": "糸島市", "N03_005": null, "N03_007": "40230", "city": "糸島市" }, "geometry": null },
{ "type": "Feature", "properties": { "N03_001": "福岡県", "N03_002": null, "N03_003": null, "N03_004": "糸島市", "N03_005": null, "N03_007": "40230", "city": "糸島市" }, "geometry": null },
{ "type": "Feature", "properties": { "N03_001": "福岡県", "N03_002": null, "N03_003": null, "N03_004": "糸島市", "N03_005": null, "N03_007": "40230", "city": "糸島市" }, "geometry": null },
{ "type": "Feature", "properties": { "N03_001": "福岡県", "N03_002": null, "N03_003": null, "N03_004": "糸島市", "N03_005": null, "N03_007": "40230", "city": "糸島市" }, "geometry": null },
{ "type": "Feature", "properties": { "N03_001": "福岡県", "N03_002": null, "N03_003": null, "N03_004": "糸島市", "N03_005": null, "N03_007": "40230", "city": "糸島市" }, "geometry": null },
{ "type": "Feature", "properties": { "N03_001": "福岡県", "N03_002": null, "N03_003": null, "N03_004": "糸島市", "N03_005": null, "N03_007": "40230", "city": "糸島市" }, "geometry": null },
{ "type": "Feature", "properties": { "N03_001": "福岡県", "N03_002": null, "N03_003": null, "N03_004": "糸島市", "N03_005": null, "N03_007": "40230", "city": "糸島市" }, "geometry": null },
{ "type": "Feature", "properties": { "N03_001": "福岡県", "N03_002": null, "N03_003": null, "N03_004": "糸島市", "N03_005": null, "N03_007": "40230", "city": "糸島市" }, "geometry": null },
{ "type": "Feature", "properties": { "N03_001": "福岡県", "N03_002": null, "N03_003": null, "N03_004": "糸島市", "N03_005": null, "N03_007": "40230", "city": "糸島市" }, "geometry": null },
{ "type": "Feature", "properties": { "N03_001": "福岡県", "N03_002": null, "N03_003": null, "N03_004": "糸島市", "N03_005": null, "N03_007": "40230", "city": "糸島市" }, "geometry": null },
{ "type": "Feature", "properties": { "N03_001": "福岡県", "N03_002": null, "N03_003": null, "N03_004": "糸島市", "N03_005": null, "N03_007": "40230", "city": "糸島市" }, "geometry": null },
{ "type": "Feature", "properties": { "N03_001": "福岡県", "N03_002": null, "N03_003": null, "N03_004": "糸島市", "N03_005": null, "N03_007": "40230", "city": "糸島市" }, "geometry": null },
{ "type": "Feature", "properties": { "N03_001": "福岡県", "N03_002": null, "N03_003": null, "N03_004": "糸島市", "N03_005": null, "N03_007": "40230", "city": "糸島市" }, "geometry": null },
{ "type": "Feature", "properties": { "N03_001": "福岡県", "N03_002": null, "N03_003": null, "N03_004": "糸島市", "N03_005": null, "N03_007": "40230", "city": "糸島市" }, "geometry": null },
{ "type": "Feature", "properties": { "N03_001": "福岡県", "N03_002": null, "N03_003": null, "N03_004": "糸島市", "N03_005": null, "N03_007": "40230", "city": "糸島市" }, "geometry": null },
{ "type": "Feature", "properties": { "N03_001": "福岡県", "N03_002": null, "N03_003": null, "N03_004": "糸島市", "N03_005": null, "N03_007": "40230", "city": "糸島市" }, "geometry": null },
{ "type": "Feature", "properties": { "N03_001": "福岡県", "N03_002": null, "N03_003": null, "N03_004": "糸島市", "N03_005": null, "N03_007": "40230", "city": "糸島市" }, "geometry": null },
{ "type": "Feature", "properties": { "N03_001": "福岡県", "N03_002": null, "N03_003": null, "N03_004": "糸島市", "N03_005": null, "N03_007": "40230", "city": "糸島市" }, "geometry": null },
{ "type": "Feature", "properties": { "N03_001": "福岡県", "N03_002": null, "N03_003": null, "N03_004": "糸島市", "N03_005": null, "N03_007": "40230", "city": "糸島市" }, "geometry": null },
{ "type": "Feature", "properties": { "N03_001": "福岡県", "N03_002": null, "N03_003": null, "N03_004": "糸島市", "N03_005": null, "N03_007": "40230", "city": "糸島市" }, "geometry": null },
{ "type": "Feature", "properties": { "N03_001": "福岡県", "N03_002": null, "N03_003": null, "N03_004": "糸島市", "N03_005": null, "N03_007": "40230", "city": "糸島市" }, "geometry": null },
{ "type": "Feature", "properties": { "N03_001": "福岡県", "N03_002": null, "N03_003": null, "N03_004": "糸島市", "N03_005": null, "N03_007": "40230", "city": "糸島市" }, "geometry": null },
{ "type": "Feature", "properties": { "N03_001": "福岡県", "N03_002": null, "N03_003": null, "N03_004": "糸島市", "N03_005": null, "N03_007": "40230", "city": "糸島市" }, "geometry": null },
{ "type": "Feature", "properties": { "N03_001": "福岡県", "N03_002": null, "N03_003": null, "N03_004": "糸島市", "N03_005": null, "N03_007": "40230", "city": "糸島市" }, "geometry": null },
{ "type": "Feature", "properties": { "N03_001": "福岡県", "N03_002": null, "N03_003": null, "N03_004": "糸島市", "N03_005": null, "N03_007": "40230", "city": "糸島市" }, "geometry": null },
{ "type": "Feature", "properties": { "N03_001": "福岡県", "N03_002": null, "N03_003": null, "N03_004": "糸島市", "N03_005": null, "N03_007": "40230", "city": "糸島市" }, "geometry": null },
{ "type": "Feature", "properties": { "N03_001": "福岡県", "N03_002": null, "N03_003": null, "N03_004": "糸島市", "N03_005": null, "N03_007": "40230", "city": "糸島市" }, "geometry": null },
{ "type": "Feature", "properties": { "N03_001": "福岡県", "N03_002": null, "N03_003": null, "N03_004": "糸島市", "N03_005": null, "N03_007": "40230", "city": "糸島市" }, "geometry": null },
{ "type": "Feature", "properties": { "N03_001": "福岡県", "N03_002": null, "N03_003": null, "N03_004": "糸島市", "N03_005": null, "N03_007": "40230", "city": "糸島市" }, "geometry": null },
{ "type": "Feature", "properties": { "N03_001": "福岡県", "N03_002": null, "N03_003": null, "N03_004": "糸島市", "N03_005": null, "N03_007": "40230", "city": "糸島市" }, "geometry": null },
{ "type": "Feature", "properties": { "N03_001": "福岡県", "N03_002": null, "N03_003": null, "N03_004": "糸島市", "N03_005": null, "N03_007": "40230", "city": "糸島市" }, "geometry": null },
{ "type": "Feature", "properties": { "N03_001": "福岡県", "N03_002": null, "N03_003": null, "N03_004": "糸島市", "N03_005": null, "N03_007": "40230", "city": "糸島市" }, "geometry": null },
{ "type": "Feature", "properties": { "N03_001": "福岡県", "N03_002": null, "N03_003": null, "N03_004": "糸島市", "N03_005": null, "N03_007": "40230", "city": "糸島市" }, "geometry": null },
{ "type": "Feature", "properties": { "N03_001": "福岡県", "N03_002": null, "N03_003": null, "N03_004": "糸島市", "N03_005": null, "N03_007": "40230", "city": "糸島市" }, "geometry": null },
{ "type": "Feature", "properties": { "N03_001": "福岡県", "N03_002": null, "N03_003": null, "N03_004": "糸島市", "N03_005": null, "N03_007": "40230", "city": "糸島市" }, "geometry": null },
{ "type": "Feature", "properties": { "N03_001": "福岡県", "N03_002": null, "N03_003": null, "N03_004": "糸島市", "N03_005": null, "N03_007": "40230", "city": "糸島市" }, "geometry": null },
{ "type": "Feature", "properties": { "N03_001": "福岡県", "N03_002": null, "N03_003": null, "N03_004": "糸島市", "N03_005": null, "N03_007": "40230", "city": "糸島市" }, "geometry": null },
{ "type": "Feature", "properties": { "N03_001": "福岡県", "N03_002": null, "N03_003": null, "N03_004": "糸島市", "N03_005": null, "N03_007": "40230", "city": "糸島市" }, "geometry": null },
{ "type": "Feature", "properties": { "N03_001": "福岡県", "N03_002": null, "N03_003": null, "N03_004": "糸島市", "N03_005": null, "N03_007": "40230", "city": "糸島市" }, "geometry": null },
{ "type": "Feature", "properties": { "N03_001": "福岡県", "N03_002": null, "N03_003": null, "N03_004": "糸島市", "N03_005": null, "N03_007": "40230", "city": "糸島市" }, "geometry": null },
{ "type": "Feature", "properties": { "N03_001": "福岡県", "N03_002": null, "N03_003": null, "N03_004": "糸島市", "N03_005": null, "N03_007": "40230", "city": "糸島市" }, "geometry": null },
{ "type": "Feature", "properties": { "N03_001": "福岡県", "N03_002": null, "N03_003": null, "N03_004": "糸島市", "N03_005": null, "N03_007": "40230", "city": "糸島市" }, "geometry": null },
{ "type": "Feature", "properties": { "N03_001": "福岡県", "N03_002": null, "N03_003": null, "N03_004": "糸島市", "N03_005": null, "N03_007": "40230", "city": "糸島市" }, "geometry": null },
{ "type": "Feature", "properties": { "N03_001": "福岡県", "N03_002": null, "N03_003": null, "N03_004": "糸島市", "N03_005": null, "N03_007": "40230", "city": "糸島市" }, "geometry": null },
{ "type": "Feature", "properties": { "N03_001": "福岡県", "N03_002": null, "N03_003": null, "N03_004": "糸島市", "N03_005": null, "N03_007": "40230", "city": "糸島市" }, "geometry": null },
{ "type": "Feature", "properties": { "N03_001": "福岡県", "N03_002": null, "N03_003": null, "N03_004": "糸島市", "N03_005": null, "N03_007": "40230", "city": "糸島市" }, "geometry": null },
{ "type": "Feature", "properties": { "N03_001": "福岡県", "N03_002": null, "N03_003": null, "N03_004": "糸島市", "N03_005": null, "N03_007": "40230", "city": "糸島市" }, "geometry": null },
{ "type": "Feature", "properties": { "N03_001": "福岡県", "N03_002": null, "N03_003": null, "N03_004": "糸島市", "N03_005": null, "N03_007": "40230", "city": "糸島市" }, "geometry": null },
{ "type": "Feature", "properties": { "N03_001": "福岡県", "N03_002": null, "N03_003": null, "N03_004": "糸島市", "N03_005": null, "N03_007": "40230", "city": "糸島市" }, "geometry": null },
{ "type": "Feature", "properties": { "N03_001": "福岡県", "N03_002": null, "N03_003": null, "N03_004": "糸島市", "N03_005": null, "N03_007": "40230", "city": "糸島市" }, "geometry": null },
{ "type": "Feature", "properties": { "N03_001": "福岡県", "N03_002": null, "N03_003": null, "N03_004": "糸島市", "N03_005": null, "N03_007": "40230", "city": "糸島市" }, "geometry": null },
{ "type": "Feature", "properties": { "N03_001": "福岡県", "N03_002": null, "N03_003": null, "N03_004": "糸島市", "N03_005": null, "N03_007": "40230", "city": "糸島市" }, "geometry": null },
{ "type": "Feature", "properties": { "N03_001": "福岡県", "N03_002": null, "N03_003": null, "N03_004": "糸島市", "N03_005": null, "N03_007": "40230", "city": "糸島市" }, "geometry": null },
{ "type": "Feature", "properties": { "N03_001": "福岡県", "N03_002": null, "N03_003": null, "N03_004": "糸島市", "N03_005": null, "N03_007": "40230", "city": "糸島市" }, "geometry": null },
{ "type": "Feature", "properties": { "N03_001": "福岡県", "N03_002": null, "N03_003": null, "N03_004": "糸島市", "N03_005": null, "N03_007": "40230", "city": "糸島市" }, "geometry": null },
{ "type": "Feature", "properties": { "N03_001": "福岡県", "N03_002": null, "N03_003": null, "N03_004": "糸島市", "N03_005": null, "N03_007": "40230", "city": "糸島市" }, "geometry": null },
{ "type": "Feature", "properties": { "N03_001": "福岡県", "N03_002": null, "N03_003": null, "N03_004": "糸島市", "N03_005": null, "N03_007": "40230", "city": "糸島市" }, "geometry": null },
{ "type": "Feature", "properties": { "N03_001": "福岡県", "N03_002": null, "N03_003": null, "N03_004": "糸島市", "N03_005": null, "N03_007": "40230", "city": "糸島市" }, "geometry": null },
{ "type": "Feature", "properties": { "N03_001": "福岡県", "N03_002": null, "N03_003": null, "N03_004": "糸島市", "N03_005": null, "N03_007": "40230", "city": "糸島市" }, "geometry": null },
{ "type": "Feature", "properties": { "N03_001": "福岡県", "N03_002": null, "N03_003": null, "N03_004": "糸島市", "N03_005": null, "N03_007": "40230", "city": "糸島市" }, "geometry": null },
{ "type": "Feature", "properties": { "N03_001": "福岡県", "N03_002": null, "N03_003": null, "N03_004": "糸島市", "N03_005": null, "N03_007": "40230", "city": "糸島市" }, "geometry": null },
{ "type": "Feature", "properties": { "N03_001": "福岡県", "N03_002": null, "N03_003": null, "N03_004": "糸島市", "N03_005": null, "N03_007": "40230", "city": "糸島市" }, "geometry": null },
{ "type": "Feature", "properties": { "N03_001": "福岡県", "N03_002": null, "N03_003": null, "N03_004": "糸島市", "N03_005": null, "N03_007": "40230", "city": "糸島市" }, "geometry": null },
{ "type": "Feature", "properties": { "N03_001": "福岡県", "N03_002": null, "N03_003": null, "N03_004": "糸島市", "N03_005": null, "N03_007": "40230", "city": "糸島市" }, "geometry": null },
{ "type": "Feature", "properties": { "N03_001": "福岡県", "N03_002": null, "N03_003": null, "N03_004": "糸島市", "N03_005": null, "N03_007": "40230", "city": "糸島市" }, "geometry": null },
{ "type": "Feature", "properties": { "N03_001": "福岡県", "N03_002": null, "N03_003": null, "N03_004": "糸島市", "N03_005": null, "N03_007": "40230", "city": "糸島市" }, "geometry": null },
{ "type": "Feature", "properties": { "N03_001": "福岡県", "N03_002": null, "N03_003": null, "N03_004": "糸島市", "N03_005": null, "N03_007": "40230", "city": "糸島市" }, "geometry": null },
{ "type": "Feature", "properties": { "N03_001": "福岡県", "N03_002": null, "N03_003": null, "N03_004": "糸島市", "N03_005": null, "N03_007": "40230", "city": "糸島市" }, "geometry": null },
{ "type": "Feature", "properties": { "N03_001": "福岡県", "N03_002": null, "N03_003": null, "N03_004": "糸島市", "N03_005": null, "N03_007": "40230", "city": "糸島市" }, "geometry": null },
{ "type": "Feature", "properties": { "N03_001": "福岡県", "N03_002": null, "N03_003": null, "N03_004": "糸島市", "N03_005": null, "N03_007": "40230", "city": "糸島市" }, "geometry": null },
{ "type": "Feature", "properties": { "N03_001": "福岡県", "N03_002": null, "N03_003": null, "N03_004": "糸島市", "N03_005": null, "N03_007": "40230", "city": "糸島市" }, "geometry": null },
{ "type": "Feature", "properties": { "N03_001": "福岡県", "N03_002": null, "N03_003": null, "N03_004": "糸島市", "N03_005": null, "N03_007": "40230", "city": "糸島市" }, "geometry": null },
{ "type": "Feature", "properties": { "N03_001": "福岡県", "N03_002": null, "N03_003": null, "N03_004": "糸島市", "N03_005": null, "N03_007": "40230", "city": "糸島市" }, "geometry": null },
{ "type": "Feature", "properties": { "N03_001": "福岡県", "N03_002": null, "N03_003": null, "N03_004": "糸島市", "N03_005": null, "N03_007": "40230", "city": "糸島市" }, "geometry": null },
{ "type": "Feature", "properties": { "N03_001": "福岡県", "N03_002": null, "N03_003": null, "N03_004": "糸島市", "N03_005": null, "N03_007": "40230", "city": "糸島市" }, "geometry": null },
{ "type": "Feature", "properties": { "N03_001": "福岡県", "N03_002": null, "N03_003": null, "N03_004": "糸島市", "N03_005": null, "N03_007": "40230", "city": "糸島市" }, "geometry": null },
{ "type": "Feature", "properties": { "N03_001": "福岡県", "N03_002": null, "N03_003": null, "N03_004": "糸島市", "N03_005": null, "N03_007": "40230", "city": "糸島市" }, "geometry": null },
{ "type": "Feature", "properties": { "N03_001": "福岡県", "N03_002": null, "N03_003": null, "N03_004": "糸島市", "N03_005": null, "N03_007": "40230", "city": "糸島市" }, "geometry": null },
{ "type": "Feature", "properties": { "N03_001": "福岡県", "N03_002": null, "N03_003": null, "N03_004": "糸島市", "N03_005": null, "N03_007": "40230", "city": "糸島市" }, "geometry": null },
{ "type": "Feature", "properties": { "N03_001": "福岡県", "N03_002": null, "N03_003": null, "N03_004": "糸島市", "N03_005": null, "N03_007": "40230", "city": "糸島市" }, "geometry": null },
{ "type": "Feature", "properties": { "N03_001": "福岡県", "N03_002": null, "N03_003": null, "N03_004": "糸島市", "N03_005": null, "N03_007": "40230", "city": "糸島市" }, "geometry": null },
{ "type": "Feature", "properties": { "N03_001": "福岡県", "N03_002": null, "N03_003": null, "N03_004": "糸島市", "N03_005": null, "N03_007": "40230", "city": "糸島市" }, "geometry": null },
{ "type": "Feature", "properties": { "N03_001": "福岡県", "N03_002": null, "N03_003": null, "N03_004": "糸島市", "N03_005": null, "N03_007": "40230", "city": "糸島市" }, "geometry": null },
{ "type": "Feature", "properties": { "N03_001": "福岡県", "N03_002": null, "N03_003": null, "N03_004": "糸島市", "N03_005": null, "N03_007": "40230", "city": "糸島市" }, "geometry": null },
{ "type": "Feature", "properties": { "N03_001": "福岡県", "N03_002": null, "N03_003": null, "N03_004": "糸島市", "N03_005": null, "N03_007": "40230", "city": "糸島市" }, "geometry": null },
{ "type": "Feature", "properties": { "N03_001": "福岡県", "N03_002": null, "N03_003": null, "N03_004": "糸島市", "N03_005": null, "N03_007": "40230", "city": "糸島市" }, "geometry": null },
{ "type": "Feature", "properties": { "N03_001": "福岡県", "N03_002": null, "N03_003": null, "N03_004": "糸島市", "N03_005": null, "N03_007": "40230", "city": "糸島市" }, "geometry": null },
{ "type": "Feature", "properties": { "N03_001": "福岡県", "N03_002": null, "N03_003": null, "N03_004": "糸島市", "N03_005": null, "N03_007": "40230", "city": "糸島市" }, "geometry": null },
{ "type": "Feature", "properties": { "N03_001": "福岡県", "N03_002": null, "N03_003": null, "N03_004": "糸島市", "N03_005": null, "N03_007": "40230", "city": "糸島市" }, "geometry": null },
{ "type": "Feature", "properties": { "N03_001": "福岡県", "N03_002": null, "N03_003": null, "N03_004": "糸島市", "N03_005": null, "N03_007": "40230", "city": "糸島市" }, "geometry": null },
{ "type": "Feature", "properties": { "N03_001": "福岡県", "N03_002": null, "N03_003": null, "N03_004": "糸島市", "N03_005": null, "N03_007": "40230", "city": "糸島市" }, "geometry": null },
{ "type": "Feature", "properties": { "N03_001": "福岡県", "N03_002": null, "N03_003": null, "N03_004": "糸島市", "N03_005": null, "N03_007": "40230", "city": "糸島市" }, "geometry": null },
{ "type": "Feature", "properties": { "N03_001": "福岡県", "N03_002": null, "N03_003": null, "N03_004": "糸島市", "N03_005": null, "N03_007": "40230", "city": "糸島市" }, "geometry": null },
{ "type": "Feature", "properties": { "N03_001": "福岡県", "N03_002": null, "N03_003": null, "N03_004": "糸島市", "N03_005": null, "N03_007": "40230", "city": "糸島市" }, "geometry": null },
{ "type": "Feature", "properties": { "N03_001": "福岡県", "N03_002": null, "N03_003": null, "N03_004": "糸島市", "N03_005": null, "N03_007": "40230", "city": "糸島市" }, "geometry": null },
{ "type": "Feature", "properties": { "N03_001": "福岡県", "N03_002": null, "N03_003": null, "N03_004": "糸島市", "N03_005": null, "N03_007": "40230", "city": "糸島市" }, "geometry": null },
{ "type": "Feature", "properties": { "N03_001": "福岡県", "N03_002": null, "N03_003": null, "N03_004": "糸島市", "N03_005": null, "N03_007": "40230", "city": "糸島市" }, "geometry": null },
{ "type": "Feature", "properties": { "N03_001": "福岡県", "N03_002": null, "N03_003": null, "N03_004": "糸島市", "N03_005": null, "N03_007": "40230", "city": "糸島市" }, "geometry": null },
{ "type": "Feature", "properties": { "N03_001": "福岡県", "N03_002": null, "N03_003": null, "N03_004": "糸島市", "N03_005": null, "N03_007": "40230", "city": "糸島市" }, "geometry": null },
{ "type": "Feature", "properties": { "N03_001": "福岡県", "N03_002": null, "N03_003": null, "N03_004": "糸島市", "N03_005": null, "N03_007": "40230", "city": "糸島市" }, "geometry": null },
{ "type": "Feature", "properties": { "N03_001": "福岡県", "N03_002": null, "N03_003": null, "N03_004": "糸島市", "N03_005": null, "N03_007": "40230", "city": "糸島市" }, "geometry": null },
{ "type": "Feature", "properties": { "N03_001": "福岡県", "N03_002": null, "N03_003": null, "N03_004": "糸島市", "N03_005": null, "N03_007": "40230", "city": "糸島市" }, "geometry": null },
{ "type": "Feature", "properties": { "N03_001": "福岡県", "N03_002": null, "N03_003": null, "N03_004": "糸島市", "N03_005": null, "N03_007": "40230", "city": "糸島市" }, "geometry": null },
{ "type": "Feature", "properties": { "N03_001": "福岡県", "N03_002": null, "N03_003": null, "N03_004": "糸島市", "N03_005": null, "N03_007": "40230", "city": "糸島市" }, "geometry": null },
{ "type": "Feature", "properties": { "N03_001": "福岡県", "N03_002": null, "N03_003": null, "N03_004": "糸島市", "N03_005": null, "N03_007": "40230", "city": "糸島市" }, "geometry": null },
{ "type": "Feature", "properties": { "N03_001": "福岡県", "N03_002": null, "N03_003": null, "N03_004": "糸島市", "N03_005": null, "N03_007": "40230", "city": "糸島市" }, "geometry": null },
{ "type": "Feature", "properties": { "N03_001": "福岡県", "N03_002": null, "N03_003": null, "N03_004": "糸島市", "N03_005": null, "N03_007": "40230", "city": "糸島市" }, "geometry": null },
{ "type": "Feature", "properties": { "N03_001": "福岡県", "N03_002": null, "N03_003": null, "N03_004": "糸島市", "N03_005": null, "N03_007": "40230", "city": "糸島市" }, "geometry": null },
{ "type": "Feature", "properties": { "N03_001": "福岡県", "N03_002": null, "N03_003": null, "N03_004": "糸島市", "N03_005": null, "N03_007": "40230", "city": "糸島市" }, "geometry": null },
{ "type": "Feature", "properties": { "N03_001": "福岡県", "N03_002": null, "N03_003": null, "N03_004": "糸島市", "N03_005": null, "N03_007": "40230", "city": "糸島市" }, "geometry": null },
{ "type": "Feature", "properties": { "N03_001": "福岡県", "N03_002": null, "N03_003": null, "N03_004": "糸島市", "N03_005": null, "N03_007": "40230", "city": "糸島市" }, "geometry": null },
{ "type": "Feature", "properties": { "N03_001": "福岡県", "N03_002": null, "N03_003": null, "N03_004": "糸島市", "N03_005": null, "N03_007": "40230", "city": "糸島市" }, "geometry": null },
{ "type": "Feature", "properties": { "N03_001": "福岡県", "N03_002": null, "N03_003": null, "N03_004": "糸島市", "N03_005": null, "N03_007": "40230", "city": "糸島市" }, "geometry": null },
{ "type": "Feature", "properties": { "N03_001": "福岡県", "N03_002": null, "N03_003": null, "N03_004": "糸島市", "N03_005": null, "N03_007": "40230", "city": "糸島市" }, "geometry": null },
{ "type": "Feature", "properties": { "N03_001": "福岡県", "N03_002": null, "N03_003": null, "N03_004": "糸島市", "N03_005": null, "N03_007": "40230", "city": "糸島市" }, "geometry": null },
{ "type": "Feature", "properties": { "N03_001": "福岡県", "N03_002": null, "N03_003": null, "N03_004": "糸島市", "N03_005": null, "N03_007": "40230", "city": "糸島市" }, "geometry": null },
{ "type": "Feature", "properties": { "N03_001": "福岡県", "N03_002": null, "N03_003": null, "N03_004": "糸島市", "N03_005": null, "N03_007": "40230", "city": "糸島市" }, "geometry": null },
{ "type": "Feature", "properties": { "N03_001": "福岡県", "N03_002": null, "N03_003": null, "N03_004": "糸島市", "N03_005": null, "N03_007": "40230", "city": "糸島市" }, "geometry": null },
{ "type": "Feature", "properties": { "N03_001": "福岡県", "N03_002": null, "N03_003": null, "N03_004": "糸島市", "N03_005": null, "N03_007": "40230", "city": "糸島市" }, "geometry": null },
{ "type": "Feature", "properties": { "N03_001": "福岡県", "N03_002": null, "N03_003": null, "N03_004": "糸島市", "N03_005": null, "N03_007": "40230", "city": "糸島市" }, "geometry": null },
{ "type": "Feature", "properties": { "N03_001": "福岡県", "N03_002": null, "N03_003": null, "N03_004": "糸島市", "N03_005": null, "N03_007": "40230", "city": "糸島市" }, "geometry": null },
{ "type": "Feature", "properties": { "N03_001": "福岡県", "N03_002": null, "N03_003": null, "N03_004": "糸島市", "N03_005": null, "N03_007": "40230", "city": "糸島市" }, "geometry": null },
{ "type": "Feature", "properties": { "N03_001": "福岡県", "N03_002": null, "N03_003": null, "N03_004": "糸島市", "N03_005": null, "N03_007": "40230", "city": "糸島市" }, "geometry": null },
{ "type": "Feature", "properties": { "N03_001": "福岡県", "N03_002": null, "N03_003": null, "N03_004": "糸島市", "N03_005": null, "N03_007": "40230", "city": "糸島市" }, "geometry": null },
{ "type": "Feature", "properties": { "N03_001": "福岡県", "N03_002": null, "N03_003": null, "N03_004": "糸島市", "N03_005": null, "N03_007": "40230", "city": "糸島市" }, "geometry": null },
{ "type": "Feature", "properties": { "N03_001": "福岡県", "N03_002": null, "N03_003": null, "N03_004": "糸島市", "N03_005": null, "N03_007": "40230", "city": "糸島市" }, "geometry": null },
{ "type": "Feature", "properties": { "N03_001": "福岡県", "N03_002": null, "N03_003": null, "N03_004": "糸島市", "N03_005": null, "N03_007": "40230", "city": "糸島市" }, "geometry": null },
{ "type": "Feature", "properties": { "N03_001": "福岡県", "N03_002": null, "N03_003": null, "N03_004": "糸島市", "N03_005": null, "N03_007": "40230", "city": "糸島市" }, "geometry": null },
{ "type": "Feature", "properties": { "N03_001": "福岡県", "N03_002": null, "N03_003": null, "N03_004": "糸島市", "N03_005": null, "N03_007": "40230", "city": "糸島市" }, "geometry": null },
{ "type": "Feature", "properties": { "N03_001": "福岡県", "N03_002": null, "N03_003": null, "N03_004": "糸島市", "N03_005": null, "N03_007": "40230", "city": "糸島市" }, "geometry": null },
{ "type": "Feature", "properties": { "N03_001": "福岡県", "N03_002": null, "N03_003": null, "N03_004": "糸島市", "N03_005": null, "N03_007": "40230", "city": "糸島市" }, "geometry": null },
{ "type": "Feature", "properties": { "N03_001": "福岡県", "N03_002": null, "N03_003": null, "N03_004": "糸島市", "N03_005": null, "N03_007": "40230", "city": "糸島市" }, "geometry": null },
{ "type": "Feature", "properties": { "N03_001": "福岡県", "N03_002": null, "N03_003": null, "N03_004": "糸島市", "N03_005": null, "N03_007": "40230", "city": "糸島市" }, "geometry": null },
{ "type": "Feature", "properties": { "N03_001": "福岡県", "N03_002": null, "N03_003": null, "N03_004": "糸島市", "N03_005": null, "N03_007": "40230", "city": "糸島市" }, "geometry": null },
{ "type": "Feature", "properties": { "N03_001": "福岡県", "N03_002": null, "N03_003": null, "N03_004": "糸島市", "N03_005": null, "N03_007": "40230", "city": "糸島市" }, "geometry": null },
{ "type": "Feature", "properties": { "N03_001": "福岡県", "N03_002": null, "N03_003": null, "N03_004": "糸島市", "N03_005": null, "N03_007": "40230", "city": "糸島市" }, "geometry": null },
{ "type": "Feature", "properties": { "N03_001": "福岡県", "N03_002": null, "N03_003": null, "N03_004": "糸島市", "N03_005": null, "N03_007": "40230", "city": "糸島市" }, "geometry": null },
{ "type": "Feature", "properties": { "N03_001": "福岡県", "N03_002": null, "N03_003": null, "N03_004": "糸島市", "N03_005": null, "N03_007": "40230", "city": "糸島市" }, "geometry": null },
{ "type": "Feature", "properties": { "N03_001": "福岡県", "N03_002": null, "N03_003": null, "N03_004": "糸島市", "N03_005": null, "N03_007": "40230", "city": "糸島市" }, "geometry": null },
{ "type": "Feature", "properties": { "N03_001": "福岡県", "N03_002": null, "N03_003": null, "N03_004": "糸島市", "N03_005": null, "N03_007": "40230", "city": "糸島市" }, "geometry": null },
{ "type": "Feature", "properties": { "N03_001": "福岡県", "N03_002": null, "N03_003": null, "N03_004": "糸島市", "N03_005": null, "N03_007": "40230", "city": "糸島市" }, "geometry": null },
{ "type": "Feature", "properties": { "N03_001": "福岡県", "N03_002": null, "N03_003": null, "N03_004": "糸島市", "N03_005": null, "N03_007": "40230", "city": "糸島市" }, "geometry": null },
{ "type": "Feature", "properties": { "N03_001": "福岡県", "N03_002": null, "N03_003": null, "N03_004": "糸島市", "N03_005": null, "N03_007": "40230", "city": "糸島市" }, "geometry": null },
{ "type": "Feature", "properties": { "N03_001": "福岡県", "N03_002": null, "N03_003": null, "N03_004": "糸島市", "N03_005": null, "N03_007": "40230", "city": "糸島市" }, "geometry": null },
{ "type": "Feature", "properties": { "N03_001": "福岡県", "N03_002": null, "N03_003": null, "N03_004": "糸島市", "N03_005": null, "N03_007": "40230", "city": "糸島市" }, "geometry": null },
{ "type": "Feature", "properties": { "N03_001": "福岡県", "N03_002": null, "N03_003": null, "N03_004": "糸島市", "N03_005": null, "N03_007": "40230", "city": "糸島市" }, "geometry": null },
{ "type": "Feature", "properties": { "N03_001": "福岡県", "N03_002": null, "N03_003": null, "N03_004": "糸島市", "N03_005": null, "N03_007": "40230", "city": "糸島市" }, "geometry": null },
{ "type": "Feature", "properties": { "N03_001": "福岡県", "N03_002": null, "N03_003": null, "N03_004": "糸島市", "N03_005": null, "N03_007": "40230", "city": "糸島市" }, "geometry": null },
{ "type": "Feature", "properties": { "N03_001": "福岡県", "N03_002": null, "N03_003": null, "N03_004": "糸島市", "N03_005": null, "N03_007": "40230", "city": "糸島市" }, "geometry": null },
{ "type": "Feature", "properties": { "N03_001": "福岡県", "N03_002": null, "N03_003": null, "N03_004": "糸島市", "N03_005": null, "N03_007": "40230", "city": "糸島市" }, "geometry": null },
{ "type": "Feature", "properties": { "N03_001": "福岡県", "N03_002": null, "N03_003": null, "N03_004": "糸島市", "N03_005": null, "N03_007": "40230", "city": "糸島市" }, "geometry": null },
{ "type": "Feature", "properties": { "N03_001": "福岡県", "N03_002": null, "N03_003": null, "N03_004": "糸島市", "N03_005": null, "N03_007": "40230", "city": "糸島市" }, "geometry": null },
{ "type": "Feature", "properties": { "N03_001": "福岡県", "N03_002": null, "N03_003": null, "N03_004": "糸島市", "N03_005": null, "N03_007": "40230", "city": "糸島市" }, "geometry": null },
{ "type": "Feature", "properties": { "N03_001": "福岡県", "N03_002": null, "N03_003": null, "N03_004": "糸島市", "N03_005": null, "N03_007": "40230", "city": "糸島市" }, "geometry": null },
{ "type": "Feature", "properties": { "N03_001": "福岡県", "N03_002": null, "N03_003": null, "N03_004": "糸島市", "N03_005": null, "N03_007": "40230", "city": "糸島市" }, "geometry": null },
{ "type": "Feature", "properties": { "N03_001": "福岡県", "N03_002": null, "N03_003": null, "N03_004": "糸島市", "N03_005": null, "N03_007": "40230", "city": "糸島市" }, "geometry": null },
{ "type": "Feature", "properties": { "N03_001": "福岡県", "N03_002": null, "N03_003": null, "N03_004": "糸島市", "N03_005": null, "N03_007": "40230", "city": "糸島市" }, "geometry": null },
{ "type": "Feature", "properties": { "N03_001": "福岡県", "N03_002": null, "N03_003": null, "N03_004": "糸島市", "N03_005": null, "N03_007": "40230", "city": "糸島市" }, "geometry": null },
{ "type": "Feature", "properties": { "N03_001": "福岡県", "N03_002": null, "N03_003": null, "N03_004": "糸島市", "N03_005": null, "N03_007": "40230", "city": "糸島市" }, "geometry": null },
{ "type": "Feature", "properties": { "N03_001": "福岡県", "N03_002": null, "N03_003": null, "N03_004": "糸島市", "N03_005": null, "N03_007": "40230", "city": "糸島市" }, "geometry": null },
{ "type": "Feature", "properties": { "N03_001": "福岡県", "N03_002": null, "N03_003": null, "N03_004": "糸島市", "N03_005": null, "N03_007": "40230", "city": "糸島市" }, "geometry": null },
{ "type": "Feature", "properties": { "N03_001": "福岡県", "N03_002": null, "N03_003": null, "N03_004": "糸島市", "N03_005": null, "N03_007": "40230", "city": "糸島市" }, "geometry": null },
{ "type": "Feature", "properties": { "N03_001": "福岡県", "N03_002": null, "N03_003": null, "N03_004": "糸島市", "N03_005": null, "N03_007": "40230", "city": "糸島市" }, "geometry": null },
{ "type": "Feature", "properties": { "N03_001": "福岡県", "N03_002": null, "N03_003": null, "N03_004": "糸島市", "N03_005": null, "N03_007": "40230", "city": "糸島市" }, "geometry": null },
{ "type": "Feature", "properties": { "N03_001": "福岡県", "N03_002": null, "N03_003": null, "N03_004": "糸島市", "N03_005": null, "N03_007": "40230", "city": "糸島市" }, "geometry": null },
{ "type": "Feature", "properties": { "N03_001": "福岡県", "N03_002": null, "N03_003": null, "N03_004": "糸島市", "N03_005": null, "N03_007": "40230", "city": "糸島市" }, "geometry": null },
{ "type": "Feature", "properties": { "N03_001": "福岡県", "N03_002": null, "N03_003": null, "N03_004": "糸島市", "N03_005": null, "N03_007": "40230", "city": "糸島市" }, "geometry": null },
{ "type": "Feature", "properties": { "N03_001": "福岡県", "N03_002": null, "N03_003": null, "N03_004": "糸島市", "N03_005": null, "N03_007": "40230", "city": "糸島市" }, "geometry": null },
{ "type": "Feature", "properties": { "N03_001": "福岡県", "N03_002": null, "N03_003": null, "N03_004": "糸島市", "N03_005": null, "N03_007": "40230", "city": "糸島市" }, "geometry": null },
{ "type": "Feature", "properties": { "N03_001": "福岡県", "N03_002": null, "N03_003": null, "N03_004": "糸島市", "N03_005": null, "N03_007": "40230", "city": "糸島市" }, "geometry": null },
{ "type": "Feature", "properties": { "N03_001": "福岡県", "N03_002": null, "N03_003": null, "N03_004": "那珂川市", "N03_005": null, "N03_007": "40231", "city": "那珂川市" }, "geometry": { "type": "Polygon", "coordinates": [ [ [ 130.396163605999988, 33.427405559 ], [ 130.399094721000012, 33.424491946 ], [ 130.398879169999987, 33.421635559 ], [ 130.401133891, 33.421618613 ], [ 130.403654163, 33.418866946 ], [ 130.404766109, 33.416241387 ], [ 130.407458612, 33.415493892 ], [ 130.415193061, 33.410075 ], [ 130.410947782, 33.40373 ], [ 130.407703891000011, 33.402056108 ], [ 130.407683061, 33.398604162 ], [ 130.41097083, 33.395040279 ], [ 130.413036667, 33.395763613 ], [ 130.413748612, 33.398335279 ], [ 130.419005836999986, 33.401120279 ], [ 130.421875551, 33.3985 ], [ 130.426999728, 33.39778749500001 ], [ 130.428757224, 33.396875829 ], [ 130.43283, 33.398727495 ], [ 130.435593061, 33.398783613 ], [ 130.43835, 33.400338333 ], [ 130.437035837, 33.404852225 ], [ 130.438782776000011, 33.405652225 ], [ 130.441229170000014, 33.410201108 ], [ 130.439786109000011, 33.411196667 ], [ 130.442213891, 33.415633613 ], [ 130.446683891, 33.418575279 ], [ 130.450544449, 33.418774721 ], [ 130.452512503, 33.419780829 ], [ 130.45826083, 33.419975279 ], [ 130.458009442, 33.425015 ], [ 130.461413333, 33.428237225 ], [ 130.46078083, 33.429233613 ], [ 130.456811388, 33.428978333000011 ], [ 130.457811115, 33.430658054 ], [ 130.45610166, 33.435988613 ], [ 130.453657497, 33.436207495 ], [ 130.456851115, 33.441968892 ], [ 130.461176666999989, 33.444977495 ], [ 130.46005917, 33.447603054 ], [ 130.460449442, 33.450365829 ], [ 130.457913061, 33.452760279 ], [ 130.459538885, 33.455003333 ], [ 130.45749111500001, 33.457378613 ], [ 130.461041388000012, 33.461008054 ], [ 130.464324162999986, 33.462093892 ], [ 130.464358612000012, 33.464948054 ], [ 130.466257496999987, 33.466351387 ], [ 130.465364163, 33.469650829 ], [ 130.463416939000012, 33.468933333 ], [ 130.459093891, 33.471144721 ], [ 130.455828327, 33.47055 ], [ 130.454156667, 33.474655829 ], [ 130.456098612, 33.477091108 ], [ 130.453895550999988, 33.479576946 ], [ 130.452307224, 33.486563054 ], [ 130.45341, 33.488464441 ], [ 130.45172138800001, 33.490928613 ], [ 130.450790829999988, 33.494986108 ], [ 130.451629442000012, 33.496502225 ], [ 130.45033693900001, 33.498802775 ], [ 130.44808805400001, 33.499447775 ], [ 130.447395836999988, 33.501861667 ], [ 130.445425551, 33.503161387 ], [ 130.448157224, 33.505953054 ], [ 130.448312503000011, 33.50856777500001 ], [ 130.442299728, 33.511616667000013 ], [ 130.436671115, 33.516627495 ], [ 130.434045551, 33.522905559 ], [ 130.432551388, 33.524248892 ], [ 130.428356394, 33.522674721 ], [ 130.427125550999989, 33.524332495 ], [ 130.428005551000012, 33.526037775 ], [ 130.426803891, 33.530389721 ], [ 130.424238612000011, 33.528473613 ], [ 130.420728054, 33.527790829 ], [ 130.419428612, 33.525581667 ], [ 130.416576939, 33.523486946 ], [ 130.412519442, 33.52455027900001 ], [ 130.410755551, 33.522262495 ], [ 130.40636111500001, 33.520935559 ], [ 130.403924994, 33.518500559 ], [ 130.403943891000011, 33.513569441 ], [ 130.401515279, 33.513535279 ], [ 130.400169442, 33.512038054 ], [ 130.39808917, 33.512993892 ], [ 130.396159442, 33.507100559 ], [ 130.39362083, 33.506323892 ], [ 130.391073060999986, 33.508631387 ], [ 130.389283606, 33.507091667 ], [ 130.385899169999988, 33.507097775 ], [ 130.382062217999987, 33.505529721 ], [ 130.380876109000013, 33.507139162 ], [ 130.377201946000014, 33.508202775 ], [ 130.375338327, 33.506611387 ], [ 130.371232776, 33.504775 ], [ 130.373478612000014, 33.501964441 ], [ 130.375873891, 33.500428892 ], [ 130.378378612, 33.497492775 ], [ 130.381417782, 33.487120279 ], [ 130.381853891, 33.484010829 ], [ 130.381268054, 33.480381387 ], [ 130.382376666999988, 33.47920249500001 ], [ 130.383034721, 33.475238613 ], [ 130.388018054000014, 33.466461946 ], [ 130.385812218000012, 33.462101108 ], [ 130.386883606, 33.460813613 ], [ 130.386068054, 33.458657495 ], [ 130.387963606, 33.454797225 ], [ 130.39340639400001, 33.451310279 ], [ 130.39652, 33.450521108 ], [ 130.399354721, 33.448790828999989 ], [ 130.398869728, 33.445279721 ], [ 130.400018327, 33.442959721 ], [ 130.40236499400001, 33.443164721 ], [ 130.404381388, 33.440604162 ], [ 130.403106109, 33.437081108 ], [ 130.396026109, 33.440298333 ], [ 130.396227224, 33.434623892 ], [ 130.397775551, 33.432802225 ], [ 130.395925551, 33.43191666700001 ], [ 130.397514163000011, 33.430051667 ], [ 130.396163605999988, 33.427405559 ] ] ] } },
{ "type": "Feature", "properties": { "N03_001": "福岡県", "N03_002": null, "N03_003": "糟屋郡", "N03_004": "宇美町", "N03_005": null, "N03_007": "40341", "city": "宇美町" }, "geometry": { "type": "Polygon", "coordinates": [ [ [ 130.499118054, 33.580467495 ], [ 130.50075888500001, 33.578304162 ], [ 130.496854993999989, 33.576746667 ], [ 130.499647782000011, 33.573496108 ], [ 130.495876667, 33.572671946 ], [ 130.49345, 33.574557225 ], [ 130.48819, 33.570037225 ], [ 130.486968327, 33.567708054 ], [ 130.488113061, 33.562527495 ], [ 130.485641115, 33.560283054 ], [ 130.485669441999988, 33.560186387 ], [ 130.487677782, 33.560728892 ], [ 130.489171660000011, 33.558624721 ], [ 130.491557224, 33.560001108 ], [ 130.49311917, 33.558932775 ], [ 130.498766394, 33.560666108 ], [ 130.501918327, 33.559712495 ], [ 130.504303606, 33.554393892 ], [ 130.503024163, 33.550266946 ], [ 130.509383332999988, 33.547219721 ], [ 130.50829166, 33.542666108 ], [ 130.509120272, 33.541115829 ], [ 130.512164449000011, 33.539883054 ], [ 130.51432083, 33.536975559 ], [ 130.514345837, 33.53342833300001 ], [ 130.516765551, 33.530828613 ], [ 130.51831, 33.531300559 ], [ 130.52016, 33.529813892 ], [ 130.524091115, 33.531805279 ], [ 130.529679728, 33.53650110800001 ], [ 130.527624163000013, 33.540252775 ], [ 130.528916667, 33.542753333 ], [ 130.531076394, 33.543762775 ], [ 130.534246667, 33.543781946 ], [ 130.53642917, 33.546060829 ], [ 130.540284449000012, 33.547644162 ], [ 130.541675551, 33.549276387 ], [ 130.541640272, 33.551980279 ], [ 130.53971083, 33.553074721 ], [ 130.540671946, 33.554905559 ], [ 130.543113606, 33.554738054 ], [ 130.549194721, 33.55644082900001 ], [ 130.553714721, 33.554940279 ], [ 130.557458327, 33.552137495 ], [ 130.56082917, 33.54829 ], [ 130.564944163, 33.546325279 ], [ 130.565516667, 33.545110829 ], [ 130.570470272, 33.544068892 ], [ 130.572155551, 33.542476946 ], [ 130.574045837, 33.543112495 ], [ 130.579418885, 33.553171387 ], [ 130.584088885, 33.554676667 ], [ 130.580414163, 33.558757225 ], [ 130.580939728, 33.561312225 ], [ 130.579453605999987, 33.565296108 ], [ 130.575067497, 33.569000279 ], [ 130.573433891, 33.575198054 ], [ 130.573858612, 33.576089441 ], [ 130.569289728, 33.578282225 ], [ 130.568188327, 33.579580279 ], [ 130.56826917, 33.582508333 ], [ 130.566542218, 33.586627495 ], [ 130.566421115, 33.590801108 ], [ 130.562909442, 33.593322495000017 ], [ 130.559799442000013, 33.593356946 ], [ 130.554835837000013, 33.591111667 ], [ 130.553588327, 33.589768613 ], [ 130.54832083, 33.586948613 ], [ 130.546359442000011, 33.583588613 ], [ 130.548021946, 33.582371667 ], [ 130.545780272, 33.578926667 ], [ 130.543728612, 33.578162495 ], [ 130.536260558, 33.577562225 ], [ 130.531938327, 33.576012495 ], [ 130.525018885, 33.575606667 ], [ 130.516018054, 33.57671305400001 ], [ 130.515883890999987, 33.575396108 ], [ 130.512596394000013, 33.577373613 ], [ 130.510416109, 33.577275279 ], [ 130.505074994000012, 33.581008054 ], [ 130.501833333, 33.581367495 ], [ 130.499118054, 33.580467495 ] ] ] } },
{ "type": "Feature", "properties": { "N03_001": "福岡県", "N03_002": null, "N03_003": "糟屋郡", "N03_004": "篠栗町", "N03_005": null, "N03_007": "40342", "city": "篠栗町" }, "geometry": { "type": "Polygon", "coordinates": [ [ [ 130.497961659999987, 33.634888613 ], [ 130.498401115, 33.634284162 ], [ 130.496211945999988, 33.629788613 ], [ 130.496519442, 33.627383613 ], [ 130.498950830000013, 33.627273333 ], [ 130.500021388, 33.625761108 ], [ 130.499869728, 33.622948892 ], [ 130.497598054, 33.622652225 ], [ 130.499482218, 33.619760279 ], [ 130.499525279000011, 33.614926946 ], [ 130.501888326999989, 33.612208054 ], [ 130.503995279, 33.612431946 ], [ 130.50664389100001, 33.611195829 ], [ 130.508719442, 33.609030559 ], [ 130.511865279, 33.607914162 ], [ 130.516563333, 33.603137225 ], [ 130.524094721000012, 33.601545829 ], [ 130.524639728000011, 33.600706387 ], [ 130.531222503, 33.600374721 ], [ 130.53556917, 33.595671108 ], [ 130.538016938999988, 33.595393054 ], [ 130.545040272, 33.597646387 ], [ 130.54791666700001, 33.597641667 ], [ 130.550457497, 33.598762775 ], [ 130.553615551, 33.598503054 ], [ 130.558137497, 33.599493054 ], [ 130.560834449, 33.600135559 ], [ 130.563347782, 33.602876108 ], [ 130.566454994, 33.604648333 ], [ 130.568088327, 33.606940829 ], [ 130.575781388, 33.604555829 ], [ 130.57981917, 33.602695559 ], [ 130.581666109, 33.607967495 ], [ 130.584074163, 33.605582225 ], [ 130.585786394, 33.601634721 ], [ 130.589915837, 33.606473333 ], [ 130.593529728, 33.608781108 ], [ 130.596805837, 33.612672775 ], [ 130.598769442, 33.612992495 ], [ 130.597101946, 33.615576387 ], [ 130.594194163, 33.61657 ], [ 130.591656394000012, 33.618990559 ], [ 130.589013606, 33.618462775 ], [ 130.58447917, 33.618733333 ], [ 130.583399442, 33.620018613 ], [ 130.587330830000013, 33.625982775 ], [ 130.585765837, 33.632366667 ], [ 130.582695551, 33.633420559 ], [ 130.577455551000014, 33.637856387 ], [ 130.575058612, 33.638065559 ], [ 130.573114449, 33.641389162 ], [ 130.566422503000013, 33.646541667 ], [ 130.567628885, 33.649736387 ], [ 130.573959441999989, 33.654107225 ], [ 130.575272776, 33.657593333 ], [ 130.570528612, 33.663258892 ], [ 130.56564917, 33.665417225 ], [ 130.56204917, 33.665748054 ], [ 130.561209728, 33.663911387 ], [ 130.558365551, 33.662451387 ], [ 130.554063332999988, 33.658553054 ], [ 130.549100558, 33.656364441 ], [ 130.547215279, 33.652627225 ], [ 130.54811917, 33.650548333 ], [ 130.547823333, 33.647200829 ], [ 130.54305166, 33.644344441 ], [ 130.540535837, 33.644754441 ], [ 130.536318612, 33.642910559 ], [ 130.536021115000011, 33.638841108 ], [ 130.533881946, 33.637194721 ], [ 130.528994721, 33.636066667 ], [ 130.527476667, 33.638171387 ], [ 130.523704994000013, 33.638945 ], [ 130.519794448999988, 33.637612775 ], [ 130.515794449, 33.639746946 ], [ 130.513874994, 33.639451387 ], [ 130.511180272, 33.636805 ], [ 130.508437224, 33.638132775 ], [ 130.50667, 33.636682775 ], [ 130.504337224000011, 33.636742495 ], [ 130.500258885, 33.635060829 ], [ 130.497961659999987, 33.634888613 ] ] ] } },
{ "type": "Feature", "properties": { "N03_001": "福岡県", "N03_002": null, "N03_003": "糟屋郡", "N03_004": "志免町", "N03_005": null, "N03_007": "40343", "city": "志免町" }, "geometry": { "type": "Polygon", "coordinates": [ [ [ 130.442278327, 33.606394721 ], [ 130.446517782, 33.604897495 ], [ 130.450640271999987, 33.602394441 ], [ 130.45550061, 33.596168802 ], [ 130.45924166, 33.59688 ], [ 130.463446939, 33.591284441 ], [ 130.46640166, 33.588985279 ], [ 130.467383606, 33.586952775 ], [ 130.469276109, 33.587124721 ], [ 130.475206109, 33.580847775 ], [ 130.475793333000013, 33.578430829 ], [ 130.477525837, 33.577722775 ], [ 130.479382503000011, 33.57259 ], [ 130.477617497000011, 33.570264721 ], [ 130.47727917, 33.567210829 ], [ 130.482509169999986, 33.567421667 ], [ 130.481646667, 33.564881108 ], [ 130.485641115, 33.560283054 ], [ 130.488113061, 33.562527495 ], [ 130.486968327, 33.567708054 ], [ 130.48819, 33.570037225 ], [ 130.49345, 33.574557225 ], [ 130.495876667, 33.572671946 ], [ 130.499647782000011, 33.573496108 ], [ 130.496854993999989, 33.576746667 ], [ 130.50075888500001, 33.578304162 ], [ 130.499118054, 33.580467495 ], [ 130.491807782, 33.58547 ], [ 130.493664163, 33.588133892 ], [ 130.490110558, 33.590088054 ], [ 130.488743554, 33.593448333 ], [ 130.485744993999987, 33.594948054 ], [ 130.482574721, 33.594840829000013 ], [ 130.479472218000012, 33.592805279 ], [ 130.474296329, 33.598290747999989 ], [ 130.472182218, 33.601429162 ], [ 130.470492218, 33.600671108 ], [ 130.465960558, 33.603493892 ], [ 130.464396939000011, 33.603444162 ], [ 130.458039442, 33.609670829 ], [ 130.45423083, 33.609829721 ], [ 130.448531115, 33.606438054 ], [ 130.446465837, 33.606155279 ], [ 130.444420220000012, 33.607526694 ], [ 130.44241083, 33.606677775 ], [ 130.442278327, 33.606394721 ] ] ] } },
{ "type": "Feature", "properties": { "N03_001": "福岡県", "N03_002": null, "N03_003": "糟屋郡", "N03_004": "須恵町", "N03_005": null, "N03_007": "40344", "city": "須恵町" }, "geometry": { "type": "Polygon", "coordinates": [ [ [ 130.499118054, 33.580467495 ], [ 130.501833333, 33.581367495 ], [ 130.505074994000012, 33.581008054 ], [ 130.510416109, 33.577275279 ], [ 130.512596394000013, 33.577373613 ], [ 130.515883890999987, 33.575396108 ], [ 130.516018054, 33.57671305400001 ], [ 130.525018885, 33.575606667 ], [ 130.531938327, 33.576012495 ], [ 130.536260558, 33.577562225 ], [ 130.543728612, 33.578162495 ], [ 130.545780272, 33.578926667 ], [ 130.548021946, 33.582371667 ], [ 130.546359442000011, 33.583588613 ], [ 130.54832083, 33.586948613 ], [ 130.553588327, 33.589768613 ], [ 130.554835837000013, 33.591111667 ], [ 130.559799442000013, 33.593356946 ], [ 130.562909442, 33.593322495000017 ], [ 130.55977083, 33.596384162 ], [ 130.558137497, 33.599493054 ], [ 130.553615551, 33.598503054 ], [ 130.550457497, 33.598762775 ], [ 130.54791666700001, 33.597641667 ], [ 130.545040272, 33.597646387 ], [ 130.538016938999988, 33.595393054 ], [ 130.53556917, 33.595671108 ], [ 130.531222503, 33.600374721 ], [ 130.524639728000011, 33.600706387 ], [ 130.524094721000012, 33.601545829 ], [ 130.516563333, 33.603137225 ], [ 130.511865279, 33.607914162 ], [ 130.508719442, 33.609030559 ], [ 130.50664389100001, 33.611195829 ], [ 130.503995279, 33.612431946 ], [ 130.501888326999989, 33.612208054 ], [ 130.499525279000011, 33.614926946 ], [ 130.495494449, 33.614911108 ], [ 130.495705550999986, 33.612220559 ], [ 130.492911946, 33.610455829 ], [ 130.489311089000012, 33.609536252 ], [ 130.488835837000011, 33.603197775 ], [ 130.490167224, 33.598895829 ], [ 130.491936394, 33.598339441 ], [ 130.491188327, 33.595728892 ], [ 130.488743554, 33.593448333 ], [ 130.490110558, 33.590088054 ], [ 130.493664163, 33.588133892 ], [ 130.491807782, 33.58547 ], [ 130.499118054, 33.580467495 ] ] ] } },
{ "type": "Feature", "properties": { "N03_001": "福岡県", "N03_002": null, "N03_003": "糟屋郡", "N03_004": "新宮町", "N03_005": null, "N03_007": "40345", "city": "新宮町" }, "geometry": { "type": "Polygon", "coordinates": [ [ [ 130.468770557999989, 33.679537225 ], [ 130.474082503, 33.675966387 ], [ 130.482197781999986, 33.675756946 ], [ 130.48652166, 33.674087495 ], [ 130.488562503, 33.674273613 ], [ 130.491397224, 33.676419441 ], [ 130.492307782000012, 33.678234441 ], [ 130.49559917, 33.680408054 ], [ 130.500389442, 33.682607225 ], [ 130.502894163, 33.682669441 ], [ 130.503325550999989, 33.684078333 ], [ 130.506666939000013, 33.683716667 ], [ 130.508982776000011, 33.684428613 ], [ 130.508367782, 33.686993054 ], [ 130.505005551000011, 33.689426667 ], [ 130.502748327, 33.697012775 ], [ 130.500069169999989, 33.697432495 ], [ 130.49412917, 33.6933 ], [ 130.49150666700001, 33.69235 ], [ 130.48731693900001, 33.69382 ], [ 130.478105551, 33.695116387 ], [ 130.473296939, 33.693801946 ], [ 130.467278885000013, 33.695650559 ], [ 130.467751115, 33.697790559 ], [ 130.465717224, 33.700970559 ], [ 130.468114721, 33.702549162 ], [ 130.468736939, 33.707056387 ], [ 130.467552218, 33.709458892 ], [ 130.462306394, 33.714180559 ], [ 130.46097, 33.717276667 ], [ 130.459121114999988, 33.719160829 ], [ 130.451656109, 33.72233 ], [ 130.447097781999986, 33.725057225 ], [ 130.444768885, 33.723224162 ], [ 130.432168975, 33.716120225 ], [ 130.426983216999986, 33.715229081 ], [ 130.424373968999987, 33.717117892 ], [ 130.423872166, 33.719197613 ], [ 130.421272671999986, 33.718415721 ], [ 130.420858028999987, 33.715649441 ], [ 130.418031829, 33.713831333 ], [ 130.418002451, 33.712548216 ], [ 130.424364994, 33.710724162 ], [ 130.423143333000013, 33.709117495 ], [ 130.428241946000014, 33.709795559 ], [ 130.430035279, 33.706964441 ], [ 130.432424721, 33.706168892 ], [ 130.436462218, 33.702445279 ], [ 130.438835278999989, 33.702216108 ], [ 130.44123221800001, 33.698869441 ], [ 130.441683891, 33.701073333 ], [ 130.447843891, 33.697818613 ], [ 130.448323606, 33.692126387 ], [ 130.450138611999989, 33.690306946 ], [ 130.454512502999989, 33.682077495 ], [ 130.455160557999989, 33.679529441 ], [ 130.460276939000011, 33.680482775 ], [ 130.464056394000011, 33.682846108 ], [ 130.466065551000014, 33.682294441 ], [ 130.468770557999989, 33.679537225 ] ] ] } },
{ "type": "Feature", "properties": { "N03_001": "福岡県", "N03_002": null, "N03_003": "糟屋郡", "N03_004": "新宮町", "N03_005": null, "N03_007": "40345", "city": "新宮町" }, "geometry": { "type": "Polygon", "coordinates": [ [ [ 130.375121479, 33.763198667 ], [ 130.372611829, 33.764745775 ], [ 130.367652892, 33.766428162 ], [ 130.362538029, 33.767025775 ], [ 130.359349947999988, 33.762093108 ], [ 130.359493217, 33.758984387 ], [ 130.362797471, 33.755029532 ], [ 130.365066563, 33.754982964 ], [ 130.364096432999986, 33.757562604 ], [ 130.367483217, 33.760796946 ], [ 130.373532503, 33.759667667 ], [ 130.376190466999986, 33.759838495 ], [ 130.37845169900001, 33.758023495 ], [ 130.380798559999988, 33.75979558600001 ], [ 130.377766861, 33.759863721 ], [ 130.375121479, 33.763198667 ] ] ] } },
{ "type": "Feature", "properties": { "N03_001": "福岡県", "N03_002": null, "N03_003": "糟屋郡", "N03_004": "新宮町", "N03_005": null, "N03_007": "40345", "city": "新宮町" }, "geometry": null },
{ "type": "Feature", "properties": { "N03_001": "福岡県", "N03_002": null, "N03_003": "糟屋郡", "N03_004": "新宮町", "N03_005": null, "N03_007": "40345", "city": "新宮町" }, "geometry": null },
{ "type": "Feature", "properties": { "N03_001": "福岡県", "N03_002": null, "N03_003": "糟屋郡", "N03_004": "新宮町", "N03_005": null, "N03_007": "40345", "city": "新宮町" }, "geometry": null },
{ "type": "Feature", "properties": { "N03_001": "福岡県", "N03_002": null, "N03_003": "糟屋郡", "N03_004": "新宮町", "N03_005": null, "N03_007": "40345", "city": "新宮町" }, "geometry": null },
{ "type": "Feature", "properties": { "N03_001": "福岡県", "N03_002": null, "N03_003": "糟屋郡", "N03_004": "新宮町", "N03_005": null, "N03_007": "40345", "city": "新宮町" }, "geometry": null },
{ "type": "Feature", "properties": { "N03_001": "福岡県", "N03_002": null, "N03_003": "糟屋郡", "N03_004": "新宮町", "N03_005": null, "N03_007": "40345", "city": "新宮町" }, "geometry": null },
{ "type": "Feature", "properties": { "N03_001": "福岡県", "N03_002": null, "N03_003": "糟屋郡", "N03_004": "新宮町", "N03_005": null, "N03_007": "40345", "city": "新宮町" }, "geometry": null },
{ "type": "Feature", "properties": { "N03_001": "福岡県", "N03_002": null, "N03_003": "糟屋郡", "N03_004": "新宮町", "N03_005": null, "N03_007": "40345", "city": "新宮町" }, "geometry": null },
{ "type": "Feature", "properties": { "N03_001": "福岡県", "N03_002": null, "N03_003": "糟屋郡", "N03_004": "新宮町", "N03_005": null, "N03_007": "40345", "city": "新宮町" }, "geometry": null },
{ "type": "Feature", "properties": { "N03_001": "福岡県", "N03_002": null, "N03_003": "糟屋郡", "N03_004": "新宮町", "N03_005": null, "N03_007": "40345", "city": "新宮町" }, "geometry": null },
{ "type": "Feature", "properties": { "N03_001": "福岡県", "N03_002": null, "N03_003": "糟屋郡", "N03_004": "新宮町", "N03_005": null, "N03_007": "40345", "city": "新宮町" }, "geometry": null },
{ "type": "Feature", "properties": { "N03_001": "福岡県", "N03_002": null, "N03_003": "糟屋郡", "N03_004": "新宮町", "N03_005": null, "N03_007": "40345", "city": "新宮町" }, "geometry": null },
{ "type": "Feature", "properties": { "N03_001": "福岡県", "N03_002": null, "N03_003": "糟屋郡", "N03_004": "新宮町", "N03_005": null, "N03_007": "40345", "city": "新宮町" }, "geometry": null },
{ "type": "Feature", "properties": { "N03_001": "福岡県", "N03_002": null, "N03_003": "糟屋郡", "N03_004": "新宮町", "N03_005": null, "N03_007": "40345", "city": "新宮町" }, "geometry": null },
{ "type": "Feature", "properties": { "N03_001": "福岡県", "N03_002": null, "N03_003": "糟屋郡", "N03_004": "新宮町", "N03_005": null, "N03_007": "40345", "city": "新宮町" }, "geometry": null },
{ "type": "Feature", "properties": { "N03_001": "福岡県", "N03_002": null, "N03_003": "糟屋郡", "N03_004": "新宮町", "N03_005": null, "N03_007": "40345", "city": "新宮町" }, "geometry": null },
{ "type": "Feature", "properties": { "N03_001": "福岡県", "N03_002": null, "N03_003": "糟屋郡", "N03_004": "新宮町", "N03_005": null, "N03_007": "40345", "city": "新宮町" }, "geometry": null },
{ "type": "Feature", "properties": { "N03_001": "福岡県", "N03_002": null, "N03_003": "糟屋郡", "N03_004": "新宮町", "N03_005": null, "N03_007": "40345", "city": "新宮町" }, "geometry": null },
{ "type": "Feature", "properties": { "N03_001": "福岡県", "N03_002": null, "N03_003": "糟屋郡", "N03_004": "新宮町", "N03_005": null, "N03_007": "40345", "city": "新宮町" }, "geometry": null },
{ "type": "Feature", "properties": { "N03_001": "福岡県", "N03_002": null, "N03_003": "糟屋郡", "N03_004": "新宮町", "N03_005": null, "N03_007": "40345", "city": "新宮町" }, "geometry": null },
{ "type": "Feature", "properties": { "N03_001": "福岡県", "N03_002": null, "N03_003": "糟屋郡", "N03_004": "新宮町", "N03_005": null, "N03_007": "40345", "city": "新宮町" }, "geometry": null },
{ "type": "Feature", "properties": { "N03_001": "福岡県", "N03_002": null, "N03_003": "糟屋郡", "N03_004": "新宮町", "N03_005": null, "N03_007": "40345", "city": "新宮町" }, "geometry": null },
{ "type": "Feature", "properties": { "N03_001": "福岡県", "N03_002": null, "N03_003": "糟屋郡", "N03_004": "新宮町", "N03_005": null, "N03_007": "40345", "city": "新宮町" }, "geometry": null },
{ "type": "Feature", "properties": { "N03_001": "福岡県", "N03_002": null, "N03_003": "糟屋郡", "N03_004": "新宮町", "N03_005": null, "N03_007": "40345", "city": "新宮町" }, "geometry": null },
{ "type": "Feature", "properties": { "N03_001": "福岡県", "N03_002": null, "N03_003": "糟屋郡", "N03_004": "新宮町", "N03_005": null, "N03_007": "40345", "city": "新宮町" }, "geometry": null },
{ "type": "Feature", "properties": { "N03_001": "福岡県", "N03_002": null, "N03_003": "糟屋郡", "N03_004": "新宮町", "N03_005": null, "N03_007": "40345", "city": "新宮町" }, "geometry": null },
{ "type": "Feature", "properties": { "N03_001": "福岡県", "N03_002": null, "N03_003": "糟屋郡", "N03_004": "新宮町", "N03_005": null, "N03_007": "40345", "city": "新宮町" }, "geometry": null },
{ "type": "Feature", "properties": { "N03_001": "福岡県", "N03_002": null, "N03_003": "糟屋郡", "N03_004": "新宮町", "N03_005": null, "N03_007": "40345", "city": "新宮町" }, "geometry": null },
{ "type": "Feature", "properties": { "N03_001": "福岡県", "N03_002": null, "N03_003": "糟屋郡", "N03_004": "久山町", "N03_005": null, "N03_007": "40348", "city": "久山町" }, "geometry": { "type": "Polygon", "coordinates": [ [ [ 130.494289831, 33.634703081 ], [ 130.497961659999987, 33.634888613 ], [ 130.500258885, 33.635060829 ], [ 130.504337224000011, 33.636742495 ], [ 130.50667, 33.636682775 ], [ 130.508437224, 33.638132775 ], [ 130.511180272, 33.636805 ], [ 130.513874994, 33.639451387 ], [ 130.515794449, 33.639746946 ], [ 130.519794448999988, 33.637612775 ], [ 130.523704994000013, 33.638945 ], [ 130.527476667, 33.638171387 ], [ 130.528994721, 33.636066667 ], [ 130.533881946, 33.637194721 ], [ 130.536021115000011, 33.638841108 ], [ 130.536318612, 33.642910559 ], [ 130.540535837, 33.644754441 ], [ 130.54305166, 33.644344441 ], [ 130.547823333, 33.647200829 ], [ 130.54811917, 33.650548333 ], [ 130.547215279, 33.652627225 ], [ 130.549100558, 33.656364441 ], [ 130.554063332999988, 33.658553054 ], [ 130.558365551, 33.662451387 ], [ 130.561209728, 33.663911387 ], [ 130.56204917, 33.665748054 ], [ 130.557484994, 33.667215559 ], [ 130.555797782000013, 33.666683613 ], [ 130.553806939, 33.668028892 ], [ 130.551309442, 33.668079441 ], [ 130.549733606, 33.673190279 ], [ 130.546238054000014, 33.675615279 ], [ 130.543661945999986, 33.674850829 ], [ 130.541416394, 33.676384441 ], [ 130.541930558, 33.679629721 ], [ 130.539759728, 33.681346667 ], [ 130.541766109, 33.684938333 ], [ 130.542166667, 33.688283333 ], [ 130.544333606, 33.689203054 ], [ 130.544020272000012, 33.691134162 ], [ 130.54547138800001, 33.692927225 ], [ 130.541877782, 33.694754721 ], [ 130.540964721, 33.698347495 ], [ 130.542747782, 33.703824162 ], [ 130.54199166, 33.707320829 ], [ 130.544757782, 33.708527225 ], [ 130.544716394, 33.710165829 ], [ 130.540791388, 33.711050559 ], [ 130.537582218000011, 33.709945559 ], [ 130.535190558000011, 33.710673613 ], [ 130.53286, 33.709802495 ], [ 130.529665279, 33.706996667 ], [ 130.528184449, 33.707125829 ], [ 130.526382776, 33.704753054 ], [ 130.526283891, 33.702751667 ], [ 130.520270829999987, 33.701172225 ], [ 130.521193891, 33.699179721 ], [ 130.520579442000013, 33.696172775 ], [ 130.518739442, 33.695195279 ], [ 130.518597224, 33.691929441 ], [ 130.515395278999989, 33.691353613 ], [ 130.512704163, 33.688340829 ], [ 130.508367782, 33.686993054 ], [ 130.508982776000011, 33.684428613 ], [ 130.506666939000013, 33.683716667 ], [ 130.503325550999989, 33.684078333 ], [ 130.502894163, 33.682669441 ], [ 130.500389442, 33.682607225 ], [ 130.49559917, 33.680408054 ], [ 130.492307782000012, 33.678234441 ], [ 130.491397224, 33.676419441 ], [ 130.488562503, 33.674273613 ], [ 130.48652166, 33.674087495 ], [ 130.482197781999986, 33.675756946 ], [ 130.474082503, 33.675966387 ], [ 130.468770557999989, 33.679537225 ], [ 130.467039728, 33.676198054 ], [ 130.46717, 33.673503054 ], [ 130.470573333, 33.669949721 ], [ 130.468968327, 33.667130829 ], [ 130.47445, 33.660840279 ], [ 130.474682776, 33.659580559 ], [ 130.479595837, 33.653774721 ], [ 130.479056667, 33.648738613 ], [ 130.483182776, 33.649646667 ], [ 130.484254163, 33.651322225 ], [ 130.487268885, 33.647233892 ], [ 130.490449442, 33.649385279 ], [ 130.494535279, 33.646347225 ], [ 130.492175837, 33.641823054 ], [ 130.493757497, 33.640502775 ], [ 130.492814449, 33.636514162 ], [ 130.494289831, 33.634703081 ] ] ] } },
{ "type": "Feature", "properties": { "N03_001": "福岡県", "N03_002": null, "N03_003": "糟屋郡", "N03_004": "粕屋町", "N03_005": null, "N03_007": "40349", "city": "粕屋町" }, "geometry": { "type": "Polygon", "coordinates": [ [ [ 130.494289831, 33.634703081 ], [ 130.494494163000013, 33.631890279 ], [ 130.487961946000013, 33.628581108 ], [ 130.486585551, 33.629320279 ], [ 130.485798327, 33.626791108 ], [ 130.48216444900001, 33.627998333 ], [ 130.482493774, 33.630278586 ], [ 130.478494993999988, 33.633556387 ], [ 130.475164721, 33.634186108 ], [ 130.472161946, 33.637198613 ], [ 130.471206394, 33.635465829 ], [ 130.467801388, 33.634056108 ], [ 130.468667497000013, 33.633258054 ], [ 130.466444994, 33.630807495 ], [ 130.459672776, 33.628820559 ], [ 130.45710182900001, 33.624484586 ], [ 130.45409693900001, 33.624927225 ], [ 130.451614694999989, 33.618863721 ], [ 130.45036527900001, 33.618674162 ], [ 130.441085550999986, 33.612690829 ], [ 130.444753061, 33.608883613 ], [ 130.44241083, 33.606677775 ], [ 130.444420220000012, 33.607526694 ], [ 130.446465837, 33.606155279 ], [ 130.448531115, 33.606438054 ], [ 130.45423083, 33.609829721 ], [ 130.458039442, 33.609670829 ], [ 130.464396939000011, 33.603444162 ], [ 130.465960558, 33.603493892 ], [ 130.470492218, 33.600671108 ], [ 130.472182218, 33.601429162 ], [ 130.474296329, 33.598290747999989 ], [ 130.479472218000012, 33.592805279 ], [ 130.482574721, 33.594840829000013 ], [ 130.485744993999987, 33.594948054 ], [ 130.488743554, 33.593448333 ], [ 130.491188327, 33.595728892 ], [ 130.491936394, 33.598339441 ], [ 130.490167224, 33.598895829 ], [ 130.488835837000011, 33.603197775 ], [ 130.489311089000012, 33.609536252 ], [ 130.492911946, 33.610455829 ], [ 130.495705550999986, 33.612220559 ], [ 130.495494449, 33.614911108 ], [ 130.499525279000011, 33.614926946 ], [ 130.499482218, 33.619760279 ], [ 130.497598054, 33.622652225 ], [ 130.499869728, 33.622948892 ], [ 130.500021388, 33.625761108 ], [ 130.498950830000013, 33.627273333 ], [ 130.496519442, 33.627383613 ], [ 130.496211945999988, 33.629788613 ], [ 130.498401115, 33.634284162 ], [ 130.497961659999987, 33.634888613 ], [ 130.494289831, 33.634703081 ] ] ] } },
{ "type": "Feature", "properties": { "N03_001": "福岡県", "N03_002": null, "N03_003": "遠賀郡", "N03_004": "芦屋町", "N03_005": null, "N03_007": "40381", "city": "芦屋町" }, "geometry": { "type": "Polygon", "coordinates": [ [ [ 130.635642568, 33.885425874 ], [ 130.636865836999988, 33.883127775 ], [ 130.642581946, 33.881293054 ], [ 130.645252776, 33.875084441 ], [ 130.643809442, 33.874951387000017 ], [ 130.643328612, 33.868020279 ], [ 130.648403333, 33.870669721 ], [ 130.653734721, 33.871051667 ], [ 130.658130558000011, 33.870235 ], [ 130.658193061, 33.871526108 ], [ 130.666499442, 33.872881946 ], [ 130.666526108999989, 33.874373892 ], [ 130.670113606, 33.876829162 ], [ 130.670601388, 33.880093333 ], [ 130.675028884999989, 33.885118892 ], [ 130.674789442, 33.888672225 ], [ 130.676571388000013, 33.890498613 ], [ 130.680062776, 33.890680829 ], [ 130.681669441999986, 33.888811667 ], [ 130.685228612, 33.89335972100001 ], [ 130.684045837000014, 33.894564441 ], [ 130.685510271999988, 33.897380829 ], [ 130.683948612, 33.899624162 ], [ 130.681755278999987, 33.900039721 ], [ 130.681468054, 33.902023892 ], [ 130.675468612, 33.906783613 ], [ 130.677964994, 33.912248892 ], [ 130.676707782, 33.916200279 ], [ 130.673197847000012, 33.91868045 ], [ 130.66905358, 33.916926577 ], [ 130.667225266, 33.91496707200001 ], [ 130.664190973, 33.914934279 ], [ 130.662314189, 33.917072054 ], [ 130.66149786, 33.91396964 ], [ 130.664931401, 33.909524216 ], [ 130.661676135, 33.907576748 ], [ 130.657404163, 33.909893387 ], [ 130.658979104999986, 33.907669108 ], [ 130.662030052, 33.906790279 ], [ 130.660909637, 33.904066225 ], [ 130.663241997, 33.901142252 ], [ 130.656410505999986, 33.896837333 ], [ 130.655068612, 33.898013441 ], [ 130.652403760999988, 33.897881739 ], [ 130.653441154, 33.894794144 ], [ 130.651324942, 33.89218841400001 ], [ 130.643815227, 33.88846164 ], [ 130.635642568, 33.885425874 ] ] ] } },
{ "type": "Feature", "properties": { "N03_001": "福岡県", "N03_002": null, "N03_003": "遠賀郡", "N03_004": "芦屋町", "N03_005": null, "N03_007": "40381", "city": "芦屋町" }, "geometry": null },
{ "type": "Feature", "properties": { "N03_001": "福岡県", "N03_002": null, "N03_003": "遠賀郡", "N03_004": "芦屋町", "N03_005": null, "N03_007": "40381", "city": "芦屋町" }, "geometry": null },
{ "type": "Feature", "properties": { "N03_001": "福岡県", "N03_002": null, "N03_003": "遠賀郡", "N03_004": "芦屋町", "N03_005": null, "N03_007": "40381", "city": "芦屋町" }, "geometry": null },
{ "type": "Feature", "properties": { "N03_001": "福岡県", "N03_002": null, "N03_003": "遠賀郡", "N03_004": "芦屋町", "N03_005": null, "N03_007": "40381", "city": "芦屋町" }, "geometry": null },
{ "type": "Feature", "properties": { "N03_001": "福岡県", "N03_002": null, "N03_003": "遠賀郡", "N03_004": "芦屋町", "N03_005": null, "N03_007": "40381", "city": "芦屋町" }, "geometry": null },
{ "type": "Feature", "properties": { "N03_001": "福岡県", "N03_002": null, "N03_003": "遠賀郡", "N03_004": "芦屋町", "N03_005": null, "N03_007": "40381", "city": "芦屋町" }, "geometry": null },
{ "type": "Feature", "properties": { "N03_001": "福岡県", "N03_002": null, "N03_003": "遠賀郡", "N03_004": "芦屋町", "N03_005": null, "N03_007": "40381", "city": "芦屋町" }, "geometry": null },
{ "type": "Feature", "properties": { "N03_001": "福岡県", "N03_002": null, "N03_003": "遠賀郡", "N03_004": "芦屋町", "N03_005": null, "N03_007": "40381", "city": "芦屋町" }, "geometry": null },
{ "type": "Feature", "properties": { "N03_001": "福岡県", "N03_002": null, "N03_003": "遠賀郡", "N03_004": "芦屋町", "N03_005": null, "N03_007": "40381", "city": "芦屋町" }, "geometry": null },
{ "type": "Feature", "properties": { "N03_001": "福岡県", "N03_002": null, "N03_003": "遠賀郡", "N03_004": "芦屋町", "N03_005": null, "N03_007": "40381", "city": "芦屋町" }, "geometry": null },
{ "type": "Feature", "properties": { "N03_001": "福岡県", "N03_002": null, "N03_003": "遠賀郡", "N03_004": "芦屋町", "N03_005": null, "N03_007": "40381", "city": "芦屋町" }, "geometry": null },
{ "type": "Feature", "properties": { "N03_001": "福岡県", "N03_002": null, "N03_003": "遠賀郡", "N03_004": "芦屋町", "N03_005": null, "N03_007": "40381", "city": "芦屋町" }, "geometry": null },
{ "type": "Feature", "properties": { "N03_001": "福岡県", "N03_002": null, "N03_003": "遠賀郡", "N03_004": "芦屋町", "N03_005": null, "N03_007": "40381", "city": "芦屋町" }, "geometry": null },
{ "type": "Feature", "properties": { "N03_001": "福岡県", "N03_002": null, "N03_003": "遠賀郡", "N03_004": "芦屋町", "N03_005": null, "N03_007": "40381", "city": "芦屋町" }, "geometry": null },
{ "type": "Feature", "properties": { "N03_001": "福岡県", "N03_002": null, "N03_003": "遠賀郡", "N03_004": "芦屋町", "N03_005": null, "N03_007": "40381", "city": "芦屋町" }, "geometry": null },
{ "type": "Feature", "properties": { "N03_001": "福岡県", "N03_002": null, "N03_003": "遠賀郡", "N03_004": "芦屋町", "N03_005": null, "N03_007": "40381", "city": "芦屋町" }, "geometry": null },
{ "type": "Feature", "properties": { "N03_001": "福岡県", "N03_002": null, "N03_003": "遠賀郡", "N03_004": "芦屋町", "N03_005": null, "N03_007": "40381", "city": "芦屋町" }, "geometry": null },
{ "type": "Feature", "properties": { "N03_001": "福岡県", "N03_002": null, "N03_003": "遠賀郡", "N03_004": "芦屋町", "N03_005": null, "N03_007": "40381", "city": "芦屋町" }, "geometry": null },
{ "type": "Feature", "properties": { "N03_001": "福岡県", "N03_002": null, "N03_003": "遠賀郡", "N03_004": "芦屋町", "N03_005": null, "N03_007": "40381", "city": "芦屋町" }, "geometry": null },
{ "type": "Feature", "properties": { "N03_001": "福岡県", "N03_002": null, "N03_003": "遠賀郡", "N03_004": "芦屋町", "N03_005": null, "N03_007": "40381", "city": "芦屋町" }, "geometry": null },
{ "type": "Feature", "properties": { "N03_001": "福岡県", "N03_002": null, "N03_003": "遠賀郡", "N03_004": "芦屋町", "N03_005": null, "N03_007": "40381", "city": "芦屋町" }, "geometry": null },
{ "type": "Feature", "properties": { "N03_001": "福岡県", "N03_002": null, "N03_003": "遠賀郡", "N03_004": "芦屋町", "N03_005": null, "N03_007": "40381", "city": "芦屋町" }, "geometry": null },
{ "type": "Feature", "properties": { "N03_001": "福岡県", "N03_002": null, "N03_003": "遠賀郡", "N03_004": "芦屋町", "N03_005": null, "N03_007": "40381", "city": "芦屋町" }, "geometry": null },
{ "type": "Feature", "properties": { "N03_001": "福岡県", "N03_002": null, "N03_003": "遠賀郡", "N03_004": "芦屋町", "N03_005": null, "N03_007": "40381", "city": "芦屋町" }, "geometry": null },
{ "type": "Feature", "properties": { "N03_001": "福岡県", "N03_002": null, "N03_003": "遠賀郡", "N03_004": "芦屋町", "N03_005": null, "N03_007": "40381", "city": "芦屋町" }, "geometry": null },
{ "type": "Feature", "properties": { "N03_001": "福岡県", "N03_002": null, "N03_003": "遠賀郡", "N03_004": "芦屋町", "N03_005": null, "N03_007": "40381", "city": "芦屋町" }, "geometry": null },
{ "type": "Feature", "properties": { "N03_001": "福岡県", "N03_002": null, "N03_003": "遠賀郡", "N03_004": "芦屋町", "N03_005": null, "N03_007": "40381", "city": "芦屋町" }, "geometry": null },
{ "type": "Feature", "properties": { "N03_001": "福岡県", "N03_002": null, "N03_003": "遠賀郡", "N03_004": "芦屋町", "N03_005": null, "N03_007": "40381", "city": "芦屋町" }, "geometry": null },
{ "type": "Feature", "properties": { "N03_001": "福岡県", "N03_002": null, "N03_003": "遠賀郡", "N03_004": "芦屋町", "N03_005": null, "N03_007": "40381", "city": "芦屋町" }, "geometry": null },
{ "type": "Feature", "properties": { "N03_001": "福岡県", "N03_002": null, "N03_003": "遠賀郡", "N03_004": "芦屋町", "N03_005": null, "N03_007": "40381", "city": "芦屋町" }, "geometry": null },
{ "type": "Feature", "properties": { "N03_001": "福岡県", "N03_002": null, "N03_003": "遠賀郡", "N03_004": "水巻町", "N03_005": null, "N03_007": "40382", "city": "水巻町" }, "geometry": { "type": "Polygon", "coordinates": [ [ [ 130.691267782000011, 33.834104162 ], [ 130.695674720999989, 33.830110279 ], [ 130.699045668, 33.832033829 ], [ 130.699356939000012, 33.834241387 ], [ 130.703120558, 33.834046667 ], [ 130.701654448999989, 33.841927495 ], [ 130.705108612, 33.841061108 ], [ 130.706012776, 33.839446387 ], [ 130.709227223999989, 33.839222495 ], [ 130.708607613, 33.837326162 ], [ 130.710182944, 33.836036586 ], [ 130.713333476, 33.83787666700001 ], [ 130.716591414, 33.837354135 ], [ 130.715981660000011, 33.834598333 ], [ 130.718458054, 33.834449441 ], [ 130.720611115, 33.83554 ], [ 130.720859442, 33.839138333 ], [ 130.718462503000012, 33.844152225 ], [ 130.713114994, 33.846702225000016 ], [ 130.713118885, 33.848796667 ], [ 130.710138054, 33.851004162000017 ], [ 130.70614083000001, 33.852724441 ], [ 130.704157497000011, 33.857612495 ], [ 130.70055832700001, 33.857539721 ], [ 130.698061946, 33.863201387 ], [ 130.695341388, 33.864389721 ], [ 130.696204449, 33.866336667 ], [ 130.693304721, 33.86776638700001 ], [ 130.695843606000011, 33.874073333000013 ], [ 130.6934, 33.874442775 ], [ 130.692338054, 33.878306108 ], [ 130.687764163, 33.878235279 ], [ 130.687766939, 33.880428333 ], [ 130.685706394, 33.882621108 ], [ 130.682343333, 33.88807 ], [ 130.681669441999986, 33.888811667 ], [ 130.680062776, 33.890680829 ], [ 130.676571388000013, 33.890498613 ], [ 130.679303890999989, 33.868631667 ], [ 130.680205836999988, 33.858281108 ], [ 130.68175861200001, 33.852551387 ], [ 130.684565837, 33.84532 ], [ 130.688796939000014, 33.836602225 ], [ 130.691267782000011, 33.834104162 ] ] ] } },
{ "type": "Feature", "properties": { "N03_001": "福岡県", "N03_002": null, "N03_003": "遠賀郡", "N03_004": "岡垣町", "N03_005": null, "N03_007": "40383", "city": "岡垣町" }, "geometry": { "type": "Polygon", "coordinates": [ [ [ 130.635967224000012, 33.812746108 ], [ 130.64094083, 33.813210279 ], [ 130.644064449000012, 33.818303613 ], [ 130.643693332999987, 33.822335559 ], [ 130.641848054, 33.825648892 ], [ 130.641601114999986, 33.828215279 ], [ 130.642933891000013, 33.833374721 ], [ 130.646643606, 33.838239441 ], [ 130.648517223999988, 33.844424441 ], [ 130.651705837, 33.844569721 ], [ 130.652999442, 33.846527225 ], [ 130.652731945999989, 33.850851108 ], [ 130.651625279, 33.852032495 ], [ 130.650386938999986, 33.850381667 ], [ 130.646876666999987, 33.849248333 ], [ 130.64308, 33.850481946 ], [ 130.640423333, 33.850151667 ], [ 130.639435551, 33.848713333 ], [ 130.638036667, 33.849872495 ], [ 130.639935551, 33.855577225 ], [ 130.641718327, 33.856828333 ], [ 130.643478327, 33.861227775 ], [ 130.643328612, 33.868020279 ], [ 130.643809442, 33.874951387000017 ], [ 130.645252776, 33.875084441 ], [ 130.642581946, 33.881293054 ], [ 130.636865836999988, 33.883127775 ], [ 130.635642568, 33.885425874 ], [ 130.62966153, 33.883256225 ], [ 130.613009974, 33.879786252 ], [ 130.606109857, 33.878778 ], [ 130.590982672, 33.877844387 ], [ 130.577096135, 33.878440748 ], [ 130.569695188, 33.880331 ], [ 130.565560532, 33.884637441 ], [ 130.565813333, 33.888001865 ], [ 130.563383022000011, 33.891645135 ], [ 130.561257082, 33.889947306 ], [ 130.555331699, 33.890766306 ], [ 130.544430947, 33.887980468 ], [ 130.542943398, 33.889085739 ], [ 130.541531946, 33.884376387 ], [ 130.546463606, 33.878338054 ], [ 130.548575836999987, 33.876671946 ], [ 130.548851388, 33.874862225 ], [ 130.552324994, 33.869518892 ], [ 130.554248885, 33.869129721 ], [ 130.557164994, 33.864137775 ], [ 130.564023061, 33.86379 ], [ 130.567847782, 33.860944721 ], [ 130.569647497, 33.857492225 ], [ 130.567365279, 33.854443333 ], [ 130.567724163, 33.851792495 ], [ 130.569315550999988, 33.849047495 ], [ 130.57091166, 33.848788054 ], [ 130.572307497, 33.845381108 ], [ 130.577280272, 33.843910829 ], [ 130.582374994, 33.840633892 ], [ 130.583194721000012, 33.832513333 ], [ 130.581237496999989, 33.831128892 ], [ 130.582751115, 33.829348892 ], [ 130.585144163, 33.828603613 ], [ 130.586173890999987, 33.824238333 ], [ 130.589360272, 33.819964441 ], [ 130.591630830000014, 33.817930559 ], [ 130.59695083, 33.818612495 ], [ 130.602797497000012, 33.823276667 ], [ 130.605852503, 33.822981946 ], [ 130.608493333000013, 33.821586108 ], [ 130.612755551, 33.822938892 ], [ 130.618295279, 33.821228892 ], [ 130.624246667, 33.820728613 ], [ 130.629372503000013, 33.815637225 ], [ 130.632050271999987, 33.815311387 ], [ 130.635967224000012, 33.812746108 ] ] ] } },
{ "type": "Feature", "properties": { "N03_001": "福岡県", "N03_002": null, "N03_003": "遠賀郡", "N03_004": "岡垣町", "N03_005": null, "N03_007": "40383", "city": "岡垣町" }, "geometry": null },
{ "type": "Feature", "properties": { "N03_001": "福岡県", "N03_002": null, "N03_003": "遠賀郡", "N03_004": "岡垣町", "N03_005": null, "N03_007": "40383", "city": "岡垣町" }, "geometry": null },
{ "type": "Feature", "properties": { "N03_001": "福岡県", "N03_002": null, "N03_003": "遠賀郡", "N03_004": "岡垣町", "N03_005": null, "N03_007": "40383", "city": "岡垣町" }, "geometry": null },
{ "type": "Feature", "properties": { "N03_001": "福岡県", "N03_002": null, "N03_003": "遠賀郡", "N03_004": "岡垣町", "N03_005": null, "N03_007": "40383", "city": "岡垣町" }, "geometry": null },
{ "type": "Feature", "properties": { "N03_001": "福岡県", "N03_002": null, "N03_003": "遠賀郡", "N03_004": "岡垣町", "N03_005": null, "N03_007": "40383", "city": "岡垣町" }, "geometry": null },
{ "type": "Feature", "properties": { "N03_001": "福岡県", "N03_002": null, "N03_003": "遠賀郡", "N03_004": "岡垣町", "N03_005": null, "N03_007": "40383", "city": "岡垣町" }, "geometry": null },
{ "type": "Feature", "properties": { "N03_001": "福岡県", "N03_002": null, "N03_003": "遠賀郡", "N03_004": "岡垣町", "N03_005": null, "N03_007": "40383", "city": "岡垣町" }, "geometry": null },
{ "type": "Feature", "properties": { "N03_001": "福岡県", "N03_002": null, "N03_003": "遠賀郡", "N03_004": "岡垣町", "N03_005": null, "N03_007": "40383", "city": "岡垣町" }, "geometry": null },
{ "type": "Feature", "properties": { "N03_001": "福岡県", "N03_002": null, "N03_003": "遠賀郡", "N03_004": "岡垣町", "N03_005": null, "N03_007": "40383", "city": "岡垣町" }, "geometry": null },
{ "type": "Feature", "properties": { "N03_001": "福岡県", "N03_002": null, "N03_003": "遠賀郡", "N03_004": "岡垣町", "N03_005": null, "N03_007": "40383", "city": "岡垣町" }, "geometry": null },
{ "type": "Feature", "properties": { "N03_001": "福岡県", "N03_002": null, "N03_003": "遠賀郡", "N03_004": "岡垣町", "N03_005": null, "N03_007": "40383", "city": "岡垣町" }, "geometry": null },
{ "type": "Feature", "properties": { "N03_001": "福岡県", "N03_002": null, "N03_003": "遠賀郡", "N03_004": "岡垣町", "N03_005": null, "N03_007": "40383", "city": "岡垣町" }, "geometry": null },
{ "type": "Feature", "properties": { "N03_001": "福岡県", "N03_002": null, "N03_003": "遠賀郡", "N03_004": "岡垣町", "N03_005": null, "N03_007": "40383", "city": "岡垣町" }, "geometry": null },
{ "type": "Feature", "properties": { "N03_001": "福岡県", "N03_002": null, "N03_003": "遠賀郡", "N03_004": "岡垣町", "N03_005": null, "N03_007": "40383", "city": "岡垣町" }, "geometry": null },
{ "type": "Feature", "properties": { "N03_001": "福岡県", "N03_002": null, "N03_003": "遠賀郡", "N03_004": "岡垣町", "N03_005": null, "N03_007": "40383", "city": "岡垣町" }, "geometry": null },
{ "type": "Feature", "properties": { "N03_001": "福岡県", "N03_002": null, "N03_003": "遠賀郡", "N03_004": "岡垣町", "N03_005": null, "N03_007": "40383", "city": "岡垣町" }, "geometry": null },
{ "type": "Feature", "properties": { "N03_001": "福岡県", "N03_002": null, "N03_003": "遠賀郡", "N03_004": "岡垣町", "N03_005": null, "N03_007": "40383", "city": "岡垣町" }, "geometry": null },
{ "type": "Feature", "properties": { "N03_001": "福岡県", "N03_002": null, "N03_003": "遠賀郡", "N03_004": "岡垣町", "N03_005": null, "N03_007": "40383", "city": "岡垣町" }, "geometry": null },
{ "type": "Feature", "properties": { "N03_001": "福岡県", "N03_002": null, "N03_003": "遠賀郡", "N03_004": "岡垣町", "N03_005": null, "N03_007": "40383", "city": "岡垣町" }, "geometry": null },
{ "type": "Feature", "properties": { "N03_001": "福岡県", "N03_002": null, "N03_003": "遠賀郡", "N03_004": "岡垣町", "N03_005": null, "N03_007": "40383", "city": "岡垣町" }, "geometry": null },
{ "type": "Feature", "properties": { "N03_001": "福岡県", "N03_002": null, "N03_003": "遠賀郡", "N03_004": "岡垣町", "N03_005": null, "N03_007": "40383", "city": "岡垣町" }, "geometry": null },
{ "type": "Feature", "properties": { "N03_001": "福岡県", "N03_002": null, "N03_003": "遠賀郡", "N03_004": "岡垣町", "N03_005": null, "N03_007": "40383", "city": "岡垣町" }, "geometry": null },
{ "type": "Feature", "properties": { "N03_001": "福岡県", "N03_002": null, "N03_003": "遠賀郡", "N03_004": "岡垣町", "N03_005": null, "N03_007": "40383", "city": "岡垣町" }, "geometry": null },
{ "type": "Feature", "properties": { "N03_001": "福岡県", "N03_002": null, "N03_003": "遠賀郡", "N03_004": "岡垣町", "N03_005": null, "N03_007": "40383", "city": "岡垣町" }, "geometry": null },
{ "type": "Feature", "properties": { "N03_001": "福岡県", "N03_002": null, "N03_003": "遠賀郡", "N03_004": "岡垣町", "N03_005": null, "N03_007": "40383", "city": "岡垣町" }, "geometry": null },
{ "type": "Feature", "properties": { "N03_001": "福岡県", "N03_002": null, "N03_003": "遠賀郡", "N03_004": "岡垣町", "N03_005": null, "N03_007": "40383", "city": "岡垣町" }, "geometry": null },
{ "type": "Feature", "properties": { "N03_001": "福岡県", "N03_002": null, "N03_003": "遠賀郡", "N03_004": "岡垣町", "N03_005": null, "N03_007": "40383", "city": "岡垣町" }, "geometry": null },
{ "type": "Feature", "properties": { "N03_001": "福岡県", "N03_002": null, "N03_003": "遠賀郡", "N03_004": "岡垣町", "N03_005": null, "N03_007": "40383", "city": "岡垣町" }, "geometry": null },
{ "type": "Feature", "properties": { "N03_001": "福岡県", "N03_002": null, "N03_003": "遠賀郡", "N03_004": "岡垣町", "N03_005": null, "N03_007": "40383", "city": "岡垣町" }, "geometry": null },
{ "type": "Feature", "properties": { "N03_001": "福岡県", "N03_002": null, "N03_003": "遠賀郡", "N03_004": "遠賀町", "N03_005": null, "N03_007": "40384", "city": "遠賀町" }, "geometry": { "type": "Polygon", "coordinates": [ [ [ 130.643328612, 33.868020279 ], [ 130.643478327, 33.861227775 ], [ 130.641718327, 33.856828333 ], [ 130.639935551, 33.855577225 ], [ 130.638036667, 33.849872495 ], [ 130.639435551, 33.848713333 ], [ 130.640423333, 33.850151667 ], [ 130.64308, 33.850481946 ], [ 130.646876666999987, 33.849248333 ], [ 130.650386938999986, 33.850381667 ], [ 130.651625279, 33.852032495 ], [ 130.652731945999989, 33.850851108 ], [ 130.652999442, 33.846527225 ], [ 130.651705837, 33.844569721 ], [ 130.648517223999988, 33.844424441 ], [ 130.646643606, 33.838239441 ], [ 130.642933891000013, 33.833374721 ], [ 130.641601114999986, 33.828215279 ], [ 130.641848054, 33.825648892 ], [ 130.643693332999987, 33.822335559 ], [ 130.644064449000012, 33.818303613 ], [ 130.64094083, 33.813210279 ], [ 130.635967224000012, 33.812746108 ], [ 130.637452503, 33.810633613 ], [ 130.641424163000011, 33.809069162 ], [ 130.649005837, 33.809636667 ], [ 130.651661946, 33.811521946 ], [ 130.653805551, 33.816540829 ], [ 130.657990558, 33.819146667 ], [ 130.662403061, 33.820025829 ], [ 130.665423061000013, 33.818917775 ], [ 130.669753891, 33.819628333 ], [ 130.668514994, 33.823263054 ], [ 130.674250272, 33.825647225 ], [ 130.677205550999986, 33.830494721 ], [ 130.685385279, 33.830622775 ], [ 130.688105551, 33.832794441 ], [ 130.691267782000011, 33.834104162 ], [ 130.688796939000014, 33.836602225 ], [ 130.684565837, 33.84532 ], [ 130.68175861200001, 33.852551387 ], [ 130.680205836999988, 33.858281108 ], [ 130.679303890999989, 33.868631667 ], [ 130.676571388000013, 33.890498613 ], [ 130.674789442, 33.888672225 ], [ 130.675028884999989, 33.885118892 ], [ 130.670601388, 33.880093333 ], [ 130.670113606, 33.876829162 ], [ 130.666526108999989, 33.874373892 ], [ 130.666499442, 33.872881946 ], [ 130.658193061, 33.871526108 ], [ 130.658130558000011, 33.870235 ], [ 130.653734721, 33.871051667 ], [ 130.648403333, 33.870669721 ], [ 130.643328612, 33.868020279 ] ] ] } },
{ "type": "Feature", "properties": { "N03_001": "福岡県", "N03_002": null, "N03_003": "鞍手郡", "N03_004": "小竹町", "N03_005": null, "N03_007": "40401", "city": "小竹町" }, "geometry": { "type": "Polygon", "coordinates": [ [ [ 130.671120558000013, 33.691082775 ], [ 130.672404721, 33.688926946 ], [ 130.674698885, 33.688299441 ], [ 130.677679727999987, 33.68323444100001 ], [ 130.681375551, 33.683163892 ], [ 130.683082503, 33.685529721 ], [ 130.685485551, 33.686228054 ], [ 130.68768917, 33.684218054 ], [ 130.689088885, 33.685045279000015 ], [ 130.694209728, 33.684815279 ], [ 130.69851166, 33.685398892 ], [ 130.703215279, 33.682363892 ], [ 130.70772555100001, 33.683314162 ], [ 130.710830752, 33.685309279 ], [ 130.713395252999987, 33.688133667 ], [ 130.714831388, 33.692956667 ], [ 130.712190271999987, 33.696493054 ], [ 130.713326615, 33.698372468 ], [ 130.712076667, 33.700747414 ], [ 130.716572776, 33.70152 ], [ 130.721351946, 33.699777225 ], [ 130.726030272, 33.701999721 ], [ 130.72733083, 33.706595829 ], [ 130.727724720999987, 33.708743333 ], [ 130.72636, 33.710253613 ], [ 130.726474449, 33.712742775 ], [ 130.724513333, 33.715791108 ], [ 130.726630272, 33.718360829 ], [ 130.726893333, 33.725652775 ], [ 130.725118885, 33.727065829 ], [ 130.727278327, 33.729209441 ], [ 130.726237497, 33.731634721 ], [ 130.724093606, 33.731618892 ], [ 130.719579442, 33.729184162 ], [ 130.716958054, 33.731453613 ], [ 130.714313061000013, 33.732544162000011 ], [ 130.711313061, 33.731881108 ], [ 130.710160272, 33.730320559 ], [ 130.71067166, 33.727239441 ], [ 130.712041660000011, 33.726442775 ], [ 130.710721388, 33.724823333 ], [ 130.703922776000013, 33.725818054 ], [ 130.701316109, 33.72473 ], [ 130.698876109, 33.722446387 ], [ 130.697293333, 33.722483333 ], [ 130.695385837, 33.719636108 ], [ 130.696418612, 33.714946108 ], [ 130.697881946, 33.714051667 ], [ 130.696642776, 33.711735 ], [ 130.696719728, 33.705263054 ], [ 130.69853, 33.704135279 ], [ 130.698879442, 33.701084441 ], [ 130.695874449, 33.698845559 ], [ 130.691412503, 33.699631387 ], [ 130.68641555100001, 33.698816946 ], [ 130.685546939, 33.697812495 ], [ 130.684563333, 33.703432225 ], [ 130.68306166, 33.703492775 ], [ 130.680555837000014, 33.699176387 ], [ 130.674817497, 33.696250279 ], [ 130.672723891, 33.696088892 ], [ 130.671120558000013, 33.691082775 ] ] ] } },
{ "type": "Feature", "properties": { "N03_001": "福岡県", "N03_002": null, "N03_003": "鞍手郡", "N03_004": "鞍手町", "N03_005": null, "N03_007": "40402", "city": "鞍手町" }, "geometry": { "type": "Polygon", "coordinates": [ [ [ 130.639815551, 33.790618054 ], [ 130.643438612000011, 33.787046108 ], [ 130.644876667, 33.784698333 ], [ 130.645055837, 33.781835829 ], [ 130.649793606, 33.77456555900001 ], [ 130.650895279, 33.772085 ], [ 130.649296666999987, 33.770501945999989 ], [ 130.651695837, 33.765752495 ], [ 130.652481115, 33.762761387 ], [ 130.651874449, 33.759843613 ], [ 130.652567224, 33.757259441 ], [ 130.651797224, 33.753877225 ], [ 130.652970272, 33.752227495 ], [ 130.651958054, 33.750731946 ], [ 130.654691946000014, 33.747523333 ], [ 130.653937224, 33.745664441 ], [ 130.655281660000014, 33.742981387 ], [ 130.657244994, 33.741711108 ], [ 130.657464721, 33.739599441 ], [ 130.663176666999988, 33.740941387 ], [ 130.667757497, 33.740506667 ], [ 130.670849728, 33.741251387 ], [ 130.672377224, 33.742745 ], [ 130.677465551000012, 33.744878054 ], [ 130.679560830000014, 33.743526108 ], [ 130.68160083, 33.748383054 ], [ 130.684250558, 33.748444441 ], [ 130.685639728000012, 33.750514162 ], [ 130.683042218, 33.753046108 ], [ 130.680103605999989, 33.763171108 ], [ 130.681013060999987, 33.7662 ], [ 130.686706939, 33.765110279 ], [ 130.693103060999988, 33.767752495 ], [ 130.69545, 33.766678892 ], [ 130.698444163, 33.767824162 ], [ 130.699425551, 33.77023194600001 ], [ 130.699235550999987, 33.773030829 ], [ 130.700439442, 33.773563613 ], [ 130.699721114999988, 33.776605 ], [ 130.695445551, 33.782528333 ], [ 130.697746939000012, 33.787625559 ], [ 130.699938054, 33.788487225 ], [ 130.70045527900001, 33.790952775 ], [ 130.703684163, 33.792723054 ], [ 130.704714449, 33.794975279 ], [ 130.707161388, 33.796053892 ], [ 130.704905551, 33.800426946 ], [ 130.703562218, 33.801263613 ], [ 130.700579442, 33.80354972100001 ], [ 130.70031, 33.806664441 ], [ 130.695431388, 33.805864441 ], [ 130.692332502999989, 33.80688 ], [ 130.690880246, 33.810814748 ], [ 130.687897224000011, 33.812615 ], [ 130.682598885, 33.810902225 ], [ 130.68065166, 33.811086946 ], [ 130.678794163, 33.816560828999989 ], [ 130.676710558, 33.817634162 ], [ 130.674491115, 33.82152222500001 ], [ 130.669753891, 33.819628333 ], [ 130.665423061000013, 33.818917775 ], [ 130.662403061, 33.820025829 ], [ 130.657990558, 33.819146667 ], [ 130.653805551, 33.816540829 ], [ 130.651661946, 33.811521946 ], [ 130.649005837, 33.809636667 ], [ 130.641424163000011, 33.809069162 ], [ 130.637452503, 33.810633613 ], [ 130.635967224000012, 33.812746108 ], [ 130.636109442, 33.808539721 ], [ 130.637954162999989, 33.806720279 ], [ 130.633181115000014, 33.804195 ], [ 130.634062218, 33.800142775 ], [ 130.635796667, 33.799579441000013 ], [ 130.636130558, 33.796893054 ], [ 130.638728327, 33.794070559 ], [ 130.638621660000013, 33.791497495 ], [ 130.639815551, 33.790618054 ] ] ] } },
{ "type": "Feature", "properties": { "N03_001": "福岡県", "N03_002": null, "N03_003": "嘉穂郡", "N03_004": "桂川町", "N03_005": null, "N03_007": "40421", "city": "桂川町" }, "geometry": { "type": "Polygon", "coordinates": [ [ [ 130.700109728, 33.599507225 ], [ 130.697352503, 33.597828613 ], [ 130.69458083, 33.597863054 ], [ 130.690997497000012, 33.595733054 ], [ 130.689652218, 33.596856108 ], [ 130.685221388, 33.596734162 ], [ 130.682723061, 33.598961108 ], [ 130.682232218, 33.602413613 ], [ 130.679660272, 33.602488333 ], [ 130.67897083, 33.598266946 ], [ 130.676855550999989, 33.600480829 ], [ 130.674157782, 33.600960829 ], [ 130.669986394, 33.600275279 ], [ 130.666784162999988, 33.596494721 ], [ 130.665686939000011, 33.59793 ], [ 130.661914449, 33.596325829 ], [ 130.659522218, 33.597563054 ], [ 130.657902775999986, 33.59632305400001 ], [ 130.653860830000013, 33.595506946 ], [ 130.653392218, 33.593832775 ], [ 130.65014166, 33.592085279 ], [ 130.649163061, 33.58871 ], [ 130.655501945999987, 33.589014441 ], [ 130.659744163, 33.586946387 ], [ 130.658846939, 33.584450559 ], [ 130.656426109, 33.581756387 ], [ 130.659376394, 33.579718054 ], [ 130.664250829999986, 33.581944441 ], [ 130.665787224000013, 33.583635 ], [ 130.665745550999986, 33.586517225 ], [ 130.667346939, 33.585698892 ], [ 130.665742776, 33.579356108 ], [ 130.662723061, 33.573523333 ], [ 130.662736394, 33.569459721 ], [ 130.660285279, 33.568383892 ], [ 130.660628054, 33.566763613 ], [ 130.663679728, 33.56277 ], [ 130.665105837, 33.557651667 ], [ 130.66494917, 33.554255 ], [ 130.666026109, 33.549543613 ], [ 130.66873166, 33.551965829 ], [ 130.672982502999986, 33.554314721 ], [ 130.676824721, 33.553794721 ], [ 130.677698612, 33.550813054 ], [ 130.6755, 33.547774721 ], [ 130.677114721, 33.545228333 ], [ 130.676076109, 33.542988054 ], [ 130.673786667, 33.542020829 ], [ 130.670597496999989, 33.538402225 ], [ 130.67064250300001, 33.535627495 ], [ 130.669339728000011, 33.534644162 ], [ 130.672222776000012, 33.529076387 ], [ 130.673588612, 33.531053333 ], [ 130.677056109, 33.531086108 ], [ 130.680703891, 33.537566667 ], [ 130.679183061, 33.537886667 ], [ 130.681644721, 33.542078892 ], [ 130.684758612, 33.54171 ], [ 130.68493306100001, 33.545839162 ], [ 130.685910272, 33.548146108 ], [ 130.684344994000014, 33.549151108 ], [ 130.686510558, 33.550686387 ], [ 130.690849727999989, 33.550621108 ], [ 130.69359917, 33.557461108 ], [ 130.693992503, 33.560051387 ], [ 130.692256667, 33.566094162 ], [ 130.69869055800001, 33.56963 ], [ 130.700486109, 33.573006108 ], [ 130.699376394000012, 33.573631946 ], [ 130.701321115000013, 33.577048613 ], [ 130.701512503, 33.581502774999983 ], [ 130.704089442, 33.581963054 ], [ 130.703783606, 33.587250279 ], [ 130.705146939, 33.590723613 ], [ 130.702651115, 33.593798054 ], [ 130.70293306100001, 33.596885 ], [ 130.700324720999987, 33.597474441 ], [ 130.700109728, 33.599507225 ] ] ] } },
{ "type": "Feature", "properties": { "N03_001": "福岡県", "N03_002": null, "N03_003": "朝倉郡", "N03_004": "筑前町", "N03_005": null, "N03_007": "40447", "city": "筑前町" }, "geometry": { "type": "Polygon", "coordinates": [ [ [ 130.616312218, 33.404899162 ], [ 130.616460272000012, 33.407160829 ], [ 130.623813332999987, 33.412268333 ], [ 130.624608327, 33.411825 ], [ 130.632311115, 33.411592495 ], [ 130.635986394000014, 33.411895559 ], [ 130.642608884999987, 33.421421387 ], [ 130.645067224, 33.420336108 ], [ 130.64553, 33.423356667 ], [ 130.65102166, 33.431801667 ], [ 130.65396166, 33.431204441 ], [ 130.658448327, 33.43619638700001 ], [ 130.655876109, 33.437738333 ], [ 130.659190558, 33.441106667 ], [ 130.656536667000012, 33.443049162 ], [ 130.653821115, 33.446245 ], [ 130.650741946000011, 33.445922225 ], [ 130.647336667, 33.448132775 ], [ 130.649386109, 33.451986108 ], [ 130.64801083, 33.453458892 ], [ 130.647711115, 33.456119721 ], [ 130.648962218, 33.461063613 ], [ 130.653158053999988, 33.463701108 ], [ 130.654701115, 33.470164441 ], [ 130.657347224, 33.473496667 ], [ 130.660029728000012, 33.473134721 ], [ 130.663203606, 33.479331667 ], [ 130.664857224, 33.480091946 ], [ 130.664666939, 33.482666667 ], [ 130.665903606, 33.485720279 ], [ 130.66295917, 33.486886387 ], [ 130.663029169999987, 33.488927225 ], [ 130.66524, 33.488579162 ], [ 130.666564720999986, 33.491129441 ], [ 130.664566667, 33.492545279 ], [ 130.666192503, 33.49646 ], [ 130.668676393999988, 33.498091108 ], [ 130.667375279, 33.500741946 ], [ 130.662384721, 33.503817225 ], [ 130.660666394, 33.504075559 ], [ 130.658915837, 33.50819472100001 ], [ 130.655929442, 33.510410279 ], [ 130.653135279, 33.510954162 ], [ 130.650891388, 33.509072495 ], [ 130.64868610900001, 33.509771108 ], [ 130.644930272000011, 33.506822225 ], [ 130.642144163000012, 33.505504721 ], [ 130.636024449, 33.504810559 ], [ 130.634151388, 33.509371387 ], [ 130.631920830000013, 33.506017495 ], [ 130.629549728, 33.506361387 ], [ 130.627925837, 33.504510279 ], [ 130.622691946, 33.50527 ], [ 130.621446394, 33.506098892 ], [ 130.618576109, 33.504599162 ], [ 130.610009728, 33.495921387 ], [ 130.610163605999986, 33.492808333 ], [ 130.604156394, 33.491477225 ], [ 130.60198917, 33.489135559 ], [ 130.598000558, 33.487936387 ], [ 130.596312503, 33.488330559 ], [ 130.589019442, 33.485734162 ], [ 130.588278885, 33.481423613 ], [ 130.585655279, 33.480970559 ], [ 130.585557782, 33.479240559000012 ], [ 130.580086394, 33.472732775 ], [ 130.577931946, 33.472568892 ], [ 130.574210558, 33.473953892 ], [ 130.574369442, 33.475126387 ], [ 130.571562503, 33.474314721 ], [ 130.569246394, 33.476223892 ], [ 130.566320272000013, 33.476889721 ], [ 130.568399441999986, 33.480923892 ], [ 130.566783061, 33.481861946 ], [ 130.56091111500001, 33.475383054 ], [ 130.562225837, 33.473560829 ], [ 130.561586393999988, 33.470234441 ], [ 130.562680558000011, 33.467524721 ], [ 130.562015837, 33.462757775 ], [ 130.563718884999986, 33.459048892 ], [ 130.568926108999989, 33.454023054 ], [ 130.571037497, 33.454308892 ], [ 130.57063917, 33.45266082900001 ], [ 130.572708612000014, 33.448170829 ], [ 130.575016393999988, 33.447073892 ], [ 130.574973061, 33.445516946 ], [ 130.584619442, 33.441026667 ], [ 130.580672438, 33.437055027 ], [ 130.579765551, 33.436971108 ], [ 130.582772776000013, 33.436910559 ], [ 130.581431114999987, 33.435336946 ], [ 130.586023606, 33.430125 ], [ 130.588341388, 33.429458054 ], [ 130.593171946000012, 33.426114161999983 ], [ 130.59835416300001, 33.423402775 ], [ 130.600586394, 33.420768333 ], [ 130.605055279, 33.419291108 ], [ 130.61016693900001, 33.412371667 ], [ 130.609315837, 33.412305829 ], [ 130.612147782, 33.411343613 ], [ 130.613104721000013, 33.413631387 ], [ 130.613465279, 33.410208054 ], [ 130.612131388, 33.40925 ], [ 130.616312218, 33.404899162 ] ] ] } },
{ "type": "Feature", "properties": { "N03_001": "福岡県", "N03_002": null, "N03_003": "朝倉郡", "N03_004": "東峰村", "N03_005": null, "N03_007": "40448", "city": "東峰村" }, "geometry": { "type": "Polygon", "coordinates": [ [ [ 130.79122888500001, 33.470991108 ], [ 130.786905551, 33.4691 ], [ 130.783461115, 33.469424162 ], [ 130.780319170000013, 33.467853333 ], [ 130.77730917, 33.463983613 ], [ 130.777770272, 33.46302582900001 ], [ 130.77486221800001, 33.458081387 ], [ 130.770881946, 33.455958054 ], [ 130.76603, 33.455581946 ], [ 130.764424448999989, 33.454784162 ], [ 130.769730558, 33.452674162 ], [ 130.77460166, 33.452130559 ], [ 130.77738861200001, 33.450493613 ], [ 130.783021115, 33.451926946 ], [ 130.785262218000014, 33.454236667 ], [ 130.787264163, 33.454899721000011 ], [ 130.790672776, 33.453704441 ], [ 130.794442503, 33.456133613 ], [ 130.798313606, 33.457288333000015 ], [ 130.80302917, 33.454835829 ], [ 130.804912503, 33.454587225 ], [ 130.80624360600001, 33.456096387 ], [ 130.810874721, 33.458096667 ], [ 130.812412503, 33.457267775 ], [ 130.818224163, 33.457236107999989 ], [ 130.821942218, 33.454659721 ], [ 130.823447496999989, 33.451649441 ], [ 130.827893061, 33.449504721 ], [ 130.828787782, 33.447354162 ], [ 130.828101659999987, 33.439967225 ], [ 130.830747224, 33.438910829 ], [ 130.834073606, 33.433204721 ], [ 130.834022776000012, 33.428384721 ], [ 130.836769728, 33.420932225 ], [ 130.842418611999989, 33.416477775 ], [ 130.846438326999987, 33.418183612999989 ], [ 130.848753061, 33.418011946 ], [ 130.850601114999989, 33.414729162 ], [ 130.85127472100001, 33.409891946 ], [ 130.849868327, 33.412394441 ], [ 130.848255551, 33.409225559 ], [ 130.850881388, 33.409435559 ], [ 130.854124163, 33.407655559 ], [ 130.854843333, 33.405484721 ], [ 130.858042503, 33.401541667 ], [ 130.857128885, 33.400534721 ], [ 130.85957166, 33.399634721 ], [ 130.858694163, 33.394352225 ], [ 130.856897224, 33.393577775 ], [ 130.858447704000014, 33.386991973 ], [ 130.860353528, 33.386559225 ], [ 130.85835153, 33.383629973 ], [ 130.861176809, 33.381386369 ], [ 130.859645979, 33.379573315 ], [ 130.859200428, 33.374553856 ], [ 130.859719053, 33.37296218 ], [ 130.863142101, 33.377204703 ], [ 130.868335162, 33.376572757 ], [ 130.872637108, 33.377832486 ], [ 130.876765162, 33.378284982 ], [ 130.878663204, 33.376324432 ], [ 130.87917904, 33.378353324 ], [ 130.883671232000012, 33.378491108 ], [ 130.886413995, 33.379846946 ], [ 130.885822049000012, 33.385720838 ], [ 130.88459454, 33.389570847 ], [ 130.885933424, 33.392854189 ], [ 130.886394527, 33.397096414000011 ], [ 130.887613684, 33.400500586 ], [ 130.886688975, 33.402006703 ], [ 130.887390117, 33.405292261 ], [ 130.891995939999987, 33.406445613 ], [ 130.890385122999987, 33.409755342 ], [ 130.890878988, 33.411666189 ], [ 130.889459805, 33.413536468 ], [ 130.891094501, 33.419152604 ], [ 130.892525603, 33.419984829 ], [ 130.89108284, 33.426552332999989 ], [ 130.89169345, 33.429945108 ], [ 130.895269831, 33.433172892 ], [ 130.897576213, 33.438546541 ], [ 130.897038184, 33.443710441 ], [ 130.8949207, 33.446155712 ], [ 130.899480934, 33.447885189 ], [ 130.900280661000011, 33.449211577 ], [ 130.899453437, 33.451052126 ], [ 130.890654358, 33.452659135 ], [ 130.888015486, 33.450642568 ], [ 130.879254694999986, 33.451191865 ], [ 130.874967782, 33.449905559 ], [ 130.871868054, 33.449723333 ], [ 130.870554721, 33.450881667 ], [ 130.868401388, 33.450313054 ], [ 130.864277496999989, 33.451034441 ], [ 130.861708885000013, 33.449925559 ], [ 130.861188612, 33.446819162 ], [ 130.858233606, 33.448046946000012 ], [ 130.856883061, 33.447047775 ], [ 130.85315472100001, 33.447678054 ], [ 130.85252917, 33.450231108 ], [ 130.850644163, 33.450131667 ], [ 130.84866083, 33.454913613 ], [ 130.846238885, 33.457217225 ], [ 130.84409083, 33.46264 ], [ 130.841707496999987, 33.464760559 ], [ 130.836063333, 33.468370279 ], [ 130.836295551, 33.47217972100001 ], [ 130.838113891, 33.473977495 ], [ 130.842027497, 33.474421667 ], [ 130.847101114999987, 33.477880829 ], [ 130.847796939, 33.479342495 ], [ 130.845530558, 33.482681387 ], [ 130.843255836999987, 33.482950829 ], [ 130.842663333, 33.485623892 ], [ 130.839816394, 33.484257495 ], [ 130.837502503, 33.484257495 ], [ 130.832748885, 33.486983892 ], [ 130.829430272, 33.488205279 ], [ 130.825149728000014, 33.488367225 ], [ 130.823528612, 33.487061387 ], [ 130.820249728, 33.488178333 ], [ 130.819404449, 33.489704441 ], [ 130.817626109, 33.488844721 ], [ 130.811717781999988, 33.487302225 ], [ 130.81140917, 33.485748613 ], [ 130.808298326999989, 33.483411667 ], [ 130.809621115, 33.479983892 ], [ 130.809872503, 33.476442495 ], [ 130.806091388, 33.471871108 ], [ 130.80408083, 33.472294721 ], [ 130.798300272, 33.471660279 ], [ 130.793882776, 33.472413613 ], [ 130.79122888500001, 33.470991108 ] ] ] } },
{ "type": "Feature", "properties": { "N03_001": "福岡県", "N03_002": null, "N03_003": "三井郡", "N03_004": "大刀洗町", "N03_005": null, "N03_007": "40503", "city": "大刀洗町" }, "geometry": { "type": "Polygon", "coordinates": [ [ [ 130.578430454, 33.367072865 ], [ 130.605549922, 33.367489279 ], [ 130.602587951, 33.366560495 ], [ 130.6039707, 33.363450333 ], [ 130.607419235, 33.364608225 ], [ 130.607149338999989, 33.36581 ], [ 130.611745201, 33.365585117 ], [ 130.611740207999986, 33.36650345 ], [ 130.615270117, 33.367422955 ], [ 130.624429922, 33.367690405 ], [ 130.629399637, 33.366871523 ], [ 130.629667704000013, 33.365017631 ], [ 130.632927147, 33.363256523 ], [ 130.627425201, 33.362203459 ], [ 130.627586589, 33.359844856 ], [ 130.629275201000013, 33.355367631 ], [ 130.631332983, 33.352840135 ], [ 130.640157977, 33.358469586 ], [ 130.643936860999986, 33.360421252 ], [ 130.650589909, 33.36284682 ], [ 130.659589351, 33.36200627 ], [ 130.666793786999989, 33.362192667 ], [ 130.665972672, 33.363012946 ], [ 130.660592685000012, 33.364409604 ], [ 130.653576861, 33.367801207 ], [ 130.652419650000013, 33.36892809 ], [ 130.654920245999989, 33.372476243 ], [ 130.652487211, 33.37379173 ], [ 130.647325798, 33.372282144 ], [ 130.639499922, 33.37149482 ], [ 130.644946654, 33.379329802 ], [ 130.645924721, 33.385917775 ], [ 130.644793333, 33.386960559 ], [ 130.641410830000012, 33.387079441 ], [ 130.633093890999987, 33.388992775 ], [ 130.630076939, 33.390304162 ], [ 130.625526939, 33.390718054 ], [ 130.624379442, 33.394376108 ], [ 130.619281388, 33.395339721 ], [ 130.615477782, 33.399918054 ], [ 130.618691946000013, 33.402114441 ], [ 130.616312218, 33.404899162 ], [ 130.612131388, 33.40925 ], [ 130.613465279, 33.410208054 ], [ 130.613104721000013, 33.413631387 ], [ 130.612147782, 33.411343613 ], [ 130.609315837, 33.412305829 ], [ 130.606864994, 33.412115559 ], [ 130.599799728, 33.410023054 ], [ 130.598512776, 33.403187225 ], [ 130.593066109, 33.402521946 ], [ 130.591300558, 33.400488892 ], [ 130.591979442, 33.398658054 ], [ 130.591018612, 33.395397775 ], [ 130.58954083, 33.394074721 ], [ 130.58738166, 33.388857495 ], [ 130.587361115, 33.386622495 ], [ 130.585516394, 33.383975829 ], [ 130.582857497, 33.383051676 ], [ 130.582240791, 33.380124306 ], [ 130.578101569000012, 33.372862874 ], [ 130.578430454, 33.367072865 ] ] ] } },
{ "type": "Feature", "properties": { "N03_001": "福岡県", "N03_002": null, "N03_003": "三潴郡", "N03_004": "大木町", "N03_005": null, "N03_007": "40522", "city": "大木町" }, "geometry": { "type": "Polygon", "coordinates": [ [ [ 130.412388482000011, 33.224720631 ], [ 130.412966265, 33.223323126 ], [ 130.423418481999988, 33.220540342 ], [ 130.422807095, 33.217655901 ], [ 130.421024890000012, 33.216392387 ], [ 130.419247458, 33.211449297 ], [ 130.42075524, 33.21117373 ], [ 130.420620558, 33.207693613 ], [ 130.419284721, 33.207008892 ], [ 130.413695550999989, 33.207934162 ], [ 130.414591414, 33.206392775 ], [ 130.420304449000014, 33.204910559 ], [ 130.418532776, 33.202209162 ], [ 130.421421141, 33.200999468 ], [ 130.422453475999987, 33.198332613 ], [ 130.420343061000011, 33.194510829 ], [ 130.428105837, 33.196572224999983 ], [ 130.42835083, 33.194383613 ], [ 130.430341115, 33.194537775 ], [ 130.432383333, 33.190104721 ], [ 130.432316109, 33.187588892 ], [ 130.434554163, 33.186615559 ], [ 130.435168612000012, 33.181221108 ], [ 130.446091388000013, 33.184907775 ], [ 130.452622776, 33.186189441 ], [ 130.45712360600001, 33.185776667 ], [ 130.459489442, 33.190545 ], [ 130.454395551, 33.192203892 ], [ 130.453171115, 33.194563333 ], [ 130.45159166, 33.204839441 ], [ 130.458081946, 33.206843892 ], [ 130.459985681, 33.21521027 ], [ 130.460833423999986, 33.220980882999989 ], [ 130.463700908, 33.224106162 ], [ 130.461219805000013, 33.22425755 ], [ 130.460490078, 33.227041162 ], [ 130.458507016999988, 33.22986755 ], [ 130.458425901, 33.234214495 ], [ 130.457616174, 33.237255613 ], [ 130.450622283, 33.241197279 ], [ 130.445003684, 33.243735333 ], [ 130.443904514, 33.24521145 ], [ 130.441574799, 33.24423673 ], [ 130.442249585000013, 33.237174946 ], [ 130.4353362, 33.236892288 ], [ 130.435620376, 33.231612838 ], [ 130.437510661, 33.22891645 ], [ 130.429960532, 33.230270811 ], [ 130.425499287, 33.230114568 ], [ 130.423139079, 33.223973459 ], [ 130.420950389000012, 33.225263486 ], [ 130.41632904, 33.225972297 ], [ 130.416314863999986, 33.22471618 ], [ 130.412388482000011, 33.224720631 ] ] ] } },
{ "type": "Feature", "properties": { "N03_001": "福岡県", "N03_002": null, "N03_003": "八女郡", "N03_004": "広川町", "N03_005": null, "N03_007": "40544", "city": "広川町" }, "geometry": { "type": "Polygon", "coordinates": [ [ [ 130.518805084, 33.231225928 ], [ 130.524420623, 33.233008991 ], [ 130.526793696, 33.231040658 ], [ 130.529149805, 33.231828162 ], [ 130.531024241000011, 33.234117054 ], [ 130.535167575, 33.233939009 ], [ 130.544982866, 33.230226252 ], [ 130.55034454, 33.230621811 ], [ 130.551079818, 33.232239586 ], [ 130.554588988, 33.231931541 ], [ 130.562395110000011, 33.232404054 ], [ 130.572606226, 33.235147946 ], [ 130.578402348, 33.235233243 ], [ 130.582972348, 33.237551045 ], [ 130.586541518, 33.238054676 ], [ 130.590327912, 33.240689685 ], [ 130.592159598, 33.240604685 ], [ 130.594844060000014, 33.242186072 ], [ 130.59477406, 33.243565793 ], [ 130.59879297, 33.244813577 ], [ 130.602998807, 33.244766919 ], [ 130.605225759, 33.241542766 ], [ 130.605921038, 33.238426937 ], [ 130.608150765, 33.237167505 ], [ 130.618222737, 33.237187532 ], [ 130.620519403, 33.23619531500001 ], [ 130.626013293999989, 33.236653658 ], [ 130.630016355, 33.237955613 ], [ 130.631155525, 33.240321441 ], [ 130.630076628000012, 33.24583447700001 ], [ 130.627348846, 33.248354748 ], [ 130.627764668999987, 33.249812243 ], [ 130.625798003, 33.252755009 ], [ 130.624451336, 33.252881676 ], [ 130.619240208, 33.259576369 ], [ 130.620555214, 33.262549694 ], [ 130.616612425, 33.264580793 ], [ 130.617435758999989, 33.266156351 ], [ 130.620383541, 33.265607748 ], [ 130.617539922, 33.270502171 ], [ 130.618071595, 33.273521054 ], [ 130.616459922, 33.276197712 ], [ 130.61669131, 33.279311874 ], [ 130.618949922000013, 33.28159382 ], [ 130.619131868000011, 33.284702144 ], [ 130.616754916, 33.286178252 ], [ 130.614296589, 33.28428964 ], [ 130.613944916, 33.282712423 ], [ 130.611217977, 33.281141027 ], [ 130.607789079000014, 33.280431856 ], [ 130.602114345, 33.274481027 ], [ 130.598066835, 33.274934901 ], [ 130.597975174999988, 33.273694631 ], [ 130.593424332000012, 33.272678225 ], [ 130.591791271, 33.270239063 ], [ 130.588026821999989, 33.270585991 ], [ 130.587148768, 33.268623225 ], [ 130.581962917999988, 33.267663216 ], [ 130.58109847, 33.268327928 ], [ 130.5826693, 33.271617369 ], [ 130.579783735, 33.27491374800001 ], [ 130.576729572, 33.275822072 ], [ 130.575824565, 33.277133459 ], [ 130.568243709, 33.273790126 ], [ 130.56609454, 33.268348739 ], [ 130.566109533, 33.266383459 ], [ 130.560765629, 33.264548459 ], [ 130.556932296000014, 33.264760117 ], [ 130.553577289, 33.262739 ], [ 130.54593061, 33.260149829 ], [ 130.537747821000011, 33.26225675700001 ], [ 130.534552257, 33.262649252 ], [ 130.53546201, 33.259650784 ], [ 130.534173722, 33.258277919 ], [ 130.529016135, 33.258098414 ], [ 130.52828725, 33.259668964 ], [ 130.531079702, 33.260644027 ], [ 130.527650856, 33.260952856 ], [ 130.521964462, 33.256748964 ], [ 130.521763631999988, 33.258263126 ], [ 130.519501958, 33.25876173 ], [ 130.520603904000012, 33.260895901 ], [ 130.516225019, 33.257493117 ], [ 130.515138353, 33.25520673 ], [ 130.514540571, 33.259240613 ], [ 130.510696122000013, 33.260554784 ], [ 130.513190843, 33.257363117 ], [ 130.511435019, 33.255723946 ], [ 130.512051686, 33.253553117 ], [ 130.51188725, 33.250909784 ], [ 130.514486978, 33.246377297 ], [ 130.510963372, 33.246839234 ], [ 130.51205198400001, 33.244153964 ], [ 130.509726706, 33.242222568 ], [ 130.508601725, 33.238663405 ], [ 130.510980894999989, 33.237620631 ], [ 130.511638392, 33.239515631 ], [ 130.51861562900001, 33.233793423 ], [ 130.518805084, 33.231225928 ] ] ] } },
{ "type": "Feature", "properties": { "N03_001": "福岡県", "N03_002": null, "N03_003": "八女郡", "N03_004": "広川町", "N03_005": null, "N03_007": "40544", "city": "広川町" }, "geometry": { "type": "Polygon", "coordinates": [ [ [ 130.525645084, 33.230287883 ], [ 130.527575084, 33.230973162 ], [ 130.520704527, 33.230873982 ], [ 130.519393696, 33.230337874 ], [ 130.525645084, 33.230287883 ] ] ] } },
{ "type": "Feature", "properties": { "N03_001": "福岡県", "N03_002": null, "N03_003": "田川郡", "N03_004": "香春町", "N03_005": null, "N03_007": "40601", "city": "香春町" }, "geometry": { "type": "Polygon", "coordinates": [ [ [ 130.855847782000012, 33.645828892 ], [ 130.858386667, 33.647909162 ], [ 130.861292217999988, 33.644382775 ], [ 130.863719728, 33.642803892000011 ], [ 130.86545888500001, 33.643132775 ], [ 130.868184993999989, 33.639515559 ], [ 130.872458327, 33.641637225 ], [ 130.875952218, 33.641019721 ], [ 130.877254449, 33.642314162 ], [ 130.880924163, 33.643347495 ], [ 130.881772776, 33.644865829 ], [ 130.886446939, 33.646571667 ], [ 130.890531388, 33.649909441 ], [ 130.884831946, 33.652247775 ], [ 130.882285279, 33.65774 ], [ 130.88581083, 33.660924162 ], [ 130.886442503000012, 33.664203054 ], [ 130.88851166, 33.665975829 ], [ 130.889738612, 33.669055 ], [ 130.888681946, 33.672696387 ], [ 130.885177782, 33.676280559 ], [ 130.88250166, 33.681858054 ], [ 130.878744721, 33.68497 ], [ 130.875511945999989, 33.688813054 ], [ 130.874634449000013, 33.691595558999985 ], [ 130.875216666999989, 33.693848054 ], [ 130.878438612, 33.699595279 ], [ 130.872424449, 33.70511 ], [ 130.872084721, 33.709030829 ], [ 130.869144162999987, 33.715072775000017 ], [ 130.870860558, 33.717024441 ], [ 130.869195279, 33.719527775 ], [ 130.869776394000013, 33.722703892 ], [ 130.868716939, 33.727984721 ], [ 130.867580272, 33.730552225000011 ], [ 130.867834994, 33.734292775 ], [ 130.867254721, 33.735323333 ], [ 130.862943605999988, 33.736373613 ], [ 130.855179170000014, 33.735696946000012 ], [ 130.850172776, 33.733224162 ], [ 130.847465836999987, 33.72591361300001 ], [ 130.844596109, 33.724407495 ], [ 130.84177083, 33.725578054 ], [ 130.837664994, 33.725696387 ], [ 130.830733060999989, 33.723823613 ], [ 130.82693917, 33.72381 ], [ 130.822024994, 33.72126389200001 ], [ 130.825086938999988, 33.718133333 ], [ 130.826540271999988, 33.712948054 ], [ 130.829936939, 33.711424162 ], [ 130.831015279000013, 33.708285 ], [ 130.830730558, 33.703581387 ], [ 130.828777782, 33.702099721 ], [ 130.82754, 33.696723613 ], [ 130.828553891000013, 33.694936946 ], [ 130.825723606, 33.687969162 ], [ 130.826976394000013, 33.687174441 ], [ 130.827585279, 33.681046387 ], [ 130.826797223999989, 33.679883333 ], [ 130.826208885, 33.674556387 ], [ 130.824776109, 33.67345 ], [ 130.824559442, 33.669341387 ], [ 130.826410272, 33.668920829 ], [ 130.825371946, 33.664715279 ], [ 130.829485837, 33.661350279 ], [ 130.836639170000012, 33.660511946 ], [ 130.836789442, 33.657783054 ], [ 130.834665551, 33.656279721 ], [ 130.828910558, 33.657301667 ], [ 130.828101388, 33.65471666700001 ], [ 130.829795550999989, 33.654397495 ], [ 130.835226939, 33.648627775 ], [ 130.836751115, 33.648235279 ], [ 130.840864163, 33.645042775 ], [ 130.843258053999989, 33.644808333 ], [ 130.847657497, 33.646335559 ], [ 130.848105279, 33.645551946 ], [ 130.855847782000012, 33.645828892 ] ] ] } },
{ "type": "Feature", "properties": { "N03_001": "福岡県", "N03_002": null, "N03_003": "田川郡", "N03_004": "添田町", "N03_005": null, "N03_007": "40602", "city": "添田町" }, "geometry": { "type": "Polygon", "coordinates": [ [ [ 130.810335278999986, 33.509671387 ], [ 130.810718326999989, 33.502262225 ], [ 130.813837497, 33.497116108 ], [ 130.815354163, 33.496381946 ], [ 130.814011388000011, 33.493136946 ], [ 130.817266939, 33.491015559 ], [ 130.817626109, 33.488844721 ], [ 130.819404449, 33.489704441 ], [ 130.820249728, 33.488178333 ], [ 130.823528612, 33.487061387 ], [ 130.825149728000014, 33.488367225 ], [ 130.829430272, 33.488205279 ], [ 130.832748885, 33.486983892 ], [ 130.837502503, 33.484257495 ], [ 130.839816394, 33.484257495 ], [ 130.842663333, 33.485623892 ], [ 130.843255836999987, 33.482950829 ], [ 130.845530558, 33.482681387 ], [ 130.847796939, 33.479342495 ], [ 130.847101114999987, 33.477880829 ], [ 130.842027497, 33.474421667 ], [ 130.838113891, 33.473977495 ], [ 130.836295551, 33.47217972100001 ], [ 130.836063333, 33.468370279 ], [ 130.841707496999987, 33.464760559 ], [ 130.84409083, 33.46264 ], [ 130.846238885, 33.457217225 ], [ 130.84866083, 33.454913613 ], [ 130.850644163, 33.450131667 ], [ 130.85252917, 33.450231108 ], [ 130.85315472100001, 33.447678054 ], [ 130.856883061, 33.447047775 ], [ 130.858233606, 33.448046946000012 ], [ 130.861188612, 33.446819162 ], [ 130.861708885000013, 33.449925559 ], [ 130.864277496999989, 33.451034441 ], [ 130.868401388, 33.450313054 ], [ 130.870554721, 33.450881667 ], [ 130.871868054, 33.449723333 ], [ 130.874967782, 33.449905559 ], [ 130.879254694999986, 33.451191865 ], [ 130.888015486, 33.450642568 ], [ 130.890654358, 33.452659135 ], [ 130.899453437, 33.451052126 ], [ 130.900280661000011, 33.449211577 ], [ 130.90475686100001, 33.449121811 ], [ 130.906491894, 33.450085676 ], [ 130.910534475, 33.449788694 ], [ 130.912531738000013, 33.450898946 ], [ 130.915724514, 33.454803955 ], [ 130.919676446000011, 33.456270910000015 ], [ 130.926285888, 33.457624532 ], [ 130.929246433, 33.460625468 ], [ 130.93048446200001, 33.463799667 ], [ 130.929821946, 33.466701387 ], [ 130.941189442, 33.48308 ], [ 130.942418327000013, 33.485642495 ], [ 130.946582776000014, 33.487260559 ], [ 130.949887497, 33.487669162 ], [ 130.94716083, 33.495535559 ], [ 130.945381387999987, 33.495174441 ], [ 130.937958885, 33.499221667 ], [ 130.938897223999987, 33.502035 ], [ 130.938368327, 33.505883613 ], [ 130.940219442, 33.509132495 ], [ 130.938044994, 33.511916946 ], [ 130.935112503, 33.513221946 ], [ 130.935389442, 33.516746946 ], [ 130.934760558, 33.520855 ], [ 130.933137497, 33.522385 ], [ 130.932948612, 33.524965559 ], [ 130.93121166, 33.525479441 ], [ 130.931010272, 33.529062225 ], [ 130.933162218, 33.532458892 ], [ 130.931275836999987, 33.536280559 ], [ 130.926939728, 33.540960559 ], [ 130.925266109, 33.544153892 ], [ 130.920070558, 33.551855 ], [ 130.922026667000011, 33.557451387 ], [ 130.919493333, 33.559738054 ], [ 130.917401388, 33.559988054 ], [ 130.914403061, 33.564725829 ], [ 130.911924163, 33.564859721 ], [ 130.905756667, 33.567893054 ], [ 130.901686394, 33.573829721 ], [ 130.897562218, 33.575273613 ], [ 130.895089442, 33.578401667 ], [ 130.891826394, 33.578642775 ], [ 130.889336394, 33.580563054 ], [ 130.88766, 33.579243613 ], [ 130.882622776, 33.578350279 ], [ 130.883982218, 33.575891387 ], [ 130.878546109000013, 33.575150279 ], [ 130.876288885, 33.574051946 ], [ 130.874231388, 33.571541387000011 ], [ 130.871341660000013, 33.575835279 ], [ 130.871600272, 33.577522225 ], [ 130.868061388, 33.584506667 ], [ 130.864600272, 33.581822225 ], [ 130.861686939, 33.581401108 ], [ 130.856979442000011, 33.583637495 ], [ 130.857857224000014, 33.585690279 ], [ 130.856244163000014, 33.591138054 ], [ 130.85354722400001, 33.591378333 ], [ 130.851363606, 33.588426667 ], [ 130.847776667, 33.587763892 ], [ 130.84530722400001, 33.586043613 ], [ 130.842289728, 33.588072225 ], [ 130.83955917, 33.587454721 ], [ 130.836343891000013, 33.590869441 ], [ 130.832278054, 33.590162495 ], [ 130.834323332999986, 33.585432495 ], [ 130.831880272, 33.584503333 ], [ 130.832497782, 33.58231 ], [ 130.837529728, 33.578546108 ], [ 130.836759441999988, 33.57708777500001 ], [ 130.836717224000012, 33.572944721 ], [ 130.838698885000014, 33.570137775 ], [ 130.832206109, 33.567376108 ], [ 130.830556667, 33.563264162 ], [ 130.831903333000014, 33.562620279 ], [ 130.83240111500001, 33.55427 ], [ 130.830515837, 33.550751387 ], [ 130.83019166, 33.547747225 ], [ 130.832667781999987, 33.542539721 ], [ 130.831723061, 33.540409162 ], [ 130.831934994, 33.534198054 ], [ 130.830954721000012, 33.530018892 ], [ 130.829074448999989, 33.528270559 ], [ 130.827104994, 33.520938332999989 ], [ 130.821408612, 33.517894441 ], [ 130.814769442, 33.517338613 ], [ 130.811764721, 33.515417225 ], [ 130.81074888500001, 33.513615279 ], [ 130.810335278999986, 33.509671387 ] ] ] } },
{ "type": "Feature", "properties": { "N03_001": "福岡県", "N03_002": null, "N03_003": "田川郡", "N03_004": "糸田町", "N03_005": null, "N03_007": "40604", "city": "糸田町" }, "geometry": { "type": "Polygon", "coordinates": [ [ [ 130.751618885, 33.643795829 ], [ 130.755248884999986, 33.640676387 ], [ 130.75798917, 33.639278613 ], [ 130.762491388, 33.641173333 ], [ 130.765082776000014, 33.641308892 ], [ 130.765228326999988, 33.642632495 ], [ 130.769024994, 33.642877775 ], [ 130.771642218000011, 33.643971108 ], [ 130.788622503, 33.64953 ], [ 130.788679441999989, 33.651456387 ], [ 130.792631388, 33.651288613 ], [ 130.79161166, 33.654194441 ], [ 130.793029170000011, 33.654558054 ], [ 130.791056667, 33.657974721 ], [ 130.791906394, 33.658991946 ], [ 130.788912218, 33.66248082900001 ], [ 130.78734917, 33.662438613 ], [ 130.786341115, 33.664755559 ], [ 130.787814163, 33.666245 ], [ 130.784474994, 33.669442495 ], [ 130.783922776, 33.671461667 ], [ 130.780171388000014, 33.675058613 ], [ 130.77802917, 33.672395829 ], [ 130.778725279000014, 33.670540279 ], [ 130.775176109, 33.669304721 ], [ 130.776117223999989, 33.666765559 ], [ 130.77227, 33.66742 ], [ 130.76616166, 33.664933054 ], [ 130.763647497, 33.66555110800001 ], [ 130.761589442, 33.664338892 ], [ 130.756513061, 33.664046946 ], [ 130.75884917, 33.65814 ], [ 130.758322776, 33.656984441 ], [ 130.761171946, 33.654131667 ], [ 130.75728166, 33.650367225 ], [ 130.753855837, 33.650056667 ], [ 130.751671388, 33.646278892 ], [ 130.751618885, 33.643795829 ] ] ] } },
{ "type": "Feature", "properties": { "N03_001": "福岡県", "N03_002": null, "N03_003": "田川郡", "N03_004": "川崎町", "N03_005": null, "N03_007": "40605", "city": "川崎町" }, "geometry": { "type": "Polygon", "coordinates": [ [ [ 130.832217224, 33.605499721 ], [ 130.831572503, 33.608490279 ], [ 130.829845551, 33.609869441 ], [ 130.826146939000012, 33.610411946 ], [ 130.823955837, 33.609742225 ], [ 130.822661946000011, 33.612868333 ], [ 130.816974449000014, 33.617170279 ], [ 130.813025837, 33.617088333 ], [ 130.812844163, 33.618427775 ], [ 130.805154994, 33.622007225 ], [ 130.801700829999987, 33.621771667 ], [ 130.799398884999988, 33.624093892 ], [ 130.794803605999988, 33.623066946 ], [ 130.793634449, 33.617317775 ], [ 130.794651945999988, 33.616008333 ], [ 130.801445836999989, 33.612441387 ], [ 130.799116394, 33.608524162 ], [ 130.799522503, 33.606356946 ], [ 130.797422776, 33.603674162 ], [ 130.795985551, 33.599415 ], [ 130.796725551, 33.597842495 ], [ 130.799153333, 33.598028613 ], [ 130.799742218, 33.594148613 ], [ 130.797368885, 33.588872775 ], [ 130.797955551, 33.582361108 ], [ 130.796071388, 33.580065559 ], [ 130.793100272, 33.578783054 ], [ 130.792990558000014, 33.577481946 ], [ 130.795257497, 33.575257495 ], [ 130.792341388000011, 33.573391108 ], [ 130.78961416300001, 33.573053333 ], [ 130.788658327, 33.570420559 ], [ 130.785144449, 33.568310279 ], [ 130.789045279, 33.564495 ], [ 130.789458884999988, 33.561956946 ], [ 130.792286939, 33.560187495 ], [ 130.791543606, 33.556072225 ], [ 130.792909728000012, 33.555957775 ], [ 130.797177497, 33.552881667 ], [ 130.79780083, 33.550781387 ], [ 130.802668612, 33.547234162 ], [ 130.803716109, 33.543490829 ], [ 130.803690558, 33.538401667 ], [ 130.806678885, 33.536843892 ], [ 130.805084449, 33.533429441 ], [ 130.806014162999986, 33.530686387 ], [ 130.804686108999988, 33.526363333 ], [ 130.803652776, 33.517388892 ], [ 130.804038612, 33.511260559 ], [ 130.808359442000011, 33.511629441 ], [ 130.810335278999986, 33.509671387 ], [ 130.81074888500001, 33.513615279 ], [ 130.811764721, 33.515417225 ], [ 130.814769442, 33.517338613 ], [ 130.821408612, 33.517894441 ], [ 130.827104994, 33.520938332999989 ], [ 130.829074448999989, 33.528270559 ], [ 130.830954721000012, 33.530018892 ], [ 130.831934994, 33.534198054 ], [ 130.831723061, 33.540409162 ], [ 130.832667781999987, 33.542539721 ], [ 130.83019166, 33.547747225 ], [ 130.830515837, 33.550751387 ], [ 130.83240111500001, 33.55427 ], [ 130.831903333000014, 33.562620279 ], [ 130.830556667, 33.563264162 ], [ 130.832206109, 33.567376108 ], [ 130.838698885000014, 33.570137775 ], [ 130.836717224000012, 33.572944721 ], [ 130.836759441999988, 33.57708777500001 ], [ 130.837529728, 33.578546108 ], [ 130.832497782, 33.58231 ], [ 130.831880272, 33.584503333 ], [ 130.834323332999986, 33.585432495 ], [ 130.832278054, 33.590162495 ], [ 130.836343891000013, 33.590869441 ], [ 130.837381946, 33.593597775 ], [ 130.839967497, 33.594768892 ], [ 130.841545279, 33.598545829 ], [ 130.840048884999987, 33.600838333 ], [ 130.83661917, 33.60071 ], [ 130.835653606, 33.603308054 ], [ 130.832217224, 33.605499721 ] ] ] } },
{ "type": "Feature", "properties": { "N03_001": "福岡県", "N03_002": null, "N03_003": "田川郡", "N03_004": "大任町", "N03_005": null, "N03_007": "40608", "city": "大任町" }, "geometry": { "type": "Polygon", "coordinates": [ [ [ 130.836343891000013, 33.590869441 ], [ 130.83955917, 33.587454721 ], [ 130.842289728, 33.588072225 ], [ 130.84530722400001, 33.586043613 ], [ 130.847776667, 33.587763892 ], [ 130.851363606, 33.588426667 ], [ 130.85354722400001, 33.591378333 ], [ 130.856244163000014, 33.591138054 ], [ 130.857857224000014, 33.585690279 ], [ 130.856979442000011, 33.583637495 ], [ 130.861686939, 33.581401108 ], [ 130.864600272, 33.581822225 ], [ 130.868061388, 33.584506667 ], [ 130.86881, 33.588114721 ], [ 130.870956667, 33.591276108 ], [ 130.867335551, 33.598581387 ], [ 130.86369083, 33.603678892 ], [ 130.863506109000014, 33.606254721 ], [ 130.86511083, 33.607853333 ], [ 130.863069728, 33.612375 ], [ 130.863467496999988, 33.614014441 ], [ 130.861703333, 33.616196387 ], [ 130.861848054, 33.617836667 ], [ 130.85989, 33.620676387 ], [ 130.861365279000012, 33.624940829 ], [ 130.859204162999987, 33.626919721 ], [ 130.859407224, 33.635028613 ], [ 130.858504993999986, 33.635999721 ], [ 130.860533061000012, 33.638574721 ], [ 130.85721, 33.642081667 ], [ 130.857533606, 33.643948892 ], [ 130.855847782000012, 33.645828892 ], [ 130.848105279, 33.645551946 ], [ 130.847657497, 33.646335559 ], [ 130.843258053999989, 33.644808333 ], [ 130.842087782, 33.641161946 ], [ 130.84215, 33.638551946 ], [ 130.837615279, 33.637566667 ], [ 130.835650272, 33.634722495 ], [ 130.836008885000012, 33.632418892 ], [ 130.841203606, 33.627242225 ], [ 130.845949728, 33.617444441000011 ], [ 130.842727782, 33.616151108 ], [ 130.839846939000012, 33.61261 ], [ 130.839645551, 33.610612495 ], [ 130.832217224, 33.605499721 ], [ 130.835653606, 33.603308054 ], [ 130.83661917, 33.60071 ], [ 130.840048884999987, 33.600838333 ], [ 130.841545279, 33.598545829 ], [ 130.839967497, 33.594768892 ], [ 130.837381946, 33.593597775 ], [ 130.836343891000013, 33.590869441 ] ] ] } },
{ "type": "Feature", "properties": { "N03_001": "福岡県", "N03_002": null, "N03_003": "田川郡", "N03_004": "赤村", "N03_005": null, "N03_007": "40609", "city": "赤村" }, "geometry": { "type": "Polygon", "coordinates": [ [ [ 130.868061388, 33.584506667 ], [ 130.871600272, 33.577522225 ], [ 130.871341660000013, 33.575835279 ], [ 130.874231388, 33.571541387000011 ], [ 130.876288885, 33.574051946 ], [ 130.878546109000013, 33.575150279 ], [ 130.883982218, 33.575891387 ], [ 130.882622776, 33.578350279 ], [ 130.88766, 33.579243613 ], [ 130.889336394, 33.580563054 ], [ 130.891826394, 33.578642775 ], [ 130.895089442, 33.578401667 ], [ 130.897562218, 33.575273613 ], [ 130.901686394, 33.573829721 ], [ 130.905756667, 33.567893054 ], [ 130.911924163, 33.564859721 ], [ 130.914403061, 33.564725829 ], [ 130.917401388, 33.559988054 ], [ 130.919493333, 33.559738054 ], [ 130.922026667000011, 33.557451387 ], [ 130.923644163, 33.560454162 ], [ 130.92095083000001, 33.565192495 ], [ 130.920271388, 33.570744162 ], [ 130.922259728, 33.572454441 ], [ 130.922184721, 33.574949721 ], [ 130.919705551, 33.576352225 ], [ 130.920334720999989, 33.579970829 ], [ 130.918688612000011, 33.581960559 ], [ 130.918247782, 33.586439721 ], [ 130.914601659999988, 33.586536946 ], [ 130.911351946, 33.589488892 ], [ 130.91131166, 33.595723054 ], [ 130.911822503, 33.596585 ], [ 130.905887497, 33.601786946 ], [ 130.903538054, 33.602547775 ], [ 130.903005279000013, 33.604188612999984 ], [ 130.904172503000012, 33.607498054 ], [ 130.902971946, 33.610323054 ], [ 130.898885279000012, 33.613129162 ], [ 130.89801083, 33.61485 ], [ 130.898914163, 33.617129721 ], [ 130.901711388, 33.61969722500001 ], [ 130.90418, 33.625685829 ], [ 130.905802776, 33.626933333 ], [ 130.906096667000014, 33.630180829 ], [ 130.907330558000012, 33.63164 ], [ 130.906316667, 33.633785 ], [ 130.908230272, 33.636699721 ], [ 130.902600272, 33.639749721 ], [ 130.902414449, 33.640883892 ], [ 130.89356, 33.635908613 ], [ 130.89170083, 33.638510829 ], [ 130.891815837, 33.640676946 ], [ 130.890294163, 33.641483332999989 ], [ 130.892633606, 33.644328892 ], [ 130.892943890999987, 33.649582495 ], [ 130.890531388, 33.649909441 ], [ 130.886446939, 33.646571667 ], [ 130.881772776, 33.644865829 ], [ 130.880924163, 33.643347495 ], [ 130.877254449, 33.642314162 ], [ 130.875952218, 33.641019721 ], [ 130.872458327, 33.641637225 ], [ 130.868184993999989, 33.639515559 ], [ 130.86545888500001, 33.643132775 ], [ 130.863719728, 33.642803892000011 ], [ 130.861292217999988, 33.644382775 ], [ 130.858386667, 33.647909162 ], [ 130.855847782000012, 33.645828892 ], [ 130.857533606, 33.643948892 ], [ 130.85721, 33.642081667 ], [ 130.860533061000012, 33.638574721 ], [ 130.858504993999986, 33.635999721 ], [ 130.859407224, 33.635028613 ], [ 130.859204162999987, 33.626919721 ], [ 130.861365279000012, 33.624940829 ], [ 130.85989, 33.620676387 ], [ 130.861848054, 33.617836667 ], [ 130.861703333, 33.616196387 ], [ 130.863467496999988, 33.614014441 ], [ 130.863069728, 33.612375 ], [ 130.86511083, 33.607853333 ], [ 130.863506109000014, 33.606254721 ], [ 130.86369083, 33.603678892 ], [ 130.867335551, 33.598581387 ], [ 130.870956667, 33.591276108 ], [ 130.86881, 33.588114721 ], [ 130.868061388, 33.584506667 ] ] ] } },
{ "type": "Feature", "properties": { "N03_001": "福岡県", "N03_002": null, "N03_003": "田川郡", "N03_004": "福智町", "N03_005": null, "N03_007": "40610", "city": "福智町" }, "geometry": { "type": "Polygon", "coordinates": [ [ [ 130.743817224, 33.701758613 ], [ 130.74785055800001, 33.699590829 ], [ 130.747850272, 33.696460279 ], [ 130.748945551, 33.69606055900001 ], [ 130.751912438, 33.690830721 ], [ 130.751929442, 33.689208613 ], [ 130.75384917, 33.688429441 ], [ 130.755103606, 33.684760279 ], [ 130.75193027200001, 33.680992225 ], [ 130.752689728, 33.678147495 ], [ 130.751252776, 33.673890559 ], [ 130.75309083, 33.672653333 ], [ 130.753002503, 33.669955279 ], [ 130.754232776, 33.665239441 ], [ 130.756513061, 33.664046946 ], [ 130.761589442, 33.664338892 ], [ 130.763647497, 33.66555110800001 ], [ 130.76616166, 33.664933054 ], [ 130.77227, 33.66742 ], [ 130.776117223999989, 33.666765559 ], [ 130.775176109, 33.669304721 ], [ 130.778725279000014, 33.670540279 ], [ 130.77802917, 33.672395829 ], [ 130.780171388000014, 33.675058613 ], [ 130.783922776, 33.671461667 ], [ 130.784474994, 33.669442495 ], [ 130.787814163, 33.666245 ], [ 130.792690558, 33.667000829 ], [ 130.79238166, 33.670350559 ], [ 130.795043061, 33.672575 ], [ 130.796842218, 33.670271108 ], [ 130.802770558, 33.670900559 ], [ 130.80275, 33.669995 ], [ 130.80751, 33.671219721 ], [ 130.806564721, 33.67441 ], [ 130.805109728, 33.675258054 ], [ 130.803810558, 33.679988613 ], [ 130.806843606, 33.682858054 ], [ 130.806356666999989, 33.690519441 ], [ 130.808823606, 33.689483613 ], [ 130.811350272, 33.694578333 ], [ 130.81455, 33.693991108 ], [ 130.81933693900001, 33.694178613 ], [ 130.822986394, 33.696035279 ], [ 130.825191946, 33.695643333 ], [ 130.82754, 33.696723613 ], [ 130.828777782, 33.702099721 ], [ 130.830730558, 33.703581387 ], [ 130.831015279000013, 33.708285 ], [ 130.829936939, 33.711424162 ], [ 130.826540271999988, 33.712948054 ], [ 130.825086938999988, 33.718133333 ], [ 130.822024994, 33.72126389200001 ], [ 130.819562776, 33.722853613 ], [ 130.820932776, 33.725488613 ], [ 130.817033060999989, 33.727726667 ], [ 130.813961388, 33.728093333 ], [ 130.813284721, 33.730570829 ], [ 130.810661114999988, 33.73361722500001 ], [ 130.805637224, 33.734656108 ], [ 130.805640558, 33.737855 ], [ 130.804028612, 33.742035829 ], [ 130.797390272, 33.739040559 ], [ 130.79429083, 33.740627495 ], [ 130.788795279, 33.739667495 ], [ 130.788551388, 33.735496108 ], [ 130.787441946, 33.733699721 ], [ 130.785523332999986, 33.734093613 ], [ 130.783952218, 33.729024162 ], [ 130.782038885, 33.727408054 ], [ 130.778906667, 33.727448054 ], [ 130.777718054, 33.726194721 ], [ 130.773886108999989, 33.725173054 ], [ 130.773298054, 33.72257 ], [ 130.769162776, 33.721230829 ], [ 130.764733333, 33.720903892 ], [ 130.762666939000013, 33.719681946 ], [ 130.753767782000011, 33.717595 ], [ 130.750567497, 33.717438054 ], [ 130.748193332999989, 33.715901946 ], [ 130.749548612000012, 33.713302775 ], [ 130.749307781999988, 33.711104721 ], [ 130.746351946, 33.708571946 ], [ 130.74709083, 33.704492495 ], [ 130.743817224, 33.701758613 ] ] ] } },
{ "type": "Feature", "properties": { "N03_001": "福岡県", "N03_002": null, "N03_003": "京都郡", "N03_004": "苅田町", "N03_005": null, "N03_007": "40621", "city": "苅田町" }, "geometry": { "type": "Polygon", "coordinates": [ [ [ 130.981297133999988, 33.810630342 ], [ 130.974436394, 33.805244162 ], [ 130.965241115, 33.795686667 ], [ 130.963665279, 33.794859721 ], [ 130.960333061, 33.790791667 ], [ 130.95772083, 33.790810559 ], [ 130.955311388000013, 33.787094441 ], [ 130.953274721000014, 33.780858054 ], [ 130.947808885, 33.779307495 ], [ 130.944173060999987, 33.777609721 ], [ 130.942714994, 33.778453892 ], [ 130.933743891, 33.775846387 ], [ 130.930867782, 33.778646108 ], [ 130.927029728, 33.779932225 ], [ 130.920023061, 33.776502225 ], [ 130.918795837, 33.774735829 ], [ 130.916143606, 33.774557225 ], [ 130.916616732, 33.77122327 ], [ 130.91008677, 33.766833306 ], [ 130.911859611000011, 33.763836351 ], [ 130.911821115, 33.760948333 ], [ 130.913416109, 33.756699162 ], [ 130.909246394, 33.750213892 ], [ 130.910040558, 33.748877775 ], [ 130.912223332999986, 33.747656667 ], [ 130.917674721, 33.747710559 ], [ 130.923886394, 33.744979441 ], [ 130.92869944200001, 33.744740279 ], [ 130.930795279, 33.743432775 ], [ 130.931981115000013, 33.740521387 ], [ 130.942926394000011, 33.740013613 ], [ 130.94347, 33.737456946 ], [ 130.94816917, 33.735766667 ], [ 130.951373891, 33.735663613 ], [ 130.95306917, 33.737524441 ], [ 130.957266667, 33.736087225 ], [ 130.956994994000013, 33.738680829 ], [ 130.965156667, 33.739297775 ], [ 130.969991388000011, 33.741729721 ], [ 130.97552527900001, 33.742419441 ], [ 130.978876939, 33.745274441 ], [ 130.984208884999987, 33.741646667 ], [ 130.985909442, 33.741211387 ], [ 130.991769728, 33.743402495 ], [ 131.000008326999989, 33.748642775 ], [ 131.004168275000012, 33.749918243 ], [ 131.003455603, 33.75440345 ], [ 131.000808092999989, 33.757277748 ], [ 131.017722789, 33.767988243 ], [ 131.012712075, 33.776611748 ], [ 131.011688833, 33.777493396 ], [ 130.999273515, 33.769370667 ], [ 130.997667095, 33.771033297 ], [ 131.001912022999988, 33.774113991 ], [ 131.001234955, 33.774865081 ], [ 130.99601460400001, 33.772991559 ], [ 130.99190703, 33.773622532 ], [ 130.999340558, 33.778157865 ], [ 131.002996978, 33.781047973 ], [ 131.003691997, 33.783329054 ], [ 131.001426912999989, 33.787862865 ], [ 130.998297082, 33.791542054 ], [ 130.996119364, 33.791634414 ], [ 131.002434189000013, 33.794183892 ], [ 130.999036783, 33.796658027 ], [ 130.993467198, 33.794703721 ], [ 130.991063696, 33.789127559 ], [ 130.988734060000013, 33.785999721 ], [ 130.98500847, 33.785568694 ], [ 130.987146278000012, 33.787341306 ], [ 130.988918586000011, 33.79124736 ], [ 130.986991051, 33.791875802 ], [ 130.987850246, 33.796513973 ], [ 130.99127406, 33.796555306 ], [ 130.993780169, 33.799157694 ], [ 131.000674358, 33.801785 ], [ 130.996249364, 33.80983364 ], [ 130.997258171, 33.810201694 ], [ 130.998819105, 33.807100495 ], [ 131.004454721, 33.806248802 ], [ 131.009290259000011, 33.807950856 ], [ 131.015917366999986, 33.803619369 ], [ 131.019294306, 33.804758126 ], [ 131.011769209, 33.819590568 ], [ 130.985260804, 33.810256468 ], [ 130.983310584, 33.808740559 ], [ 130.981297133999988, 33.810630342 ] ] ] } },
{ "type": "Feature", "properties": { "N03_001": "福岡県", "N03_002": null, "N03_003": "京都郡", "N03_004": "苅田町", "N03_005": null, "N03_007": "40621", "city": "苅田町" }, "geometry": { "type": "Polygon", "coordinates": [ [ [ 131.029281336, 33.834218414 ], [ 131.032162918000012, 33.819981495 ], [ 131.041860752, 33.821255586 ], [ 131.038985383000011, 33.835599279 ], [ 131.029281336, 33.834218414 ] ] ] } },
{ "type": "Feature", "properties": { "N03_001": "福岡県", "N03_002": null, "N03_003": "京都郡", "N03_004": "苅田町", "N03_005": null, "N03_007": "40621", "city": "苅田町" }, "geometry": { "type": "Polygon", "coordinates": [ [ [ 131.006067134, 33.790024333 ], [ 131.010360078, 33.791414054 ], [ 131.013303476, 33.793530559 ], [ 131.010538911, 33.793388829 ], [ 131.006067134, 33.790024333 ] ] ] } },
{ "type": "Feature", "properties": { "N03_001": "福岡県", "N03_002": null, "N03_003": "京都郡", "N03_004": "苅田町", "N03_005": null, "N03_007": "40621", "city": "苅田町" }, "geometry": null },
{ "type": "Feature", "properties": { "N03_001": "福岡県", "N03_002": null, "N03_003": "京都郡", "N03_004": "苅田町", "N03_005": null, "N03_007": "40621", "city": "苅田町" }, "geometry": null },
{ "type": "Feature", "properties": { "N03_001": "福岡県", "N03_002": null, "N03_003": "京都郡", "N03_004": "苅田町", "N03_005": null, "N03_007": "40621", "city": "苅田町" }, "geometry": null },
{ "type": "Feature", "properties": { "N03_001": "福岡県", "N03_002": null, "N03_003": "京都郡", "N03_004": "苅田町", "N03_005": null, "N03_007": "40621", "city": "苅田町" }, "geometry": null },
{ "type": "Feature", "properties": { "N03_001": "福岡県", "N03_002": null, "N03_003": "京都郡", "N03_004": "苅田町", "N03_005": null, "N03_007": "40621", "city": "苅田町" }, "geometry": null },
{ "type": "Feature", "properties": { "N03_001": "福岡県", "N03_002": null, "N03_003": "京都郡", "N03_004": "苅田町", "N03_005": null, "N03_007": "40621", "city": "苅田町" }, "geometry": null },
{ "type": "Feature", "properties": { "N03_001": "福岡県", "N03_002": null, "N03_003": "京都郡", "N03_004": "苅田町", "N03_005": null, "N03_007": "40621", "city": "苅田町" }, "geometry": null },
{ "type": "Feature", "properties": { "N03_001": "福岡県", "N03_002": null, "N03_003": "京都郡", "N03_004": "みやこ町", "N03_005": null, "N03_007": "40625", "city": "みやこ町" }, "geometry": { "type": "Polygon", "coordinates": [ [ [ 130.922026667000011, 33.557451387 ], [ 130.920070558, 33.551855 ], [ 130.925266109, 33.544153892 ], [ 130.926939728, 33.540960559 ], [ 130.931275836999987, 33.536280559 ], [ 130.933162218, 33.532458892 ], [ 130.931010272, 33.529062225 ], [ 130.93121166, 33.525479441 ], [ 130.932948612, 33.524965559 ], [ 130.933137497, 33.522385 ], [ 130.934760558, 33.520855 ], [ 130.935389442, 33.516746946 ], [ 130.935112503, 33.513221946 ], [ 130.938044994, 33.511916946 ], [ 130.940219442, 33.509132495 ], [ 130.938368327, 33.505883613 ], [ 130.938897223999987, 33.502035 ], [ 130.937958885, 33.499221667 ], [ 130.945381387999987, 33.495174441 ], [ 130.94716083, 33.495535559 ], [ 130.949887497, 33.487669162 ], [ 130.956102218000012, 33.491976387 ], [ 130.961586939, 33.493582495 ], [ 130.962606109, 33.497690829 ], [ 130.966715279, 33.499954721 ], [ 130.969691114999989, 33.500510559 ], [ 130.972315837, 33.505154162 ], [ 130.974728054, 33.505471387 ], [ 130.976766938999987, 33.507096946 ], [ 130.981523333000013, 33.507760829 ], [ 130.980466394, 33.509509441 ], [ 130.976609169999989, 33.511153054 ], [ 130.973532503, 33.514989441 ], [ 130.971331946, 33.515915 ], [ 130.968759728, 33.518655 ], [ 130.967729442, 33.521103054 ], [ 130.968372776, 33.523633892 ], [ 130.965783333, 33.526414162 ], [ 130.966601946, 33.532245829 ], [ 130.965316394000013, 33.534285559 ], [ 130.966717497, 33.538228892 ], [ 130.96507917, 33.542819441 ], [ 130.967405837, 33.545525 ], [ 130.970205279, 33.54707972100001 ], [ 130.968785551, 33.550373054 ], [ 130.970477224, 33.552254441 ], [ 130.973596394, 33.56032 ], [ 130.969827224, 33.561189721 ], [ 130.963158612, 33.564371946 ], [ 130.961765837, 33.565631946 ], [ 130.960796394, 33.572062495 ], [ 130.961631388, 33.572965559 ], [ 130.96269917, 33.582120559 ], [ 130.961447782, 33.585199162 ], [ 130.964574163, 33.589253892 ], [ 130.965917224, 33.594084721 ], [ 130.968863061, 33.596650559 ], [ 130.971444721000012, 33.603894441 ], [ 130.971113890999987, 33.606640279 ], [ 130.973030558, 33.610789721 ], [ 130.972512776, 33.613499441 ], [ 130.975938885, 33.617713613 ], [ 130.97834, 33.623085 ], [ 130.978578612, 33.626240829 ], [ 130.980547497, 33.630028613 ], [ 130.983452503, 33.630537225 ], [ 130.984579728, 33.633426108 ], [ 130.984366394, 33.636528613 ], [ 130.985634449, 33.636704441 ], [ 130.990532503, 33.641328333 ], [ 130.990678885, 33.643900279 ], [ 130.98818166, 33.64617 ], [ 130.987978885, 33.651689441 ], [ 130.991526394, 33.657585559 ], [ 130.989594163, 33.661081946 ], [ 130.992134721000014, 33.663572225 ], [ 131.002337224, 33.671070829 ], [ 131.008186394, 33.673254162 ], [ 131.010722503000011, 33.676237775 ], [ 131.010529442, 33.677328892 ], [ 131.006269442, 33.677581946 ], [ 131.005262218000013, 33.678605559 ], [ 131.007566938999986, 33.680492225 ], [ 131.004357497, 33.68112 ], [ 131.004656667, 33.684926387 ], [ 131.007577223999988, 33.687723054 ], [ 131.002459442, 33.684341387 ], [ 131.002992218, 33.685860829 ], [ 131.000713333, 33.688270279 ], [ 131.002714994, 33.687711108 ], [ 131.00493083, 33.688857225 ], [ 131.006090272, 33.691167775 ], [ 130.99697389100001, 33.691482495 ], [ 130.995234721, 33.694564441 ], [ 130.992360272000013, 33.692774721 ], [ 130.989691946, 33.688987495 ], [ 130.984054721, 33.691872225 ], [ 130.982153891, 33.689663892 ], [ 130.979691946, 33.690561946 ], [ 130.977174163, 33.689733613 ], [ 130.970799441999986, 33.691204721 ], [ 130.971364163, 33.688778054 ], [ 130.969233333, 33.686871108 ], [ 130.964964449, 33.686533613 ], [ 130.961951946, 33.684093054 ], [ 130.959927497, 33.684265 ], [ 130.959808054, 33.682226946 ], [ 130.958076667, 33.679180829 ], [ 130.955061946, 33.678185559 ], [ 130.950945551, 33.680851108 ], [ 130.948623891000011, 33.678406108 ], [ 130.946042776000013, 33.678757495 ], [ 130.943954448999989, 33.676961946 ], [ 130.941033061000013, 33.677125 ], [ 130.939329442, 33.674309721 ], [ 130.934168612, 33.672139721 ], [ 130.926187497, 33.672216387 ], [ 130.928253332999986, 33.677730559 ], [ 130.926007782, 33.679308892 ], [ 130.92800166, 33.681939162 ], [ 130.928206394, 33.685590829 ], [ 130.929346109, 33.689061667 ], [ 130.932032217999989, 33.689011387 ], [ 130.932078327, 33.690865829 ], [ 130.929434994, 33.690042225 ], [ 130.929545837, 33.692022225 ], [ 130.926687781999988, 33.691965 ], [ 130.930244163, 33.694639162 ], [ 130.928777497, 33.699466946 ], [ 130.934935837000012, 33.707966387 ], [ 130.938616667, 33.711168333 ], [ 130.936048612, 33.712833613 ], [ 130.936192503, 33.714446108 ], [ 130.932199442000012, 33.717401108 ], [ 130.931254449, 33.719565559 ], [ 130.926940272, 33.719785 ], [ 130.923697497, 33.721441667 ], [ 130.923152218000013, 33.719289162 ], [ 130.920628612, 33.718445 ], [ 130.918458054000013, 33.721051108 ], [ 130.91381166, 33.720961108 ], [ 130.912791660000011, 33.717906108 ], [ 130.91215083, 33.711656667 ], [ 130.907925837, 33.71241 ], [ 130.90598166, 33.713903892 ], [ 130.903788053999989, 33.718550279 ], [ 130.904839442, 33.719838333 ], [ 130.898752218, 33.721679721 ], [ 130.895933332999988, 33.724512225 ], [ 130.89595917, 33.732277225 ], [ 130.894338327000014, 33.734143613 ], [ 130.89176917, 33.73542 ], [ 130.890353891, 33.738087775 ], [ 130.889455837000014, 33.742455279 ], [ 130.883135837, 33.741493613 ], [ 130.881813606, 33.743991946 ], [ 130.87819, 33.741714721 ], [ 130.876764994000013, 33.739746108 ], [ 130.874119728000011, 33.739381667 ], [ 130.871701115, 33.736836108 ], [ 130.867834994, 33.734292775 ], [ 130.867580272, 33.730552225000011 ], [ 130.868716939, 33.727984721 ], [ 130.869776394000013, 33.722703892 ], [ 130.869195279, 33.719527775 ], [ 130.870860558, 33.717024441 ], [ 130.869144162999987, 33.715072775000017 ], [ 130.872084721, 33.709030829 ], [ 130.872424449, 33.70511 ], [ 130.878438612, 33.699595279 ], [ 130.875216666999989, 33.693848054 ], [ 130.874634449000013, 33.691595558999985 ], [ 130.875511945999989, 33.688813054 ], [ 130.878744721, 33.68497 ], [ 130.88250166, 33.681858054 ], [ 130.885177782, 33.676280559 ], [ 130.888681946, 33.672696387 ], [ 130.889738612, 33.669055 ], [ 130.88851166, 33.665975829 ], [ 130.886442503000012, 33.664203054 ], [ 130.88581083, 33.660924162 ], [ 130.882285279, 33.65774 ], [ 130.884831946, 33.652247775 ], [ 130.890531388, 33.649909441 ], [ 130.892943890999987, 33.649582495 ], [ 130.892633606, 33.644328892 ], [ 130.890294163, 33.641483332999989 ], [ 130.891815837, 33.640676946 ], [ 130.89170083, 33.638510829 ], [ 130.89356, 33.635908613 ], [ 130.902414449, 33.640883892 ], [ 130.902600272, 33.639749721 ], [ 130.908230272, 33.636699721 ], [ 130.906316667, 33.633785 ], [ 130.907330558000012, 33.63164 ], [ 130.906096667000014, 33.630180829 ], [ 130.905802776, 33.626933333 ], [ 130.90418, 33.625685829 ], [ 130.901711388, 33.61969722500001 ], [ 130.898914163, 33.617129721 ], [ 130.89801083, 33.61485 ], [ 130.898885279000012, 33.613129162 ], [ 130.902971946, 33.610323054 ], [ 130.904172503000012, 33.607498054 ], [ 130.903005279000013, 33.604188612999984 ], [ 130.903538054, 33.602547775 ], [ 130.905887497, 33.601786946 ], [ 130.911822503, 33.596585 ], [ 130.91131166, 33.595723054 ], [ 130.911351946, 33.589488892 ], [ 130.914601659999988, 33.586536946 ], [ 130.918247782, 33.586439721 ], [ 130.918688612000011, 33.581960559 ], [ 130.920334720999989, 33.579970829 ], [ 130.919705551, 33.576352225 ], [ 130.922184721, 33.574949721 ], [ 130.922259728, 33.572454441 ], [ 130.920271388, 33.570744162 ], [ 130.92095083000001, 33.565192495 ], [ 130.923644163, 33.560454162 ], [ 130.922026667000011, 33.557451387 ] ] ] } },
{ "type": "Feature", "properties": { "N03_001": "福岡県", "N03_002": null, "N03_003": "築上郡", "N03_004": "吉富町", "N03_005": null, "N03_007": "40642", "city": "吉富町" }, "geometry": { "type": "Polygon", "coordinates": [ [ [ 131.156652218, 33.598253054 ], [ 131.158309442, 33.597165 ], [ 131.165002218000012, 33.595223892 ], [ 131.163980272, 33.593648892 ], [ 131.165572218, 33.592287495 ], [ 131.163837782, 33.588229721 ], [ 131.166402503, 33.588945279 ], [ 131.169492776, 33.587568333 ], [ 131.169854721, 33.589352775 ], [ 131.172695837, 33.588423892 ], [ 131.17333166, 33.590931667 ], [ 131.176368612, 33.593468892 ], [ 131.17837972800001, 33.596817495 ], [ 131.177361946, 33.602211108 ], [ 131.177915551000012, 33.604824721 ], [ 131.182157224, 33.611796946 ], [ 131.18509666700001, 33.615765279 ], [ 131.183961192999988, 33.618802586 ], [ 131.184790311, 33.620414613 ], [ 131.17869083, 33.621260892 ], [ 131.177293696, 33.622255198 ], [ 131.176873061, 33.619842198 ], [ 131.171101920000012, 33.619376802 ], [ 131.169674838, 33.616767279 ], [ 131.166186641, 33.616923514 ], [ 131.164875837000011, 33.613552225 ], [ 131.165364449, 33.61150889200001 ], [ 131.16082083, 33.609716108 ], [ 131.160071945999988, 33.607553054 ], [ 131.154787497, 33.604792225 ], [ 131.152906939, 33.602229721 ], [ 131.157328054, 33.600515559 ], [ 131.156652218, 33.598253054 ] ] ] } },
{ "type": "Feature", "properties": { "N03_001": "福岡県", "N03_002": null, "N03_003": "築上郡", "N03_004": "上毛町", "N03_005": null, "N03_007": "40646", "city": "上毛町" }, "geometry": { "type": "Polygon", "coordinates": [ [ [ 131.156652218, 33.598253054 ], [ 131.155198885, 33.594987495 ], [ 131.151909442, 33.590466108 ], [ 131.149507497, 33.58966082900001 ], [ 131.145166667000012, 33.586637225 ], [ 131.142173606, 33.585814162 ], [ 131.138409169999989, 33.582615279 ], [ 131.130997782, 33.57936555900001 ], [ 131.128091114999989, 33.574003333 ], [ 131.121797496999989, 33.567619721 ], [ 131.118623061, 33.557062775 ], [ 131.11567, 33.554038054 ], [ 131.113272218, 33.547768054 ], [ 131.109659728, 33.543103613 ], [ 131.105789442, 33.543976946 ], [ 131.104025279000012, 33.541058333 ], [ 131.093425551, 33.535654162 ], [ 131.094556394, 33.531171108 ], [ 131.090841388, 33.524768054 ], [ 131.089102776, 33.52452 ], [ 131.086850272, 33.521802775 ], [ 131.083985551000012, 33.521164721 ], [ 131.082135551, 33.518770829 ], [ 131.076406666999986, 33.517700829 ], [ 131.070459441999986, 33.512769441 ], [ 131.06765083, 33.509056387 ], [ 131.069738612, 33.506787775 ], [ 131.073920558, 33.507010559 ], [ 131.075438885000011, 33.505340279 ], [ 131.078528326999987, 33.506206108 ], [ 131.079240272, 33.505379721 ], [ 131.086091388, 33.506403892 ], [ 131.087467224, 33.506150829 ], [ 131.093700558, 33.507366387 ], [ 131.096147497, 33.506578333000014 ], [ 131.097078054, 33.504583613 ], [ 131.100534993999986, 33.504755279 ], [ 131.105186667, 33.50658 ], [ 131.105507497, 33.507756108 ], [ 131.111844994, 33.506548613 ], [ 131.1123, 33.504734721 ], [ 131.118971945999988, 33.502082495 ], [ 131.129725279000013, 33.501845 ], [ 131.130114163, 33.50467027900001 ], [ 131.133625279, 33.505773333 ], [ 131.14158389100001, 33.504639162 ], [ 131.146532218, 33.505958892 ], [ 131.14934917, 33.505368333 ], [ 131.151985279, 33.506525559000011 ], [ 131.15465917, 33.506071946 ], [ 131.15579917, 33.507866946 ], [ 131.163305551, 33.508448613 ], [ 131.167156109, 33.505594162 ], [ 131.175954448999988, 33.506558054 ], [ 131.17736083, 33.508284721 ], [ 131.174138612, 33.512623333 ], [ 131.169545551, 33.514004441 ], [ 131.168061388000012, 33.516154162 ], [ 131.169711115000013, 33.521161946 ], [ 131.168798611999989, 33.524955 ], [ 131.16640166, 33.526853613 ], [ 131.166710558, 33.528712495 ], [ 131.176753606, 33.534396108 ], [ 131.178324994, 33.537153054 ], [ 131.180460272, 33.538283333 ], [ 131.18689917, 33.544038333 ], [ 131.188554993999986, 33.548085829 ], [ 131.188349442, 33.549581108 ], [ 131.190569728000014, 33.558025279 ], [ 131.189403333, 33.563075829 ], [ 131.186162503, 33.567863613 ], [ 131.183107782, 33.569481667 ], [ 131.176024163, 33.574718333 ], [ 131.173161388000011, 33.578235 ], [ 131.172342218000011, 33.583033333 ], [ 131.172695837, 33.588423892 ], [ 131.169854721, 33.589352775 ], [ 131.169492776, 33.587568333 ], [ 131.166402503, 33.588945279 ], [ 131.163837782, 33.588229721 ], [ 131.165572218, 33.592287495 ], [ 131.163980272, 33.593648892 ], [ 131.165002218000012, 33.595223892 ], [ 131.158309442, 33.597165 ], [ 131.156652218, 33.598253054 ] ] ] } },
{ "type": "Feature", "properties": { "N03_001": "福岡県", "N03_002": null, "N03_003": "築上郡", "N03_004": "築上町", "N03_005": null, "N03_007": "40647", "city": "築上町" }, "geometry": { "type": "Polygon", "coordinates": [ [ [ 131.010722503000011, 33.676237775 ], [ 131.008186394, 33.673254162 ], [ 131.002337224, 33.671070829 ], [ 130.992134721000014, 33.663572225 ], [ 130.989594163, 33.661081946 ], [ 130.991526394, 33.657585559 ], [ 130.987978885, 33.651689441 ], [ 130.98818166, 33.64617 ], [ 130.990678885, 33.643900279 ], [ 130.990532503, 33.641328333 ], [ 130.985634449, 33.636704441 ], [ 130.984366394, 33.636528613 ], [ 130.984579728, 33.633426108 ], [ 130.983452503, 33.630537225 ], [ 130.980547497, 33.630028613 ], [ 130.978578612, 33.626240829 ], [ 130.97834, 33.623085 ], [ 130.975938885, 33.617713613 ], [ 130.972512776, 33.613499441 ], [ 130.973030558, 33.610789721 ], [ 130.971113890999987, 33.606640279 ], [ 130.971444721000012, 33.603894441 ], [ 130.968863061, 33.596650559 ], [ 130.965917224, 33.594084721 ], [ 130.964574163, 33.589253892 ], [ 130.961447782, 33.585199162 ], [ 130.96269917, 33.582120559 ], [ 130.961631388, 33.572965559 ], [ 130.960796394, 33.572062495 ], [ 130.961765837, 33.565631946 ], [ 130.963158612, 33.564371946 ], [ 130.969827224, 33.561189721 ], [ 130.973596394, 33.56032 ], [ 130.970477224, 33.552254441 ], [ 130.968785551, 33.550373054 ], [ 130.970205279, 33.54707972100001 ], [ 130.967405837, 33.545525 ], [ 130.96507917, 33.542819441 ], [ 130.966717497, 33.538228892 ], [ 130.965316394000013, 33.534285559 ], [ 130.966601946, 33.532245829 ], [ 130.965783333, 33.526414162 ], [ 130.968372776, 33.523633892 ], [ 130.967729442, 33.521103054 ], [ 130.968759728, 33.518655 ], [ 130.971331946, 33.515915 ], [ 130.973532503, 33.514989441 ], [ 130.976609169999989, 33.511153054 ], [ 130.980466394, 33.509509441 ], [ 130.981523333000013, 33.507760829 ], [ 130.986632776, 33.507327225 ], [ 130.98995166, 33.509140559 ], [ 130.991167782, 33.514733333 ], [ 130.990158611999988, 33.517426108 ], [ 130.993598327, 33.524293054 ], [ 130.99447583700001, 33.52708194600001 ], [ 130.99714, 33.529101387 ], [ 131.000312775999987, 33.533184441 ], [ 131.00218416300001, 33.53305 ], [ 131.005165279000011, 33.535744441 ], [ 131.009057224, 33.537948054 ], [ 131.010691388, 33.540111667 ], [ 131.009469728, 33.543800559 ], [ 131.012217782, 33.548985 ], [ 131.012117497, 33.553582495 ], [ 131.015537224000013, 33.556524721 ], [ 131.016907224, 33.560706667 ], [ 131.019307782, 33.560639162 ], [ 131.023994721, 33.564120279 ], [ 131.029732503, 33.565268054 ], [ 131.03186138800001, 33.567456946 ], [ 131.033223333, 33.571240829 ], [ 131.035828054, 33.573089441 ], [ 131.041482503, 33.58139889200001 ], [ 131.042537782000011, 33.584816946 ], [ 131.045566394, 33.587171946 ], [ 131.048694993999987, 33.595750559 ], [ 131.051528053999988, 33.598960279 ], [ 131.057026109, 33.603958613 ], [ 131.066153332999988, 33.609491108 ], [ 131.067921388, 33.612475559 ], [ 131.07125166, 33.616341387 ], [ 131.07686917, 33.623928054 ], [ 131.082260272000013, 33.626198333 ], [ 131.085087224, 33.629429721 ], [ 131.08463489, 33.63261317100001 ], [ 131.086659481, 33.634447721 ], [ 131.084612672, 33.633779171 ], [ 131.082674034, 33.635843946 ], [ 131.084002827, 33.63676336 ], [ 131.080351025, 33.648049667 ], [ 131.072736354999989, 33.656531721 ], [ 131.067338858999989, 33.658815333 ], [ 131.066333165, 33.660583667 ], [ 131.065785940000012, 33.665036802 ], [ 131.061911699, 33.672301360000013 ], [ 131.059333606, 33.673088721 ], [ 131.056479442000011, 33.678454252 ], [ 131.056296355, 33.680663495 ], [ 131.054605357000014, 33.681354054 ], [ 131.052302996, 33.685013495 ], [ 131.050039222, 33.686204694 ], [ 131.052366057, 33.686823135 ], [ 131.053185719999988, 33.688450387 ], [ 131.056267717, 33.689387306 ], [ 131.055745473, 33.690558053999986 ], [ 131.049502361, 33.688654414 ], [ 131.048299805, 33.690044306 ], [ 131.045796265, 33.689095216 ], [ 131.04587917, 33.684969162 ], [ 131.043315837, 33.682753613 ], [ 131.03929, 33.681499441 ], [ 131.036764721, 33.679806108 ], [ 131.033069727999987, 33.679996946 ], [ 131.030289442, 33.679271387 ], [ 131.022867497, 33.683471108 ], [ 131.018491388, 33.681595559 ], [ 131.015991388, 33.678536108 ], [ 131.010722503000011, 33.676237775 ] ] ] } },
{ "type": "Feature", "properties": { "N03_001": "福岡県", "N03_002": null, "N03_003": "築上郡", "N03_004": "築上町", "N03_005": null, "N03_007": "40647", "city": "築上町" }, "geometry": null }
]
}
