{
"type": "FeatureCollection",
"name": "schools",
"crs": { "type": "name", "properties": { "name": "urn:ogc:def:crs:OGC:1.3:CRS84" } },
"features": [
{ "type": "Feature", "properties": { "fid": 1, "P29_001": "40133", "P29_002": "B140110000013", "P29_003": "16001", "P29_004": "福岡教育大学附属福岡小学校", "P29_005": "福岡県福岡市中央区西公園12-1", "city": "福岡市中央区" }, "geometry": { "type": "Point", "coordinates": [ 130.37301746237722, 33.596013087002405 ] } },
{ "type": "Feature", "properties": { "fid": 2, "P29_001": "40106", "P29_002": "B140110000022", "P29_003": "16001", "P29_004": "福岡教育大学附属小倉小学校", "P29_005": "福岡県北九州市小倉北区下富野3-13-1", "city": "北九州市小倉北区" }, "geometry": { "type": "Point", "coordinates": [ 130.89934809576431, 33.880456577102777 ] } },
{ "type": "Feature", "properties": { "fid": 3, "P29_001": "40101", "P29_002": "B140210000020", "P29_003": "16001", "P29_004": "北九州市立田野浦小学校", "P29_005": "福岡県北九州市門司区田野浦1-18-1", "city": "北九州市門司区" }, "geometry": { "type": "Point", "coordinates": [ 130.991538304531161, 33.95532088620444 ] } },
{ "type": "Feature", "properties": { "fid": 4, "P29_001": "40101", "P29_002": "B140210000048", "P29_003": "16001", "P29_004": "北九州市立大里東小学校", "P29_005": "福岡県北九州市門司区中二十町7-1", "city": "北九州市門司区" }, "geometry": { "type": "Point", "coordinates": [ 130.941736295957725, 33.908953495521708 ] } },
{ "type": "Feature", "properties": { "fid": 5, "P29_001": "40101", "P29_002": "B140210000066", "P29_003": "16001", "P29_004": "北九州市立白野江小学校", "P29_005": "福岡県北九州市門司区白野江3-2-1", "city": "北九州市門司区" }, "geometry": { "type": "Point", "coordinates": [ 131.007726623297884, 33.93863760764534 ] } },
{ "type": "Feature", "properties": { "fid": 6, "P29_001": "40101", "P29_002": "B140210000093", "P29_003": "16001", "P29_004": "北九州市立西門司小学校", "P29_005": "福岡県北九州市門司区東新町1-10-1", "city": "北九州市門司区" }, "geometry": { "type": "Point", "coordinates": [ 130.926217307175989, 33.893130349002263 ] } },
{ "type": "Feature", "properties": { "fid": 7, "P29_001": "40101", "P29_002": "B140210000100", "P29_003": "16001", "P29_004": "北九州市立松ヶ江南小学校", "P29_005": "福岡県北九州市門司区吉志2-20-1", "city": "北九州市門司区" }, "geometry": { "type": "Point", "coordinates": [ 130.970036742845338, 33.866510960953001 ] } },
{ "type": "Feature", "properties": { "fid": 8, "P29_001": "40101", "P29_002": "B140210000128", "P29_003": "16001", "P29_004": "北九州市立萩ケ丘小学校", "P29_005": "福岡県北九州市門司区寺内2-7-1", "city": "北九州市門司区" }, "geometry": { "type": "Point", "coordinates": [ 130.945228754928678, 33.904620685201337 ] } },
{ "type": "Feature", "properties": { "fid": 9, "P29_001": "40101", "P29_002": "B140210000137", "P29_003": "16001", "P29_004": "北九州市立大里南小学校", "P29_005": "福岡県北九州市門司区新原町15-1", "city": "北九州市門司区" }, "geometry": { "type": "Point", "coordinates": [ 130.931799400589455, 33.89116574381066 ] } },
{ "type": "Feature", "properties": { "fid": 10, "P29_001": "40101", "P29_002": "B140210000146", "P29_003": "16001", "P29_004": "北九州市立藤松小学校", "P29_005": "福岡県北九州市門司区藤松1-19-1", "city": "北九州市門司区" }, "geometry": { "type": "Point", "coordinates": [ 130.925672674131732, 33.888486483241721 ] } },
{ "type": "Feature", "properties": { "fid": 11, "P29_001": "40101", "P29_002": "B140210000155", "P29_003": "16001", "P29_004": "北九州市立門司中央小学校", "P29_005": "福岡県北九州市門司区東門司2-16-1", "city": "北九州市門司区" }, "geometry": { "type": "Point", "coordinates": [ 130.974974126311508, 33.9469395731426 ] } },
{ "type": "Feature", "properties": { "fid": 12, "P29_001": "40101", "P29_002": "B140210000164", "P29_003": "16001", "P29_004": "北九州市立門司海青小学校", "P29_005": "福岡県北九州市門司区清滝5-3-21", "city": "北九州市門司区" }, "geometry": { "type": "Point", "coordinates": [ 130.966520901481829, 33.942780985302917 ] } },
{ "type": "Feature", "properties": { "fid": 13, "P29_001": "40101", "P29_002": "B140210000173", "P29_003": "16001", "P29_004": "北九州市立港が丘小学校", "P29_005": "福岡県北九州市門司区清見1-18-38", "city": "北九州市門司区" }, "geometry": { "type": "Point", "coordinates": [ 130.976242737365766, 33.953184891222818 ] } },
{ "type": "Feature", "properties": { "fid": 14, "P29_001": "40103", "P29_002": "B140210000182", "P29_003": "16001", "P29_004": "北九州市立深町小学校", "P29_005": "福岡県北九州市若松区西畑町13-1", "city": "北九州市若松区" }, "geometry": { "type": "Point", "coordinates": [ 130.792759939552155, 33.911030363410696 ] } },
{ "type": "Feature", "properties": { "fid": 15, "P29_001": "40103", "P29_002": "B140210000191", "P29_003": "16001", "P29_004": "北九州市立小石小学校", "P29_005": "福岡県北九州市若松区宮前町3-1", "city": "北九州市若松区" }, "geometry": { "type": "Point", "coordinates": [ 130.789220849076173, 33.916058864646274 ] } },
{ "type": "Feature", "properties": { "fid": 16, "P29_001": "40103", "P29_002": "B140210000226", "P29_003": "16001", "P29_004": "北九州市立藤木小学校", "P29_005": "福岡県北九州市若松区今光1-18-1", "city": "北九州市若松区" }, "geometry": { "type": "Point", "coordinates": [ 130.77403770664958, 33.893902127872096 ] } },
{ "type": "Feature", "properties": { "fid": 17, "P29_001": "40103", "P29_002": "B140210000262", "P29_003": "16001", "P29_004": "北九州市立赤崎小学校", "P29_005": "福岡県北九州市若松区西小石町8-1", "city": "北九州市若松区" }, "geometry": { "type": "Point", "coordinates": [ 130.790291967150011, 33.920191906673402 ] } },
{ "type": "Feature", "properties": { "fid": 18, "P29_001": "40103", "P29_002": "B140210000271", "P29_003": "16001", "P29_004": "北九州市立高須小学校", "P29_005": "福岡県北九州市若松区高須東4-14-1", "city": "北九州市若松区" }, "geometry": { "type": "Point", "coordinates": [ 130.694699049691025, 33.890370091210066 ] } },
{ "type": "Feature", "properties": { "fid": 19, "P29_001": "40103", "P29_002": "B140210000280", "P29_003": "16001", "P29_004": "北九州市立鴨生田小学校", "P29_005": "福岡県北九州市若松区鴨生田4-13-1", "city": "北九州市若松区" }, "geometry": { "type": "Point", "coordinates": [ 130.737293928815433, 33.89820223836842 ] } },
{ "type": "Feature", "properties": { "fid": 20, "P29_001": "40103", "P29_002": "B140210000299", "P29_003": "16001", "P29_004": "北九州市立青葉小学校", "P29_005": "福岡県北九州市若松区青葉台西3-1-1", "city": "北九州市若松区" }, "geometry": { "type": "Point", "coordinates": [ 130.687957727325113, 33.899128571109713 ] } },
{ "type": "Feature", "properties": { "fid": 21, "P29_001": "40103", "P29_002": "B140210000306", "P29_003": "16001", "P29_004": "北九州市立若松中央小学校", "P29_005": "福岡県北九州市若松区白山2-1-1", "city": "北九州市若松区" }, "geometry": { "type": "Point", "coordinates": [ 130.805193566379927, 33.905853888926956 ] } },
{ "type": "Feature", "properties": { "fid": 22, "P29_001": "40103", "P29_002": "B140210000315", "P29_003": "16001", "P29_004": "北九州市立ひびきの小学校", "P29_005": "福岡県北九州市若松区塩屋739-3", "city": "北九州市若松区" }, "geometry": { "type": "Point", "coordinates": [ 130.711376232721676, 33.893194307426079 ] } },
{ "type": "Feature", "properties": { "fid": 23, "P29_001": "40105", "P29_002": "B140210000324", "P29_003": "16001", "P29_004": "北九州市立牧山小学校", "P29_005": "福岡県北九州市戸畑区丸町2-15-25", "city": "北九州市戸畑区" }, "geometry": { "type": "Point", "coordinates": [ 130.819298299913783, 33.891459376420109 ] } },
{ "type": "Feature", "properties": { "fid": 24, "P29_001": "40105", "P29_002": "B140210000333", "P29_003": "16001", "P29_004": "北九州市立中原小学校", "P29_005": "福岡県北九州市戸畑区中原西3-1-1", "city": "北九州市戸畑区" }, "geometry": { "type": "Point", "coordinates": [ 130.842721546352209, 33.893649067660043 ] } },
{ "type": "Feature", "properties": { "fid": 25, "P29_001": "40105", "P29_002": "B140210000342", "P29_003": "16001", "P29_004": "北九州市立天籟寺小学校", "P29_005": "福岡県北九州市戸畑区夜宮2-1-1", "city": "北九州市戸畑区" }, "geometry": { "type": "Point", "coordinates": [ 130.832925651665306, 33.886752696628186 ] } },
{ "type": "Feature", "properties": { "fid": 26, "P29_001": "40105", "P29_002": "B140210000360", "P29_003": "16001", "P29_004": "北九州市立一枝小学校", "P29_005": "福岡県北九州市戸畑区一枝2-7-1", "city": "北九州市戸畑区" }, "geometry": { "type": "Point", "coordinates": [ 130.839985472844262, 33.884910803515197 ] } },
{ "type": "Feature", "properties": { "fid": 27, "P29_001": "40105", "P29_002": "B140210000388", "P29_003": "16001", "P29_004": "北九州市立あやめが丘小学校", "P29_005": "福岡県北九州市戸畑区沢見2-3-1", "city": "北九州市戸畑区" }, "geometry": { "type": "Point", "coordinates": [ 130.838408998851207, 33.895653012900532 ] } },
{ "type": "Feature", "properties": { "fid": 28, "P29_001": "40106", "P29_002": "B140210000404", "P29_003": "16001", "P29_004": "北九州市立富野小学校", "P29_005": "福岡県北九州市小倉北区常磐町3-1", "city": "北九州市小倉北区" }, "geometry": { "type": "Point", "coordinates": [ 130.905488011699958, 33.8815234640565 ] } },
{ "type": "Feature", "properties": { "fid": 29, "P29_001": "40106", "P29_002": "B140210000413", "P29_003": "16001", "P29_004": "北九州市立桜丘小学校", "P29_005": "福岡県北九州市小倉北区赤坂2-21-1", "city": "北九州市小倉北区" }, "geometry": { "type": "Point", "coordinates": [ 130.909630327295417, 33.886695051397488 ] } },
{ "type": "Feature", "properties": { "fid": 30, "P29_001": "40106", "P29_002": "B140210000422", "P29_003": "16001", "P29_004": "北九州市立足立小学校", "P29_005": "福岡県北九州市小倉北区宇佐町1-6-7", "city": "北九州市小倉北区" }, "geometry": { "type": "Point", "coordinates": [ 130.890491365467682, 33.878086266771689 ] } },
{ "type": "Feature", "properties": { "fid": 31, "P29_001": "40106", "P29_002": "B140210000431", "P29_003": "16001", "P29_004": "北九州市立寿山小学校", "P29_005": "福岡県北九州市小倉北区大畠3-10-1", "city": "北九州市小倉北区" }, "geometry": { "type": "Point", "coordinates": [ 130.899711890210909, 33.871497104908464 ] } },
{ "type": "Feature", "properties": { "fid": 32, "P29_001": "40106", "P29_002": "B140210000440", "P29_003": "16001", "P29_004": "北九州市立三郎丸小学校", "P29_005": "福岡県北九州市小倉北区三郎丸3-13-1", "city": "北九州市小倉北区" }, "geometry": { "type": "Point", "coordinates": [ 130.888716960135582, 33.867611825383065 ] } },
{ "type": "Feature", "properties": { "fid": 33, "P29_001": "40106", "P29_002": "B140210000459", "P29_003": "16001", "P29_004": "北九州市立霧丘小学校", "P29_005": "福岡県北九州市小倉北区霧ケ丘1-12-1", "city": "北九州市小倉北区" }, "geometry": { "type": "Point", "coordinates": [ 130.896795370853681, 33.855652461294071 ] } },
{ "type": "Feature", "properties": { "fid": 34, "P29_001": "40106", "P29_002": "B140210000477", "P29_003": "16001", "P29_004": "北九州市立中島小学校", "P29_005": "福岡県北九州市小倉北区昭和町16-1", "city": "北九州市小倉北区" }, "geometry": { "type": "Point", "coordinates": [ 130.877458980188635, 33.874657643633441 ] } },
{ "type": "Feature", "properties": { "fid": 35, "P29_001": "40106", "P29_002": "B140210000486", "P29_003": "16001", "P29_004": "北九州市立貴船小学校", "P29_005": "福岡県北九州市小倉北区白銀2-8-1", "city": "北九州市小倉北区" }, "geometry": { "type": "Point", "coordinates": [ 130.87479894348246, 33.868469952408972 ] } },
{ "type": "Feature", "properties": { "fid": 36, "P29_001": "40106", "P29_002": "B140210000495", "P29_003": "16001", "P29_004": "北九州市立西小倉小学校", "P29_005": "福岡県北九州市小倉北区城内6-1", "city": "北九州市小倉北区" }, "geometry": { "type": "Point", "coordinates": [ 130.870367320454676, 33.882707275090198 ] } },
{ "type": "Feature", "properties": { "fid": 37, "P29_001": "40106", "P29_002": "B140210000501", "P29_003": "16001", "P29_004": "北九州市立日明小学校", "P29_005": "福岡県北九州市小倉北区日明4-4-1", "city": "北九州市小倉北区" }, "geometry": { "type": "Point", "coordinates": [ 130.85848759960794, 33.892105275836926 ] } },
{ "type": "Feature", "properties": { "fid": 38, "P29_001": "40106", "P29_002": "B140210000510", "P29_003": "16001", "P29_004": "北九州市立中井小学校", "P29_005": "福岡県北九州市小倉北区中井2-12-1", "city": "北九州市小倉北区" }, "geometry": { "type": "Point", "coordinates": [ 130.850176223682098, 33.891226101834349 ] } },
{ "type": "Feature", "properties": { "fid": 39, "P29_001": "40106", "P29_002": "B140210000529", "P29_003": "16001", "P29_004": "北九州市立到津小学校", "P29_005": "福岡県北九州市小倉北区上到津1-9-1", "city": "北九州市小倉北区" }, "geometry": { "type": "Point", "coordinates": [ 130.853148009862423, 33.879538832590214 ] } },
{ "type": "Feature", "properties": { "fid": 40, "P29_001": "40106", "P29_002": "B140210000538", "P29_003": "16001", "P29_004": "北九州市立井堀小学校", "P29_005": "福岡県北九州市小倉北区井堀3-15-1", "city": "北九州市小倉北区" }, "geometry": { "type": "Point", "coordinates": [ 130.845767200407636, 33.88389795372715 ] } },
{ "type": "Feature", "properties": { "fid": 41, "P29_001": "40106", "P29_002": "B140210000547", "P29_003": "16001", "P29_004": "北九州市立泉台小学校", "P29_005": "福岡県北九州市小倉北区泉台1-3-1", "city": "北九州市小倉北区" }, "geometry": { "type": "Point", "coordinates": [ 130.850619696507692, 33.869788804135759 ] } },
{ "type": "Feature", "properties": { "fid": 42, "P29_001": "40106", "P29_002": "B140210000556", "P29_003": "16001", "P29_004": "北九州市立清水小学校", "P29_005": "福岡県北九州市小倉北区清水2-13-1", "city": "北九州市小倉北区" }, "geometry": { "type": "Point", "coordinates": [ 130.861569566433587, 33.873465751442552 ] } },
{ "type": "Feature", "properties": { "fid": 43, "P29_001": "40106", "P29_002": "B140210000565", "P29_003": "16001", "P29_004": "北九州市立南小倉小学校", "P29_005": "福岡県北九州市小倉北区新高田1-1-1", "city": "北九州市小倉北区" }, "geometry": { "type": "Point", "coordinates": [ 130.864013855089382, 33.868815816176145 ] } },
{ "type": "Feature", "properties": { "fid": 44, "P29_001": "40106", "P29_002": "B140210000574", "P29_003": "16001", "P29_004": "北九州市立足原小学校", "P29_005": "福岡県北九州市小倉北区足原2-8-1", "city": "北九州市小倉北区" }, "geometry": { "type": "Point", "coordinates": [ 130.896566061008031, 33.864419943010084 ] } },
{ "type": "Feature", "properties": { "fid": 45, "P29_001": "40106", "P29_002": "B140210000583", "P29_003": "16001", "P29_004": "北九州市立南丘小学校", "P29_005": "福岡県北九州市小倉北区南丘1-1-1", "city": "北九州市小倉北区" }, "geometry": { "type": "Point", "coordinates": [ 130.869410468595731, 33.853203510319503 ] } },
{ "type": "Feature", "properties": { "fid": 46, "P29_001": "40106", "P29_002": "B140210000592", "P29_003": "16001", "P29_004": "北九州市立今町小学校", "P29_005": "福岡県北九州市小倉北区今町3-19-1", "city": "北九州市小倉北区" }, "geometry": { "type": "Point", "coordinates": [ 130.872360714708662, 33.854173511661081 ] } },
{ "type": "Feature", "properties": { "fid": 47, "P29_001": "40107", "P29_002": "B140210000618", "P29_003": "16001", "P29_004": "北九州市立北方小学校", "P29_005": "福岡県北九州市小倉南区北方2-2-1", "city": "北九州市小倉南区" }, "geometry": { "type": "Point", "coordinates": [ 130.879571405574382, 33.850327605994636 ] } },
{ "type": "Feature", "properties": { "fid": 48, "P29_001": "40107", "P29_002": "B140210000627", "P29_003": "16001", "P29_004": "北九州市立城野小学校", "P29_005": "福岡県北九州市小倉南区富士見3-2-1", "city": "北九州市小倉南区" }, "geometry": { "type": "Point", "coordinates": [ 130.880744331534203, 33.858967445821214 ] } },
{ "type": "Feature", "properties": { "fid": 49, "P29_001": "40107", "P29_002": "B140210000645", "P29_003": "16001", "P29_004": "北九州市立志井小学校", "P29_005": "福岡県北九州市小倉南区大字志井280", "city": "北九州市小倉南区" }, "geometry": { "type": "Point", "coordinates": [ 130.875707094540843, 33.814150500429918 ] } },
{ "type": "Feature", "properties": { "fid": 50, "P29_001": "40107", "P29_002": "B140210000654", "P29_003": "16001", "P29_004": "北九州市立横代小学校", "P29_005": "福岡県北九州市小倉南区横代南町2-4-1", "city": "北九州市小倉南区" }, "geometry": { "type": "Point", "coordinates": [ 130.891899663173263, 33.830530166978413 ] } },
{ "type": "Feature", "properties": { "fid": 51, "P29_001": "40107", "P29_002": "B140210000663", "P29_003": "16001", "P29_004": "北九州市立葛原小学校", "P29_005": "福岡県北九州市小倉南区葛原4-24-1", "city": "北九州市小倉南区" }, "geometry": { "type": "Point", "coordinates": [ 130.915850270565414, 33.843964992464528 ] } },
{ "type": "Feature", "properties": { "fid": 52, "P29_001": "40107", "P29_002": "B140210000672", "P29_003": "16001", "P29_004": "北九州市立吉田小学校", "P29_005": "福岡県北九州市小倉南区中吉田1-3-1", "city": "北九州市小倉南区" }, "geometry": { "type": "Point", "coordinates": [ 130.949658730317935, 33.846924021571795 ] } },
{ "type": "Feature", "properties": { "fid": 53, "P29_001": "40107", "P29_002": "B140210000681", "P29_003": "16001", "P29_004": "北九州市立曽根小学校", "P29_005": "福岡県北九州市小倉南区中曽根3-9-1", "city": "北九州市小倉南区" }, "geometry": { "type": "Point", "coordinates": [ 130.939817192154237, 33.824445191143816 ] } },
{ "type": "Feature", "properties": { "fid": 54, "P29_001": "40107", "P29_002": "B140210000690", "P29_003": "16001", "P29_004": "北九州市立貫小学校", "P29_005": "福岡県北九州市小倉南区上貫3-1-1", "city": "北九州市小倉南区" }, "geometry": { "type": "Point", "coordinates": [ 130.921372302401551, 33.81657238048755 ] } },
{ "type": "Feature", "properties": { "fid": 55, "P29_001": "40107", "P29_002": "B140210000707", "P29_003": "16001", "P29_004": "北九州市立朽網小学校", "P29_005": "福岡県北九州市小倉南区朽網西5-12-1", "city": "北九州市小倉南区" }, "geometry": { "type": "Point", "coordinates": [ 130.95008835552656, 33.806564921466254 ] } },
{ "type": "Feature", "properties": { "fid": 56, "P29_001": "40107", "P29_002": "B140210000716", "P29_003": "16001", "P29_004": "北九州市立新道寺小学校", "P29_005": "福岡県北九州市小倉南区大字新道寺820-1", "city": "北九州市小倉南区" }, "geometry": { "type": "Point", "coordinates": [ 130.869446207563072, 33.786269594915751 ] } },
{ "type": "Feature", "properties": { "fid": 57, "P29_001": "40107", "P29_002": "B140210000734", "P29_003": "16001", "P29_004": "北九州市立長行小学校", "P29_005": "福岡県北九州市小倉南区長行東3-8-1", "city": "北九州市小倉南区" }, "geometry": { "type": "Point", "coordinates": [ 130.85889208007913, 33.817917626321922 ] } },
{ "type": "Feature", "properties": { "fid": 58, "P29_001": "40107", "P29_002": "B140210000743", "P29_003": "16001", "P29_004": "北九州市立合馬小学校", "P29_005": "福岡県北九州市小倉南区大字合馬304", "city": "北九州市小倉南区" }, "geometry": { "type": "Point", "coordinates": [ 130.831970693926223, 33.812761407486875 ] } },
{ "type": "Feature", "properties": { "fid": 59, "P29_001": "40107", "P29_002": "B140210000761", "P29_003": "16001", "P29_004": "北九州市立広徳小学校", "P29_005": "福岡県北九州市小倉南区南方4-1-1", "city": "北九州市小倉南区" }, "geometry": { "type": "Point", "coordinates": [ 130.861959454552164, 33.829540178692675 ] } },
{ "type": "Feature", "properties": { "fid": 60, "P29_001": "40107", "P29_002": "B140210000770", "P29_003": "16001", "P29_004": "北九州市立企救丘小学校", "P29_005": "福岡県北九州市小倉南区企救丘2-1-1", "city": "北九州市小倉南区" }, "geometry": { "type": "Point", "coordinates": [ 130.876342890442885, 33.822655014890032 ] } },
{ "type": "Feature", "properties": { "fid": 61, "P29_001": "40107", "P29_002": "B140210000789", "P29_003": "16001", "P29_004": "北九州市立湯川小学校", "P29_005": "福岡県北九州市小倉南区湯川新町1-8-1", "city": "北九州市小倉南区" }, "geometry": { "type": "Point", "coordinates": [ 130.895078387616792, 33.846824478641665 ] } },
{ "type": "Feature", "properties": { "fid": 62, "P29_001": "40107", "P29_002": "B140210000798", "P29_003": "16001", "P29_004": "北九州市立沼小学校", "P29_005": "福岡県北九州市小倉南区沼本町2-4-1", "city": "北九州市小倉南区" }, "geometry": { "type": "Point", "coordinates": [ 130.938913321842421, 33.848376913128007 ] } },
{ "type": "Feature", "properties": { "fid": 63, "P29_001": "40107", "P29_002": "B140210000805", "P29_003": "16001", "P29_004": "北九州市立守恒小学校", "P29_005": "福岡県北九州市小倉南区星和台2-1-1", "city": "北九州市小倉南区" }, "geometry": { "type": "Point", "coordinates": [ 130.879697910944259, 33.829873829849461 ] } },
{ "type": "Feature", "properties": { "fid": 64, "P29_001": "40107", "P29_002": "B140210000814", "P29_003": "16001", "P29_004": "北九州市立曽根東小学校", "P29_005": "福岡県北九州市小倉南区中曽根東3-5-1", "city": "北九州市小倉南区" }, "geometry": { "type": "Point", "coordinates": [ 130.946607867105428, 33.828758870794843 ] } },
{ "type": "Feature", "properties": { "fid": 65, "P29_001": "40107", "P29_002": "B140210000823", "P29_003": "16001", "P29_004": "北九州市立田原小学校", "P29_005": "福岡県北九州市小倉南区田原新町2-1-1", "city": "北九州市小倉南区" }, "geometry": { "type": "Point", "coordinates": [ 130.927558016586204, 33.829668875081381 ] } },
{ "type": "Feature", "properties": { "fid": 66, "P29_001": "40107", "P29_002": "B140210000832", "P29_003": "16001", "P29_004": "北九州市立高蔵小学校", "P29_005": "福岡県北九州市小倉南区上吉田3-11-1", "city": "北九州市小倉南区" }, "geometry": { "type": "Point", "coordinates": [ 130.947560550614412, 33.858186715530955 ] } },
{ "type": "Feature", "properties": { "fid": 67, "P29_001": "40107", "P29_002": "B140210000841", "P29_003": "16001", "P29_004": "北九州市立長尾小学校", "P29_005": "福岡県北九州市小倉南区長尾4-30-1", "city": "北九州市小倉南区" }, "geometry": { "type": "Point", "coordinates": [ 130.856864668611678, 33.822113492097394 ] } },
{ "type": "Feature", "properties": { "fid": 68, "P29_001": "40107", "P29_002": "B140210000850", "P29_003": "16001", "P29_004": "北九州市立東朽網小学校", "P29_005": "福岡県北九州市小倉南区朽網東3-4-1", "city": "北九州市小倉南区" }, "geometry": { "type": "Point", "coordinates": [ 130.958793441475052, 33.800909616258927 ] } },
{ "type": "Feature", "properties": { "fid": 69, "P29_001": "40107", "P29_002": "B140210000869", "P29_003": "16001", "P29_004": "北九州市立すがお小学校", "P29_005": "福岡県北九州市小倉南区大字山本393-6", "city": "北九州市小倉南区" }, "geometry": { "type": "Point", "coordinates": [ 130.848476655681139, 33.800639414679615 ] } },
{ "type": "Feature", "properties": { "fid": 70, "P29_001": "40108", "P29_002": "B140210000878", "P29_003": "16001", "P29_004": "北九州市立高見小学校", "P29_005": "福岡県北九州市八幡東区高見4-1-1", "city": "北九州市八幡東区" }, "geometry": { "type": "Point", "coordinates": [ 130.837585019416338, 33.869053011830999 ] } },
{ "type": "Feature", "properties": { "fid": 71, "P29_001": "40108", "P29_002": "B140210000887", "P29_003": "16001", "P29_004": "北九州市立槻田小学校", "P29_005": "福岡県北九州市八幡東区松尾町9-1", "city": "北九州市八幡東区" }, "geometry": { "type": "Point", "coordinates": [ 130.841318970112951, 33.862284850219304 ] } },
{ "type": "Feature", "properties": { "fid": 72, "P29_001": "40108", "P29_002": "B140210000896", "P29_003": "16001", "P29_004": "北九州市立高槻小学校", "P29_005": "福岡県北九州市八幡東区中畑2-5-1", "city": "北九州市八幡東区" }, "geometry": { "type": "Point", "coordinates": [ 130.830753434930898, 33.855234481998437 ] } },
{ "type": "Feature", "properties": { "fid": 73, "P29_001": "40108", "P29_002": "B140210000912", "P29_003": "16001", "P29_004": "北九州市立大蔵小学校", "P29_005": "福岡県北九州市八幡東区勝山1-1-1", "city": "北九州市八幡東区" }, "geometry": { "type": "Point", "coordinates": [ 130.820171398543295, 33.858139129971839 ] } },
{ "type": "Feature", "properties": { "fid": 74, "P29_001": "40108", "P29_002": "B140210000921", "P29_003": "16001", "P29_004": "北九州市立河内小学校", "P29_005": "福岡県北九州市八幡東区河内1-7-2", "city": "北九州市八幡東区" }, "geometry": { "type": "Point", "coordinates": [ 130.799245852840954, 33.830109082342375 ] } },
{ "type": "Feature", "properties": { "fid": 75, "P29_001": "40108", "P29_002": "B140210000930", "P29_003": "16001", "P29_004": "北九州市立枝光小学校", "P29_005": "福岡県北九州市八幡東区枝光4-12-1", "city": "北九州市八幡東区" }, "geometry": { "type": "Point", "coordinates": [ 130.818241333823636, 33.881975977265313 ] } },
{ "type": "Feature", "properties": { "fid": 76, "P29_001": "40108", "P29_002": "B140210000949", "P29_003": "16001", "P29_004": "北九州市立八幡小学校", "P29_005": "福岡県北九州市八幡東区中央3-9-1", "city": "北九州市八幡東区" }, "geometry": { "type": "Point", "coordinates": [ 130.813513638492083, 33.865840792758497 ] } },
{ "type": "Feature", "properties": { "fid": 77, "P29_001": "40108", "P29_002": "B140210000958", "P29_003": "16001", "P29_004": "北九州市立皿倉小学校", "P29_005": "福岡県北九州市八幡東区尾倉1-15-1", "city": "北九州市八幡東区" }, "geometry": { "type": "Point", "coordinates": [ 130.801147664354431, 33.863084142614532 ] } },
{ "type": "Feature", "properties": { "fid": 78, "P29_001": "40108", "P29_002": "B140210000967", "P29_003": "16001", "P29_004": "北九州市立ひびきが丘小学校", "P29_005": "福岡県北九州市八幡東区諏訪2-7-1", "city": "北九州市八幡東区" }, "geometry": { "type": "Point", "coordinates": [ 130.822289656550964, 33.87201035821645 ] } },
{ "type": "Feature", "properties": { "fid": 79, "P29_001": "40109", "P29_002": "B140210000985", "P29_003": "16001", "P29_004": "北九州市立光貞小学校", "P29_005": "福岡県北九州市八幡西区光貞台1-4-1", "city": "北九州市八幡西区" }, "geometry": { "type": "Point", "coordinates": [ 130.714336811306168, 33.882464681973715 ] } },
{ "type": "Feature", "properties": { "fid": 80, "P29_001": "40109", "P29_002": "B140210000994", "P29_003": "16001", "P29_004": "北九州市立赤坂小学校", "P29_005": "福岡県北九州市八幡西区本城東5-6-1", "city": "北九州市八幡西区" }, "geometry": { "type": "Point", "coordinates": [ 130.729094721621721, 33.872234195069161 ] } },
{ "type": "Feature", "properties": { "fid": 81, "P29_001": "40109", "P29_002": "B140210001001", "P29_003": "16001", "P29_004": "北九州市立千代小学校", "P29_005": "福岡県北九州市八幡西区千代5-17-1", "city": "北九州市八幡西区" }, "geometry": { "type": "Point", "coordinates": [ 130.737995739484745, 33.808494197944988 ] } },
{ "type": "Feature", "properties": { "fid": 82, "P29_001": "40109", "P29_002": "B140210001010", "P29_003": "16001", "P29_004": "北九州市立浅川小学校", "P29_005": "福岡県北九州市八幡西区浅川町10-1", "city": "北九州市八幡西区" }, "geometry": { "type": "Point", "coordinates": [ 130.696643786277065, 33.882264428109927 ] } },
{ "type": "Feature", "properties": { "fid": 83, "P29_001": "40109", "P29_002": "B140210001029", "P29_003": "16001", "P29_004": "北九州市立鳴水小学校", "P29_005": "福岡県北九州市八幡西区東鳴水1-1-1", "city": "北九州市八幡西区" }, "geometry": { "type": "Point", "coordinates": [ 130.770633250460321, 33.85926206169902 ] } },
{ "type": "Feature", "properties": { "fid": 84, "P29_001": "40109", "P29_002": "B140210001065", "P29_003": "16001", "P29_004": "北九州市立穴生小学校", "P29_005": "福岡県北九州市八幡西区穴生1-13-1", "city": "北九州市八幡西区" }, "geometry": { "type": "Point", "coordinates": [ 130.744011277707415, 33.860849236622997 ] } },
{ "type": "Feature", "properties": { "fid": 85, "P29_001": "40109", "P29_002": "B140210001074", "P29_003": "16001", "P29_004": "北九州市立萩原小学校", "P29_005": "福岡県北九州市八幡西区萩原3-5-1", "city": "北九州市八幡西区" }, "geometry": { "type": "Point", "coordinates": [ 130.750339488397628, 33.856434229324009 ] } },
{ "type": "Feature", "properties": { "fid": 86, "P29_001": "40109", "P29_002": "B140210001083", "P29_003": "16001", "P29_004": "北九州市立引野小学校", "P29_005": "福岡県北九州市八幡西区引野3-15-1", "city": "北九州市八幡西区" }, "geometry": { "type": "Point", "coordinates": [ 130.751065225703599, 33.846046061534999 ] } },
{ "type": "Feature", "properties": { "fid": 87, "P29_001": "40109", "P29_002": "B140210001092", "P29_003": "16001", "P29_004": "北九州市立上津役小学校", "P29_005": "福岡県北九州市八幡西区上の原1-4-1", "city": "北九州市八幡西区" }, "geometry": { "type": "Point", "coordinates": [ 130.75948397727268, 33.835756327361494 ] } },
{ "type": "Feature", "properties": { "fid": 88, "P29_001": "40109", "P29_002": "B140210001109", "P29_003": "16001", "P29_004": "北九州市立則松小学校", "P29_005": "福岡県北九州市八幡西区則松2-1-1", "city": "北九州市八幡西区" }, "geometry": { "type": "Point", "coordinates": [ 130.717626158616838, 33.859836821771779 ] } },
{ "type": "Feature", "properties": { "fid": 89, "P29_001": "40109", "P29_002": "B140210001118", "P29_003": "16001", "P29_004": "北九州市立本城小学校", "P29_005": "福岡県北九州市八幡西区本城1-23-1", "city": "北九州市八幡西区" }, "geometry": { "type": "Point", "coordinates": [ 130.729331965891447, 33.879269217877003 ] } },
{ "type": "Feature", "properties": { "fid": 90, "P29_001": "40109", "P29_002": "B140210001136", "P29_003": "16001", "P29_004": "北九州市立折尾東小学校", "P29_005": "福岡県北九州市八幡西区光明1-2-1", "city": "北九州市八幡西区" }, "geometry": { "type": "Point", "coordinates": [ 130.722274550553635, 33.868106733466206 ] } },
{ "type": "Feature", "properties": { "fid": 91, "P29_001": "40109", "P29_002": "B140210001145", "P29_003": "16001", "P29_004": "北九州市立香月小学校", "P29_005": "福岡県北九州市八幡西区香月中央3-3-1", "city": "北九州市八幡西区" }, "geometry": { "type": "Point", "coordinates": [ 130.728528349785677, 33.801141928027199 ] } },
{ "type": "Feature", "properties": { "fid": 92, "P29_001": "40109", "P29_002": "B140210001154", "P29_003": "16001", "P29_004": "北九州市立池田小学校", "P29_005": "福岡県北九州市八幡西区池田3-2-1", "city": "北九州市八幡西区" }, "geometry": { "type": "Point", "coordinates": [ 130.74724728788064, 33.799096984307148 ] } },
{ "type": "Feature", "properties": { "fid": 93, "P29_001": "40109", "P29_002": "B140210001163", "P29_003": "16001", "P29_004": "北九州市立星ヶ丘小学校", "P29_005": "福岡県北九州市八幡西区星ヶ丘2-7-1", "city": "北九州市八幡西区" }, "geometry": { "type": "Point", "coordinates": [ 130.753673161945443, 33.773470496115792 ] } },
{ "type": "Feature", "properties": { "fid": 94, "P29_001": "40109", "P29_002": "B140210001181", "P29_003": "16001", "P29_004": "北九州市立木屋瀬小学校", "P29_005": "福岡県北九州市八幡西区木屋瀬東3-1-1", "city": "北九州市八幡西区" }, "geometry": { "type": "Point", "coordinates": [ 130.728771012841833, 33.778676474601177 ] } },
{ "type": "Feature", "properties": { "fid": 95, "P29_001": "40109", "P29_002": "B140210001190", "P29_003": "16001", "P29_004": "北九州市立大原小学校", "P29_005": "福岡県北九州市八幡西区町上津役東1-12-1", "city": "北九州市八幡西区" }, "geometry": { "type": "Point", "coordinates": [ 130.753994762366915, 33.825025211575486 ] } },
{ "type": "Feature", "properties": { "fid": 96, "P29_001": "40109", "P29_002": "B140210001207", "P29_003": "16001", "P29_004": "北九州市立折尾西小学校", "P29_005": "福岡県北九州市八幡西区西折尾町15-1", "city": "北九州市八幡西区" }, "geometry": { "type": "Point", "coordinates": [ 130.707830759876941, 33.857857286497776 ] } },
{ "type": "Feature", "properties": { "fid": 97, "P29_001": "40109", "P29_002": "B140210001216", "P29_003": "16001", "P29_004": "北九州市立塔野小学校", "P29_005": "福岡県北九州市八幡西区塔野1-3-1", "city": "北九州市八幡西区" }, "geometry": { "type": "Point", "coordinates": [ 130.737733534751243, 33.824727913721503 ] } },
{ "type": "Feature", "properties": { "fid": 98, "P29_001": "40109", "P29_002": "B140210001225", "P29_003": "16001", "P29_004": "北九州市立竹末小学校", "P29_005": "福岡県北九州市八幡西区竹末1-18-1", "city": "北九州市八幡西区" }, "geometry": { "type": "Point", "coordinates": [ 130.74328728976252, 33.849711840574457 ] } },
{ "type": "Feature", "properties": { "fid": 99, "P29_001": "40109", "P29_002": "B140210001243", "P29_003": "16001", "P29_004": "北九州市立永犬丸西小学校", "P29_005": "福岡県北九州市八幡西区永犬丸西町4-4-1", "city": "北九州市八幡西区" }, "geometry": { "type": "Point", "coordinates": [ 130.726406455548727, 33.836094815359459 ] } },
{ "type": "Feature", "properties": { "fid": 100, "P29_001": "40109", "P29_002": "B140210001252", "P29_003": "16001", "P29_004": "北九州市立八児小学校", "P29_005": "福岡県北九州市八幡西区町上津役西4-5-1", "city": "北九州市八幡西区" }, "geometry": { "type": "Point", "coordinates": [ 130.75140227288955, 33.820046368537447 ] } },
{ "type": "Feature", "properties": { "fid": 101, "P29_001": "40109", "P29_002": "B140210001261", "P29_003": "16001", "P29_004": "北九州市立中尾小学校", "P29_005": "福岡県北九州市八幡西区下上津役1-6-1", "city": "北九州市八幡西区" }, "geometry": { "type": "Point", "coordinates": [ 130.742131931901071, 33.829987988668627 ] } },
{ "type": "Feature", "properties": { "fid": 102, "P29_001": "40109", "P29_002": "B140210001270", "P29_003": "16001", "P29_004": "北九州市立八枝小学校", "P29_005": "福岡県北九州市八幡西区八枝4-5-1", "city": "北九州市八幡西区" }, "geometry": { "type": "Point", "coordinates": [ 130.728656250129546, 33.847532301184806 ] } },
{ "type": "Feature", "properties": { "fid": 103, "P29_001": "40109", "P29_002": "B140210001289", "P29_003": "16001", "P29_004": "北九州市立医生丘小学校", "P29_005": "福岡県北九州市八幡西区千代ヶ崎2-10-1", "city": "北九州市八幡西区" }, "geometry": { "type": "Point", "coordinates": [ 130.718272591791163, 33.87780288530849 ] } },
{ "type": "Feature", "properties": { "fid": 104, "P29_001": "40109", "P29_002": "B140210001298", "P29_003": "16001", "P29_004": "北九州市立黒崎中央小学校", "P29_005": "福岡県北九州市八幡西区藤田4-4-24", "city": "北九州市八幡西区" }, "geometry": { "type": "Point", "coordinates": [ 130.770257264149762, 33.862856817172286 ] } },
{ "type": "Feature", "properties": { "fid": 105, "P29_001": "40131", "P29_002": "B140213000015", "P29_003": "16001", "P29_004": "福岡市立馬出小学校", "P29_005": "福岡県福岡市東区馬出1-12-27", "city": "福岡市東区" }, "geometry": { "type": "Point", "coordinates": [ 130.420588630913528, 33.609480070863249 ] } },
{ "type": "Feature", "properties": { "fid": 106, "P29_001": "40131", "P29_002": "B140213000024", "P29_003": "16001", "P29_004": "福岡市立筥松小学校", "P29_005": "福岡県福岡市東区郷口町16-1", "city": "福岡市東区" }, "geometry": { "type": "Point", "coordinates": [ 130.42996820792024, 33.615633867767677 ] } },
{ "type": "Feature", "properties": { "fid": 107, "P29_001": "40131", "P29_002": "B140213000033", "P29_003": "16001", "P29_004": "福岡市立箱崎小学校", "P29_005": "福岡県福岡市東区箱崎2-2-45", "city": "福岡市東区" }, "geometry": { "type": "Point", "coordinates": [ 130.420160806043555, 33.616698063575292 ] } },
{ "type": "Feature", "properties": { "fid": 108, "P29_001": "40131", "P29_002": "B140213000042", "P29_003": "16001", "P29_004": "福岡市立千早西小学校", "P29_005": "福岡県福岡市東区香椎浜1-4-1", "city": "福岡市東区" }, "geometry": { "type": "Point", "coordinates": [ 130.430935651525289, 33.651894187227334 ] } },
{ "type": "Feature", "properties": { "fid": 109, "P29_001": "40131", "P29_002": "B140213000051", "P29_003": "16001", "P29_004": "福岡市立香椎小学校", "P29_005": "福岡県福岡市東区香椎駅前3-2-1", "city": "福岡市東区" }, "geometry": { "type": "Point", "coordinates": [ 130.440558967638907, 33.663174008524585 ] } },
{ "type": "Feature", "properties": { "fid": 110, "P29_001": "40131", "P29_002": "B140213000060", "P29_003": "16001", "P29_004": "福岡市立多々良小学校", "P29_005": "福岡県福岡市東区多々良1-56-1", "city": "福岡市東区" }, "geometry": { "type": "Point", "coordinates": [ 130.458070668017598, 33.630827642937717 ] } },
{ "type": "Feature", "properties": { "fid": 111, "P29_001": "40131", "P29_002": "B140213000079", "P29_003": "16001", "P29_004": "福岡市立名島小学校", "P29_005": "福岡県福岡市東区名島5-5-1", "city": "福岡市東区" }, "geometry": { "type": "Point", "coordinates": [ 130.435110627651056, 33.640437091718681 ] } },
{ "type": "Feature", "properties": { "fid": 112, "P29_001": "40131", "P29_002": "B140213000088", "P29_003": "16001", "P29_004": "福岡市立香住丘小学校", "P29_005": "福岡県福岡市東区香住ヶ丘3-10-1", "city": "福岡市東区" }, "geometry": { "type": "Point", "coordinates": [ 130.438022458418232, 33.67256671817281 ] } },
{ "type": "Feature", "properties": { "fid": 113, "P29_001": "40131", "P29_002": "B140213000097", "P29_003": "16001", "P29_004": "福岡市立東箱崎小学校", "P29_005": "福岡県福岡市東区箱崎5-11-20", "city": "福岡市東区" }, "geometry": { "type": "Point", "coordinates": [ 130.420478012564587, 33.628540584473015 ] } },
{ "type": "Feature", "properties": { "fid": 114, "P29_001": "40131", "P29_002": "B140213000104", "P29_003": "16001", "P29_004": "福岡市立和白小学校", "P29_005": "福岡県福岡市東区塩浜1-6-1", "city": "福岡市東区" }, "geometry": { "type": "Point", "coordinates": [ 130.42075754073673, 33.69283432656956 ] } },
{ "type": "Feature", "properties": { "fid": 115, "P29_001": "40131", "P29_002": "B140213000113", "P29_003": "16001", "P29_004": "福岡市立千早小学校", "P29_005": "福岡県福岡市東区千早3-13-1", "city": "福岡市東区" }, "geometry": { "type": "Point", "coordinates": [ 130.437399904402582, 33.652565524943725 ] } },
{ "type": "Feature", "properties": { "fid": 116, "P29_001": "40131", "P29_002": "B140213000122", "P29_003": "16001", "P29_004": "福岡市立若宮小学校", "P29_005": "福岡県福岡市東区若宮3-12-1", "city": "福岡市東区" }, "geometry": { "type": "Point", "coordinates": [ 130.446411255485344, 33.63903409654985 ] } },
{ "type": "Feature", "properties": { "fid": 117, "P29_001": "40131", "P29_002": "B140213000131", "P29_003": "16001", "P29_004": "福岡市立城浜小学校", "P29_005": "福岡県福岡市東区城浜団地31-1", "city": "福岡市東区" }, "geometry": { "type": "Point", "coordinates": [ 130.421719488351869, 33.648709443017239 ] } },
{ "type": "Feature", "properties": { "fid": 118, "P29_001": "40131", "P29_002": "B140213000140", "P29_003": "16001", "P29_004": "福岡市立美和台小学校", "P29_005": "福岡県福岡市東区美和台2-25-1", "city": "福岡市東区" }, "geometry": { "type": "Point", "coordinates": [ 130.427585466309637, 33.700671844112641 ] } },
{ "type": "Feature", "properties": { "fid": 119, "P29_001": "40131", "P29_002": "B140213000159", "P29_003": "16001", "P29_004": "福岡市立八田小学校", "P29_005": "福岡県福岡市東区八田2-15-1", "city": "福岡市東区" }, "geometry": { "type": "Point", "coordinates": [ 130.457460851107669, 33.636998112710586 ] } },
{ "type": "Feature", "properties": { "fid": 120, "P29_001": "40131", "P29_002": "B140213000168", "P29_003": "16001", "P29_004": "福岡市立和白東小学校", "P29_005": "福岡県福岡市東区高美台2-8-1", "city": "福岡市東区" }, "geometry": { "type": "Point", "coordinates": [ 130.446693036611748, 33.689496449828404 ] } },
{ "type": "Feature", "properties": { "fid": 121, "P29_001": "40131", "P29_002": "B140213000177", "P29_003": "16001", "P29_004": "福岡市立舞松原小学校", "P29_005": "福岡県福岡市東区舞松原5-19-1", "city": "福岡市東区" }, "geometry": { "type": "Point", "coordinates": [ 130.452320678749032, 33.644374949825583 ] } },
{ "type": "Feature", "properties": { "fid": 122, "P29_001": "40131", "P29_002": "B140213000202", "P29_003": "16001", "P29_004": "福岡市立奈多小学校", "P29_005": "福岡県福岡市東区奈多団地40-1", "city": "福岡市東区" }, "geometry": { "type": "Point", "coordinates": [ 130.412622715112121, 33.684461105039752 ] } },
{ "type": "Feature", "properties": { "fid": 123, "P29_001": "40131", "P29_002": "B140213000220", "P29_003": "16001", "P29_004": "福岡市立香椎下原小学校", "P29_005": "福岡県福岡市東区下原1-4-1", "city": "福岡市東区" }, "geometry": { "type": "Point", "coordinates": [ 130.455219104031926, 33.669912829707279 ] } },
{ "type": "Feature", "properties": { "fid": 124, "P29_001": "40131", "P29_002": "B140213000248", "P29_003": "16001", "P29_004": "福岡市立松島小学校", "P29_005": "福岡県福岡市東区松島1-39-1", "city": "福岡市東区" }, "geometry": { "type": "Point", "coordinates": [ 130.435110621818126, 33.625548204512768 ] } },
{ "type": "Feature", "properties": { "fid": 125, "P29_001": "40131", "P29_002": "B140213000257", "P29_003": "16001", "P29_004": "福岡市立三苫小学校", "P29_005": "福岡県福岡市東区三苫7-2-1", "city": "福岡市東区" }, "geometry": { "type": "Point", "coordinates": [ 130.420599147702234, 33.705694305485331 ] } },
{ "type": "Feature", "properties": { "fid": 126, "P29_001": "40131", "P29_002": "B140213000266", "P29_003": "16001", "P29_004": "福岡市立照葉小学校", "P29_005": "福岡県福岡市東区香椎照葉2-2-1", "city": "福岡市東区" }, "geometry": { "type": "Point", "coordinates": [ 130.423521370148563, 33.668584121001992 ] } },
{ "type": "Feature", "properties": { "fid": 127, "P29_001": "40131", "P29_002": "B140213000275", "P29_003": "16001", "P29_004": "照葉北小学校", "P29_005": "福岡県福岡市東区香椎照葉7-5-1", "city": "福岡市東区" }, "geometry": { "type": "Point", "coordinates": [ 130.421777996645744, 33.668514400050881 ] } },
{ "type": "Feature", "properties": { "fid": 128, "P29_001": "40131", "P29_002": "B140213000284", "P29_003": "16001", "P29_004": "福岡市立西戸崎小学校", "P29_005": "福岡県福岡市東区西戸崎6-3-1", "city": "福岡市東区" }, "geometry": { "type": "Point", "coordinates": [ 130.350618794978601, 33.652521384858154 ] } },
{ "type": "Feature", "properties": { "fid": 129, "P29_001": "40132", "P29_002": "B140213000328", "P29_003": "16001", "P29_004": "福岡市立堅粕小学校", "P29_005": "福岡県福岡市博多区博多駅東1-8-1", "city": "福岡市博多区" }, "geometry": { "type": "Point", "coordinates": [ 130.422457330209426, 33.593238755703318 ] } },
{ "type": "Feature", "properties": { "fid": 130, "P29_001": "40132", "P29_002": "B140213000346", "P29_003": "16001", "P29_004": "福岡市立吉塚小学校", "P29_005": "福岡県福岡市博多区吉塚2-21-54", "city": "福岡市博多区" }, "geometry": { "type": "Point", "coordinates": [ 130.427953660125382, 33.602108425358708 ] } },
{ "type": "Feature", "properties": { "fid": 131, "P29_001": "40132", "P29_002": "B140213000355", "P29_003": "16001", "P29_004": "福岡市立東住吉小学校", "P29_005": "福岡県福岡市博多区博多駅南2-6-1", "city": "福岡市博多区" }, "geometry": { "type": "Point", "coordinates": [ 130.422684576614472, 33.583943817999398 ] } },
{ "type": "Feature", "properties": { "fid": 132, "P29_001": "40132", "P29_002": "B140213000364", "P29_003": "16001", "P29_004": "福岡市立席田小学校", "P29_005": "福岡県福岡市博多区空港前4-17-1", "city": "福岡市博多区" }, "geometry": { "type": "Point", "coordinates": [ 130.454166364033028, 33.595967772600339 ] } },
{ "type": "Feature", "properties": { "fid": 133, "P29_001": "40132", "P29_002": "B140213000373", "P29_003": "16001", "P29_004": "福岡市立月隈小学校", "P29_005": "福岡県福岡市博多区月隈3-30-1", "city": "福岡市博多区" }, "geometry": { "type": "Point", "coordinates": [ 130.465666871462105, 33.573763210837306 ] } },
{ "type": "Feature", "properties": { "fid": 134, "P29_001": "40132", "P29_002": "B140213000382", "P29_003": "16001", "P29_004": "福岡市立春住小学校", "P29_005": "福岡県福岡市博多区博多駅南5-3-1", "city": "福岡市博多区" }, "geometry": { "type": "Point", "coordinates": [ 130.426752233548996, 33.579182351686775 ] } },
{ "type": "Feature", "properties": { "fid": 135, "P29_001": "40132", "P29_002": "B140213000391", "P29_003": "16001", "P29_004": "福岡市立板付小学校", "P29_005": "福岡県福岡市博多区麦野2-3-1", "city": "福岡市博多区" }, "geometry": { "type": "Point", "coordinates": [ 130.457979241234568, 33.555933861110368 ] } },
{ "type": "Feature", "properties": { "fid": 136, "P29_001": "40132", "P29_002": "B140213000408", "P29_003": "16001", "P29_004": "福岡市立那珂小学校", "P29_005": "福岡県福岡市博多区那珂3-10-1", "city": "福岡市博多区" }, "geometry": { "type": "Point", "coordinates": [ 130.43916866661877, 33.570452593513743 ] } },
{ "type": "Feature", "properties": { "fid": 137, "P29_001": "40132", "P29_002": "B140213000417", "P29_003": "16001", "P29_004": "福岡市立那珂南小学校", "P29_005": "福岡県福岡市博多区元町3-1-1", "city": "福岡市博多区" }, "geometry": { "type": "Point", "coordinates": [ 130.464562041370414, 33.541063956943788 ] } },
{ "type": "Feature", "properties": { "fid": 138, "P29_001": "40132", "P29_002": "B140213000426", "P29_003": "16001", "P29_004": "福岡市立東光小学校", "P29_005": "福岡県福岡市博多区東比恵2-21-1", "city": "福岡市博多区" }, "geometry": { "type": "Point", "coordinates": [ 130.43126367954153, 33.591923114753946 ] } },
{ "type": "Feature", "properties": { "fid": 139, "P29_001": "40132", "P29_002": "B140213000435", "P29_003": "16001", "P29_004": "福岡市立東吉塚小学校", "P29_005": "福岡県福岡市博多区吉塚6-8-11", "city": "福岡市博多区" }, "geometry": { "type": "Point", "coordinates": [ 130.428135504879066, 33.606890297510688 ] } },
{ "type": "Feature", "properties": { "fid": 140, "P29_001": "40132", "P29_002": "B140213000444", "P29_003": "16001", "P29_004": "福岡市立板付北小学校", "P29_005": "福岡県福岡市博多区板付2-2-20", "city": "福岡市博多区" }, "geometry": { "type": "Point", "coordinates": [ 130.450279986038908, 33.567244545232079 ] } },
{ "type": "Feature", "properties": { "fid": 141, "P29_001": "40132", "P29_002": "B140213000453", "P29_003": "16001", "P29_004": "福岡市立東月隈小学校", "P29_005": "福岡県福岡市博多区東月隈4-17-1", "city": "福岡市博多区" }, "geometry": { "type": "Point", "coordinates": [ 130.473272047946608, 33.574982587400065 ] } },
{ "type": "Feature", "properties": { "fid": 142, "P29_001": "40132", "P29_002": "B140213000462", "P29_003": "16001", "P29_004": "福岡市立三筑小学校", "P29_005": "福岡県福岡市博多区三筑2-9-1", "city": "福岡市博多区" }, "geometry": { "type": "Point", "coordinates": [ 130.455813891306718, 33.549469138275917 ] } },
{ "type": "Feature", "properties": { "fid": 143, "P29_001": "40132", "P29_002": "B140213000471", "P29_003": "16001", "P29_004": "福岡市立弥生小学校", "P29_005": "福岡県福岡市博多区那珂4-9-1", "city": "福岡市博多区" }, "geometry": { "type": "Point", "coordinates": [ 130.446522072986852, 33.568944836321712 ] } },
{ "type": "Feature", "properties": { "fid": 144, "P29_001": "40133", "P29_002": "B140213000499", "P29_003": "16001", "P29_004": "福岡市立当仁小学校", "P29_005": "福岡県福岡市中央区唐人町3-1-45", "city": "福岡市中央区" }, "geometry": { "type": "Point", "coordinates": [ 130.371605230325457, 33.592729562202116 ] } },
{ "type": "Feature", "properties": { "fid": 145, "P29_001": "40133", "P29_002": "B140213000505", "P29_003": "16001", "P29_004": "福岡市立警固小学校", "P29_005": "福岡県福岡市中央区警固1-11-1", "city": "福岡市中央区" }, "geometry": { "type": "Point", "coordinates": [ 130.393062831235682, 33.584092165321195 ] } },
{ "type": "Feature", "properties": { "fid": 146, "P29_001": "40133", "P29_002": "B140213000514", "P29_003": "16001", "P29_004": "福岡市立春吉小学校", "P29_005": "福岡県福岡市中央区春吉1-17-38", "city": "福岡市中央区" }, "geometry": { "type": "Point", "coordinates": [ 130.40741635457394, 33.584417106799869 ] } },
{ "type": "Feature", "properties": { "fid": 147, "P29_001": "40133", "P29_002": "B140213000523", "P29_003": "16001", "P29_004": "福岡市立草ヶ江小学校", "P29_005": "福岡県福岡市中央区草香江2-3-5", "city": "福岡市中央区" }, "geometry": { "type": "Point", "coordinates": [ 130.37388369948664, 33.578901968412787 ] } },
{ "type": "Feature", "properties": { "fid": 148, "P29_001": "40133", "P29_002": "B140213000532", "P29_003": "16001", "P29_004": "福岡市立平尾小学校", "P29_005": "福岡県福岡市中央区平尾3-29-1", "city": "福岡市中央区" }, "geometry": { "type": "Point", "coordinates": [ 130.39627114517225, 33.575686122408356 ] } },
{ "type": "Feature", "properties": { "fid": 149, "P29_001": "40133", "P29_002": "B140213000541", "P29_003": "16001", "P29_004": "福岡市立高宮小学校", "P29_005": "福岡県福岡市中央区白金2-15-40", "city": "福岡市中央区" }, "geometry": { "type": "Point", "coordinates": [ 130.405606654070851, 33.576837970029814 ] } },
{ "type": "Feature", "properties": { "fid": 150, "P29_001": "40133", "P29_002": "B140213000550", "P29_003": "16001", "P29_004": "福岡市立赤坂小学校", "P29_005": "福岡県福岡市中央区赤坂2-5-20", "city": "福岡市中央区" }, "geometry": { "type": "Point", "coordinates": [ 130.38726375454192, 33.58567159442994 ] } },
{ "type": "Feature", "properties": { "fid": 151, "P29_001": "40133", "P29_002": "B140213000569", "P29_003": "16001", "P29_004": "福岡市立南当仁小学校", "P29_005": "福岡県福岡市中央区鳥飼2-4-61", "city": "福岡市中央区" }, "geometry": { "type": "Point", "coordinates": [ 130.370339609561853, 33.584354883639492 ] } },
{ "type": "Feature", "properties": { "fid": 152, "P29_001": "40133", "P29_002": "B140213000587", "P29_003": "16001", "P29_004": "福岡市立小笹小学校", "P29_005": "福岡県福岡市中央区平和5-13-1", "city": "福岡市中央区" }, "geometry": { "type": "Point", "coordinates": [ 130.394960608534348, 33.563912609118958 ] } },
{ "type": "Feature", "properties": { "fid": 153, "P29_001": "40133", "P29_002": "B140213000596", "P29_003": "16001", "P29_004": "福岡市立福浜小学校", "P29_005": "福岡県福岡市中央区福浜1-2-1", "city": "福岡市中央区" }, "geometry": { "type": "Point", "coordinates": [ 130.368424618379322, 33.597581677763209 ] } },
{ "type": "Feature", "properties": { "fid": 154, "P29_001": "40134", "P29_002": "B140213000612", "P29_003": "16001", "P29_004": "福岡市立三宅小学校", "P29_005": "福岡県福岡市南区三宅2-23-1", "city": "福岡市南区" }, "geometry": { "type": "Point", "coordinates": [ 130.426207979279468, 33.549538831551139 ] } },
{ "type": "Feature", "properties": { "fid": 155, "P29_001": "40134", "P29_002": "B140213000621", "P29_003": "16001", "P29_004": "福岡市立花畑小学校", "P29_005": "福岡県福岡市南区花畑3-34-1", "city": "福岡市南区" }, "geometry": { "type": "Point", "coordinates": [ 130.401442031904338, 33.533179909838559 ] } },
{ "type": "Feature", "properties": { "fid": 156, "P29_001": "40134", "P29_002": "B140213000630", "P29_003": "16001", "P29_004": "福岡市立玉川小学校", "P29_005": "福岡県福岡市南区向野1-5-1", "city": "福岡市南区" }, "geometry": { "type": "Point", "coordinates": [ 130.421382082426277, 33.563433393073566 ] } },
{ "type": "Feature", "properties": { "fid": 157, "P29_001": "40134", "P29_002": "B140213000649", "P29_003": "16001", "P29_004": "福岡市立西高宮小学校", "P29_005": "福岡県福岡市南区平和1-6-55", "city": "福岡市南区" }, "geometry": { "type": "Point", "coordinates": [ 130.402690652269968, 33.569974084307425 ] } },
{ "type": "Feature", "properties": { "fid": 158, "P29_001": "40134", "P29_002": "B140213000658", "P29_003": "16001", "P29_004": "福岡市立曰佐小学校", "P29_005": "福岡県福岡市南区横手3-42-1", "city": "福岡市南区" }, "geometry": { "type": "Point", "coordinates": [ 130.43706994616258, 33.544373821141832 ] } },
{ "type": "Feature", "properties": { "fid": 159, "P29_001": "40134", "P29_002": "B140213000667", "P29_003": "16001", "P29_004": "福岡市立宮竹小学校", "P29_005": "福岡県福岡市南区井尻1-1-1", "city": "福岡市南区" }, "geometry": { "type": "Point", "coordinates": [ 130.44140222418892, 33.557550691452747 ] } },
{ "type": "Feature", "properties": { "fid": 160, "P29_001": "40134", "P29_002": "B140213000676", "P29_003": "16001", "P29_004": "福岡市立大楠小学校", "P29_005": "福岡県福岡市南区大楠3-10-1", "city": "福岡市南区" }, "geometry": { "type": "Point", "coordinates": [ 130.414380336946095, 33.570929847921875 ] } },
{ "type": "Feature", "properties": { "fid": 161, "P29_001": "40134", "P29_002": "B140213000685", "P29_003": "16001", "P29_004": "福岡市立若久小学校", "P29_005": "福岡県福岡市南区若久1-12-1", "city": "福岡市南区" }, "geometry": { "type": "Point", "coordinates": [ 130.412168531589572, 33.554972587810362 ] } },
{ "type": "Feature", "properties": { "fid": 162, "P29_001": "40134", "P29_002": "B140213000694", "P29_003": "16001", "P29_004": "福岡市立老司小学校", "P29_005": "福岡県福岡市南区老司3-2-1", "city": "福岡市南区" }, "geometry": { "type": "Point", "coordinates": [ 130.422256290724761, 33.534979246459514 ] } },
{ "type": "Feature", "properties": { "fid": 163, "P29_001": "40134", "P29_002": "B140213000701", "P29_003": "16001", "P29_004": "福岡市立長住小学校", "P29_005": "福岡県福岡市南区長住4-5-39", "city": "福岡市南区" }, "geometry": { "type": "Point", "coordinates": [ 130.394893864171962, 33.548166242039834 ] } },
{ "type": "Feature", "properties": { "fid": 164, "P29_001": "40134", "P29_002": "B140213000710", "P29_003": "16001", "P29_004": "福岡市立筑紫丘小学校", "P29_005": "福岡県福岡市南区南大橋1-13-1", "city": "福岡市南区" }, "geometry": { "type": "Point", "coordinates": [ 130.421070161840106, 33.554542130662178 ] } },
{ "type": "Feature", "properties": { "fid": 165, "P29_001": "40134", "P29_002": "B140213000729", "P29_003": "16001", "P29_004": "福岡市立西花畑小学校", "P29_005": "福岡県福岡市南区桧原2-20-1", "city": "福岡市南区" }, "geometry": { "type": "Point", "coordinates": [ 130.396894056947502, 33.539886494999294 ] } },
{ "type": "Feature", "properties": { "fid": 166, "P29_001": "40134", "P29_002": "B140213000738", "P29_003": "16001", "P29_004": "福岡市立弥永小学校", "P29_005": "福岡県福岡市南区弥永4-2-1", "city": "福岡市南区" }, "geometry": { "type": "Point", "coordinates": [ 130.435235342558116, 33.529325609218532 ] } },
{ "type": "Feature", "properties": { "fid": 167, "P29_001": "40134", "P29_002": "B140213000747", "P29_003": "16001", "P29_004": "福岡市立東花畑小学校", "P29_005": "福岡県福岡市南区屋形原2-23-1", "city": "福岡市南区" }, "geometry": { "type": "Point", "coordinates": [ 130.40952168854173, 33.538168916156977 ] } },
{ "type": "Feature", "properties": { "fid": 168, "P29_001": "40134", "P29_002": "B140213000756", "P29_003": "16001", "P29_004": "福岡市立長丘小学校", "P29_005": "福岡県福岡市南区長丘2-22-42", "city": "福岡市南区" }, "geometry": { "type": "Point", "coordinates": [ 130.396455048499831, 33.557021192899832 ] } },
{ "type": "Feature", "properties": { "fid": 169, "P29_001": "40134", "P29_002": "B140213000765", "P29_003": "16001", "P29_004": "福岡市立西長住小学校", "P29_005": "福岡県福岡市南区西長住1-9-20", "city": "福岡市南区" }, "geometry": { "type": "Point", "coordinates": [ 130.389820426811752, 33.551115970610439 ] } },
{ "type": "Feature", "properties": { "fid": 170, "P29_001": "40134", "P29_002": "B140213000774", "P29_003": "16001", "P29_004": "福岡市立弥永西小学校", "P29_005": "福岡県福岡市南区弥永2-10-1", "city": "福岡市南区" }, "geometry": { "type": "Point", "coordinates": [ 130.429933186555047, 33.526119821301045 ] } },
{ "type": "Feature", "properties": { "fid": 171, "P29_001": "40134", "P29_002": "B140213000783", "P29_003": "16001", "P29_004": "福岡市立東若久小学校", "P29_005": "福岡県福岡市南区若久3-37-1", "city": "福岡市南区" }, "geometry": { "type": "Point", "coordinates": [ 130.416145503164159, 33.550310266017576 ] } },
{ "type": "Feature", "properties": { "fid": 172, "P29_001": "40134", "P29_002": "B140213000792", "P29_003": "16001", "P29_004": "福岡市立鶴田小学校", "P29_005": "福岡県福岡市南区鶴田3-7-1", "city": "福岡市南区" }, "geometry": { "type": "Point", "coordinates": [ 130.412073107131846, 33.528180314256929 ] } },
{ "type": "Feature", "properties": { "fid": 173, "P29_001": "40134", "P29_002": "B140213000809", "P29_003": "16001", "P29_004": "福岡市立野多目小学校", "P29_005": "福岡県福岡市南区野多目2-6-1", "city": "福岡市南区" }, "geometry": { "type": "Point", "coordinates": [ 130.424692146807104, 33.540634229958187 ] } },
{ "type": "Feature", "properties": { "fid": 174, "P29_001": "40134", "P29_002": "B140213000818", "P29_003": "16001", "P29_004": "福岡市立高木小学校", "P29_005": "福岡県福岡市南区高木3-11-1", "city": "福岡市南区" }, "geometry": { "type": "Point", "coordinates": [ 130.43567885820849, 33.556128035983555 ] } },
{ "type": "Feature", "properties": { "fid": 175, "P29_001": "40134", "P29_002": "B140213000827", "P29_003": "16001", "P29_004": "福岡市立大池小学校", "P29_005": "福岡県福岡市南区多賀2-8-1", "city": "福岡市南区" }, "geometry": { "type": "Point", "coordinates": [ 130.410076752108466, 33.559123425664474 ] } },
{ "type": "Feature", "properties": { "fid": 176, "P29_001": "40134", "P29_002": "B140213000845", "P29_003": "16001", "P29_004": "福岡市立柏原小学校", "P29_005": "福岡県福岡市南区柏原5-21-1", "city": "福岡市南区" }, "geometry": { "type": "Point", "coordinates": [ 130.39185092889258, 33.528176426353518 ] } },
{ "type": "Feature", "properties": { "fid": 177, "P29_001": "40134", "P29_002": "B140213000854", "P29_003": "16001", "P29_004": "福岡市立横手小学校", "P29_005": "福岡県福岡市南区横手4-22-1", "city": "福岡市南区" }, "geometry": { "type": "Point", "coordinates": [ 130.435910770832066, 33.549277511572342 ] } },
{ "type": "Feature", "properties": { "fid": 178, "P29_001": "40135", "P29_002": "B140213000863", "P29_003": "16001", "P29_004": "福岡市立姪浜小学校", "P29_005": "福岡県福岡市西区姪の浜2-10-6", "city": "福岡市西区" }, "geometry": { "type": "Point", "coordinates": [ 130.329724450754668, 33.588023655676274 ] } },
{ "type": "Feature", "properties": { "fid": 179, "P29_001": "40135", "P29_002": "B140213000872", "P29_003": "16001", "P29_004": "福岡市立壱岐小学校", "P29_005": "福岡県福岡市西区拾六町3-21-1", "city": "福岡市西区" }, "geometry": { "type": "Point", "coordinates": [ 130.30858094731596, 33.564373950643734 ] } },
{ "type": "Feature", "properties": { "fid": 180, "P29_001": "40135", "P29_002": "B140213000890", "P29_003": "16001", "P29_004": "福岡市立今宿小学校", "P29_005": "福岡県福岡市西区今宿東1-27-1", "city": "福岡市西区" }, "geometry": { "type": "Point", "coordinates": [ 130.273006856230097, 33.575826538965657 ] } },
{ "type": "Feature", "properties": { "fid": 181, "P29_001": "40135", "P29_002": "B140213000925", "P29_003": "16001", "P29_004": "福岡市立金武小学校", "P29_005": "福岡県福岡市西区金武2028-1", "city": "福岡市西区" }, "geometry": { "type": "Point", "coordinates": [ 130.318830463514843, 33.533656354905354 ] } },
{ "type": "Feature", "properties": { "fid": 182, "P29_001": "40135", "P29_002": "B140213000934", "P29_003": "16001", "P29_004": "福岡市立周船寺小学校", "P29_005": "福岡県福岡市西区周船寺1-22-39", "city": "福岡市西区" }, "geometry": { "type": "Point", "coordinates": [ 130.241498627865695, 33.570853523653263 ] } },
{ "type": "Feature", "properties": { "fid": 183, "P29_001": "40135", "P29_002": "B140213000943", "P29_003": "16001", "P29_004": "福岡市立元岡小学校", "P29_005": "福岡県福岡市西区太郎丸1-2-24", "city": "福岡市西区" }, "geometry": { "type": "Point", "coordinates": [ 130.239647657673942, 33.589762332864019 ] } },
{ "type": "Feature", "properties": { "fid": 184, "P29_001": "40135", "P29_002": "B140213000952", "P29_003": "16001", "P29_004": "福岡市立北崎小学校", "P29_005": "福岡県福岡市西区小田1385", "city": "福岡市西区" }, "geometry": { "type": "Point", "coordinates": [ 130.222925932738946, 33.633747083075519 ] } },
{ "type": "Feature", "properties": { "fid": 185, "P29_001": "40135", "P29_002": "B140213000989", "P29_003": "16001", "P29_004": "福岡市立下山門小学校", "P29_005": "福岡県福岡市西区下山門4-15-1", "city": "福岡市西区" }, "geometry": { "type": "Point", "coordinates": [ 130.310211271552248, 33.576337299908857 ] } },
{ "type": "Feature", "properties": { "fid": 186, "P29_001": "40135", "P29_002": "B140213000998", "P29_003": "16001", "P29_004": "福岡市立壱岐南小学校", "P29_005": "福岡県福岡市西区戸切2-17-1", "city": "福岡市西区" }, "geometry": { "type": "Point", "coordinates": [ 130.314732538180579, 33.554050217439197 ] } },
{ "type": "Feature", "properties": { "fid": 187, "P29_001": "40135", "P29_002": "B140213001014", "P29_003": "16001", "P29_004": "福岡市立壱岐東小学校", "P29_005": "福岡県福岡市西区橋本1-14-1", "city": "福岡市西区" }, "geometry": { "type": "Point", "coordinates": [ 130.31782426212817, 33.562505766364232 ] } },
{ "type": "Feature", "properties": { "fid": 188, "P29_001": "40135", "P29_002": "B140213001023", "P29_003": "16001", "P29_004": "福岡市立石丸小学校", "P29_005": "福岡県福岡市西区石丸3-9-25", "city": "福岡市西区" }, "geometry": { "type": "Point", "coordinates": [ 130.315151154487467, 33.572744866472739 ] } },
{ "type": "Feature", "properties": { "fid": 189, "P29_001": "40135", "P29_002": "B140213001032", "P29_003": "16001", "P29_004": "福岡市立福重小学校", "P29_005": "福岡県福岡市西区福重4-25-1", "city": "福岡市西区" }, "geometry": { "type": "Point", "coordinates": [ 130.325618519861166, 33.572067891830166 ] } },
{ "type": "Feature", "properties": { "fid": 190, "P29_001": "40135", "P29_002": "B140213001041", "P29_003": "16001", "P29_004": "福岡市立愛宕小学校", "P29_005": "福岡県福岡市西区愛宕4-15-1", "city": "福岡市西区" }, "geometry": { "type": "Point", "coordinates": [ 130.33956855922122, 33.586880144170529 ] } },
{ "type": "Feature", "properties": { "fid": 191, "P29_001": "40135", "P29_002": "B140213001050", "P29_003": "16001", "P29_004": "福岡市立城原小学校", "P29_005": "福岡県福岡市西区上山門1-27-1", "city": "福岡市西区" }, "geometry": { "type": "Point", "coordinates": [ 130.307855036446995, 33.570667714977048 ] } },
{ "type": "Feature", "properties": { "fid": 192, "P29_001": "40135", "P29_002": "B140213001069", "P29_003": "16001", "P29_004": "福岡市立玄洋小学校", "P29_005": "福岡県福岡市西区今宿3-38-1", "city": "福岡市西区" }, "geometry": { "type": "Point", "coordinates": [ 130.264797959508741, 33.580101320535086 ] } },
{ "type": "Feature", "properties": { "fid": 193, "P29_001": "40135", "P29_002": "B140213001078", "P29_003": "16001", "P29_004": "福岡市立愛宕浜小学校", "P29_005": "福岡県福岡市西区愛宕浜4-42-1", "city": "福岡市西区" }, "geometry": { "type": "Point", "coordinates": [ 130.330173873374378, 33.595403446774057 ] } },
{ "type": "Feature", "properties": { "fid": 194, "P29_001": "40135", "P29_002": "B140213001096", "P29_003": "16001", "P29_004": "福岡市立西都小学校", "P29_005": "福岡県福岡市西区女原北12-45", "city": "福岡市西区" }, "geometry": { "type": "Point", "coordinates": [ 130.265113006368836, 33.575602379082774 ] } },
{ "type": "Feature", "properties": { "fid": 195, "P29_001": "40136", "P29_002": "B140213001103", "P29_003": "16001", "P29_004": "福岡市立長尾小学校", "P29_005": "福岡県福岡市城南区長尾5-1-1", "city": "福岡市城南区" }, "geometry": { "type": "Point", "coordinates": [ 130.381205074956739, 33.557337972223415 ] } },
{ "type": "Feature", "properties": { "fid": 196, "P29_001": "40136", "P29_002": "B140213001121", "P29_003": "16001", "P29_004": "福岡市立別府小学校", "P29_005": "福岡県福岡市城南区別府6-9-1", "city": "福岡市城南区" }, "geometry": { "type": "Point", "coordinates": [ 130.366871867832714, 33.569544428215067 ] } },
{ "type": "Feature", "properties": { "fid": 197, "P29_001": "40136", "P29_002": "B140213001130", "P29_003": "16001", "P29_004": "福岡市立七隈小学校", "P29_005": "福岡県福岡市城南区七隈4-25-8", "city": "福岡市城南区" }, "geometry": { "type": "Point", "coordinates": [ 130.358589161779349, 33.5546094006178 ] } },
{ "type": "Feature", "properties": { "fid": 198, "P29_001": "40136", "P29_002": "B140213001149", "P29_003": "16001", "P29_004": "福岡市立堤小学校", "P29_005": "福岡県福岡市城南区樋井川6-27-56", "city": "福岡市城南区" }, "geometry": { "type": "Point", "coordinates": [ 130.384191687719209, 33.541746728002082 ] } },
{ "type": "Feature", "properties": { "fid": 199, "P29_001": "40136", "P29_002": "B140213001158", "P29_003": "16001", "P29_004": "福岡市立城南小学校", "P29_005": "福岡県福岡市城南区茶山6-20-1", "city": "福岡市城南区" }, "geometry": { "type": "Point", "coordinates": [ 130.361123063773817, 33.567504914663218 ] } },
{ "type": "Feature", "properties": { "fid": 200, "P29_001": "40136", "P29_002": "B140213001167", "P29_003": "16001", "P29_004": "福岡市立金山小学校", "P29_005": "福岡県福岡市城南区松山1-20-56", "city": "福岡市城南区" }, "geometry": { "type": "Point", "coordinates": [ 130.367667694115994, 33.556602906905937 ] } },
{ "type": "Feature", "properties": { "fid": 201, "P29_001": "40136", "P29_002": "B140213001176", "P29_003": "16001", "P29_004": "福岡市立片江小学校", "P29_005": "福岡県福岡市城南区片江4-5-1", "city": "福岡市城南区" }, "geometry": { "type": "Point", "coordinates": [ 130.372489442362451, 33.551082652347645 ] } },
{ "type": "Feature", "properties": { "fid": 202, "P29_001": "40136", "P29_002": "B140213001185", "P29_003": "16001", "P29_004": "福岡市立南片江小学校", "P29_005": "福岡県福岡市城南区南片江2-9-1", "city": "福岡市城南区" }, "geometry": { "type": "Point", "coordinates": [ 130.374700435876122, 33.543981252089097 ] } },
{ "type": "Feature", "properties": { "fid": 203, "P29_001": "40136", "P29_002": "B140213001194", "P29_003": "16001", "P29_004": "福岡市立田島小学校", "P29_005": "福岡県福岡市城南区田島3-20-1", "city": "福岡市城南区" }, "geometry": { "type": "Point", "coordinates": [ 130.368542764162896, 33.564664542691659 ] } },
{ "type": "Feature", "properties": { "fid": 204, "P29_001": "40136", "P29_002": "B140213001201", "P29_003": "16001", "P29_004": "福岡市立堤丘小学校", "P29_005": "福岡県福岡市城南区堤1-16-1", "city": "福岡市城南区" }, "geometry": { "type": "Point", "coordinates": [ 130.379422999529595, 33.545598181366096 ] } },
{ "type": "Feature", "properties": { "fid": 205, "P29_001": "40137", "P29_002": "B140213001210", "P29_003": "16001", "P29_004": "福岡市立西新小学校", "P29_005": "福岡県福岡市早良区西新6-4-1", "city": "福岡市早良区" }, "geometry": { "type": "Point", "coordinates": [ 130.355184976407202, 33.586159176621223 ] } },
{ "type": "Feature", "properties": { "fid": 206, "P29_001": "40137", "P29_002": "B140213001229", "P29_003": "16001", "P29_004": "福岡市立原小学校", "P29_005": "福岡県福岡市早良区原2-5-1", "city": "福岡市早良区" }, "geometry": { "type": "Point", "coordinates": [ 130.34945270561866, 33.568769491511745 ] } },
{ "type": "Feature", "properties": { "fid": 207, "P29_001": "40137", "P29_002": "B140213001238", "P29_003": "16001", "P29_004": "福岡市立高取小学校", "P29_005": "福岡県福岡市早良区昭代2-15-51", "city": "福岡市早良区" }, "geometry": { "type": "Point", "coordinates": [ 130.352540598930773, 33.576894065620777 ] } },
{ "type": "Feature", "properties": { "fid": 208, "P29_001": "40137", "P29_002": "B140213001247", "P29_003": "16001", "P29_004": "福岡市立百道小学校", "P29_005": "福岡県福岡市早良区百道3-1-1", "city": "福岡市早良区" }, "geometry": { "type": "Point", "coordinates": [ 130.347528847091183, 33.585002358805539 ] } },
{ "type": "Feature", "properties": { "fid": 209, "P29_001": "40137", "P29_002": "B140213001256", "P29_003": "16001", "P29_004": "福岡市立田隈小学校", "P29_005": "福岡県福岡市早良区田隈2-7-1", "city": "福岡市早良区" }, "geometry": { "type": "Point", "coordinates": [ 130.338611230169732, 33.544589509087942 ] } },
{ "type": "Feature", "properties": { "fid": 210, "P29_001": "40137", "P29_002": "B140213001274", "P29_003": "16001", "P29_004": "福岡市立原西小学校", "P29_005": "福岡県福岡市早良区原5-16-10", "city": "福岡市早良区" }, "geometry": { "type": "Point", "coordinates": [ 130.339037032598043, 33.564663704838608 ] } },
{ "type": "Feature", "properties": { "fid": 211, "P29_001": "40137", "P29_002": "B140213001283", "P29_003": "16001", "P29_004": "福岡市立原北小学校", "P29_005": "福岡県福岡市早良区南庄4-5-40", "city": "福岡市早良区" }, "geometry": { "type": "Point", "coordinates": [ 130.33419142729494, 33.574857522036844 ] } },
{ "type": "Feature", "properties": { "fid": 212, "P29_001": "40137", "P29_002": "B140213001292", "P29_003": "16001", "P29_004": "福岡市立飯倉小学校", "P29_005": "福岡県福岡市早良区飯倉7-30-9", "city": "福岡市早良区" }, "geometry": { "type": "Point", "coordinates": [ 130.349923700966201, 33.55737713241475 ] } },
{ "type": "Feature", "properties": { "fid": 213, "P29_001": "40137", "P29_002": "B140213001309", "P29_003": "16001", "P29_004": "福岡市立賀茂小学校", "P29_005": "福岡県福岡市早良区賀茂1-31-1", "city": "福岡市早良区" }, "geometry": { "type": "Point", "coordinates": [ 130.340115945769185, 33.552135103124854 ] } },
{ "type": "Feature", "properties": { "fid": 214, "P29_001": "40137", "P29_002": "B140213001318", "P29_003": "16001", "P29_004": "福岡市立有田小学校", "P29_005": "福岡県福岡市早良区有田8-17-1", "city": "福岡市早良区" }, "geometry": { "type": "Point", "coordinates": [ 130.328456018547314, 33.557434500881818 ] } },
{ "type": "Feature", "properties": { "fid": 215, "P29_001": "40137", "P29_002": "B140213001327", "P29_003": "16001", "P29_004": "福岡市立野芥小学校", "P29_005": "福岡県福岡市早良区野芥7-16-1", "city": "福岡市早良区" }, "geometry": { "type": "Point", "coordinates": [ 130.342053912205103, 33.53948334972042 ] } },
{ "type": "Feature", "properties": { "fid": 216, "P29_001": "40137", "P29_002": "B140213001345", "P29_003": "16001", "P29_004": "福岡市立四箇田小学校", "P29_005": "福岡県福岡市早良区四箇田団地56-1", "city": "福岡市早良区" }, "geometry": { "type": "Point", "coordinates": [ 130.331353909150778, 33.533672674909909 ] } },
{ "type": "Feature", "properties": { "fid": 217, "P29_001": "40137", "P29_002": "B140213001354", "P29_003": "16001", "P29_004": "福岡市立飯原小学校", "P29_005": "福岡県福岡市早良区原7-3-1", "city": "福岡市早良区" }, "geometry": { "type": "Point", "coordinates": [ 130.346117066553859, 33.562316953992067 ] } },
{ "type": "Feature", "properties": { "fid": 218, "P29_001": "40137", "P29_002": "B140213001363", "P29_003": "16001", "P29_004": "福岡市立有住小学校", "P29_005": "福岡県福岡市早良区有田7-17-1", "city": "福岡市早良区" }, "geometry": { "type": "Point", "coordinates": [ 130.331235076011922, 33.560938433790241 ] } },
{ "type": "Feature", "properties": { "fid": 219, "P29_001": "40137", "P29_002": "B140213001372", "P29_003": "16001", "P29_004": "福岡市立早良小学校", "P29_005": "福岡県福岡市早良区早良1-8-1", "city": "福岡市早良区" }, "geometry": { "type": "Point", "coordinates": [ 130.337205873053762, 33.505253921676704 ] } },
{ "type": "Feature", "properties": { "fid": 220, "P29_001": "40137", "P29_002": "B140213001381", "P29_003": "16001", "P29_004": "福岡市立田村小学校", "P29_005": "福岡県福岡市早良区田村3-32-1", "city": "福岡市早良区" }, "geometry": { "type": "Point", "coordinates": [ 130.330749298855267, 33.541748601620462 ] } },
{ "type": "Feature", "properties": { "fid": 221, "P29_001": "40137", "P29_002": "B140213001390", "P29_003": "16001", "P29_004": "福岡市立飯倉中央小学校", "P29_005": "福岡県福岡市早良区飯倉3-6-35", "city": "福岡市早良区" }, "geometry": { "type": "Point", "coordinates": [ 130.350974486568248, 33.565991633279943 ] } },
{ "type": "Feature", "properties": { "fid": 222, "P29_001": "40137", "P29_002": "B140213001407", "P29_003": "16001", "P29_004": "福岡市立小田部小学校", "P29_005": "福岡県福岡市早良区小田部6-4-1", "city": "福岡市早良区" }, "geometry": { "type": "Point", "coordinates": [ 130.328689872358922, 33.57368084018421 ] } },
{ "type": "Feature", "properties": { "fid": 223, "P29_001": "40137", "P29_002": "B140213001425", "P29_003": "16001", "P29_004": "福岡市立入部小学校", "P29_005": "福岡県福岡市早良区東入部2-21-15", "city": "福岡市早良区" }, "geometry": { "type": "Point", "coordinates": [ 130.337968612346856, 33.521457635572226 ] } },
{ "type": "Feature", "properties": { "fid": 224, "P29_001": "40137", "P29_002": "B140213001443", "P29_003": "16001", "P29_004": "福岡市立内野小学校", "P29_005": "福岡県福岡市早良区内野8-15-1", "city": "福岡市早良区" }, "geometry": { "type": "Point", "coordinates": [ 130.337193161811854, 33.493256344968763 ] } },
{ "type": "Feature", "properties": { "fid": 225, "P29_001": "40202", "P29_002": "B140220200027", "P29_003": "16001", "P29_004": "大牟田市立大正小学校", "P29_005": "福岡県大牟田市大正町5-5-9", "city": "大牟田市" }, "geometry": { "type": "Point", "coordinates": [ 130.43966588861187, 33.030220066511355 ] } },
{ "type": "Feature", "properties": { "fid": 226, "P29_001": "40202", "P29_002": "B140220200036", "P29_003": "16001", "P29_004": "大牟田市立中友小学校", "P29_005": "福岡県大牟田市中友町1-20", "city": "大牟田市" }, "geometry": { "type": "Point", "coordinates": [ 130.441512860532526, 33.035111815368751 ] } },
{ "type": "Feature", "properties": { "fid": 227, "P29_001": "40202", "P29_002": "B140220200045", "P29_003": "16001", "P29_004": "大牟田市立明治小学校", "P29_005": "福岡県大牟田市明治町2-21-1", "city": "大牟田市" }, "geometry": { "type": "Point", "coordinates": [ 130.445730132514399, 33.041320713734464 ] } },
{ "type": "Feature", "properties": { "fid": 228, "P29_001": "40202", "P29_002": "B140220200063", "P29_003": "16001", "P29_004": "大牟田市立平原小学校", "P29_005": "福岡県大牟田市平原町333", "city": "大牟田市" }, "geometry": { "type": "Point", "coordinates": [ 130.464612932745894, 33.039342558377037 ] } },
{ "type": "Feature", "properties": { "fid": 229, "P29_001": "40202", "P29_002": "B140220200081", "P29_003": "16001", "P29_004": "大牟田市立三池小学校", "P29_005": "福岡県大牟田市大字新町289-1", "city": "大牟田市" }, "geometry": { "type": "Point", "coordinates": [ 130.483304740773065, 33.046019736652013 ] } },
{ "type": "Feature", "properties": { "fid": 230, "P29_001": "40202", "P29_002": "B140220200090", "P29_003": "16001", "P29_004": "大牟田市立銀水小学校", "P29_005": "福岡県大牟田市大字田隈239", "city": "大牟田市" }, "geometry": { "type": "Point", "coordinates": [ 130.475000589540144, 33.054848336482117 ] } },
{ "type": "Feature", "properties": { "fid": 231, "P29_001": "40202", "P29_002": "B140220200116", "P29_003": "16001", "P29_004": "大牟田市立吉野小学校", "P29_005": "福岡県大牟田市大字白銀967-17", "city": "大牟田市" }, "geometry": { "type": "Point", "coordinates": [ 130.484169126403231, 33.07337507593563 ] } },
{ "type": "Feature", "properties": { "fid": 232, "P29_001": "40202", "P29_002": "B140220200125", "P29_003": "16001", "P29_004": "大牟田市立倉永小学校", "P29_005": "福岡県大牟田市大字倉永1307", "city": "大牟田市" }, "geometry": { "type": "Point", "coordinates": [ 130.46101927344327, 33.080056326772038 ] } },
{ "type": "Feature", "properties": { "fid": 233, "P29_001": "40202", "P29_002": "B140220200134", "P29_003": "16001", "P29_004": "大牟田市立手鎌小学校", "P29_005": "福岡県大牟田市大字唐船395", "city": "大牟田市" }, "geometry": { "type": "Point", "coordinates": [ 130.447315780419643, 33.05896017396207 ] } },
{ "type": "Feature", "properties": { "fid": 234, "P29_001": "40202", "P29_002": "B140220200143", "P29_003": "16001", "P29_004": "大牟田市立羽山台小学校", "P29_005": "福岡県大牟田市草木587-3", "city": "大牟田市" }, "geometry": { "type": "Point", "coordinates": [ 130.469474895998928, 33.049917248504691 ] } },
{ "type": "Feature", "properties": { "fid": 235, "P29_001": "40202", "P29_002": "B140220200152", "P29_003": "16001", "P29_004": "大牟田市立みなと小学校", "P29_005": "福岡県大牟田市上屋敷町2-3-1", "city": "大牟田市" }, "geometry": { "type": "Point", "coordinates": [ 130.430789026382143, 33.010457695736065 ] } },
{ "type": "Feature", "properties": { "fid": 236, "P29_001": "40202", "P29_002": "B140220200161", "P29_003": "16001", "P29_004": "大牟田市立天領小学校", "P29_005": "福岡県大牟田市天領町1-145-1", "city": "大牟田市" }, "geometry": { "type": "Point", "coordinates": [ 130.434331454989064, 33.016812693526013 ] } },
{ "type": "Feature", "properties": { "fid": 237, "P29_001": "40202", "P29_002": "B140220200189", "P29_003": "16001", "P29_004": "大牟田市立大牟田中央小学校", "P29_005": "福岡県大牟田市笹林町1-1-3", "city": "大牟田市" }, "geometry": { "type": "Point", "coordinates": [ 130.447596575838304, 33.028594937033851 ] } },
{ "type": "Feature", "properties": { "fid": 238, "P29_001": "40202", "P29_002": "B140220200198", "P29_003": "16001", "P29_004": "大牟田市立駛馬小学校", "P29_005": "福岡県大牟田市馬場町17", "city": "大牟田市" }, "geometry": { "type": "Point", "coordinates": [ 130.450021350441915, 33.014786937457629 ] } },
{ "type": "Feature", "properties": { "fid": 239, "P29_001": "40203", "P29_002": "B140220300017", "P29_003": "16001", "P29_004": "久留米市立西国分小学校", "P29_005": "福岡県久留米市諏訪野町1972-1", "city": "久留米市" }, "geometry": { "type": "Point", "coordinates": [ 130.526407151051501, 33.303656587173698 ] } },
{ "type": "Feature", "properties": { "fid": 240, "P29_001": "40203", "P29_002": "B140220300026", "P29_003": "16001", "P29_004": "久留米市立荘島小学校", "P29_005": "福岡県久留米市荘島町19-4", "city": "久留米市" }, "geometry": { "type": "Point", "coordinates": [ 130.507004181125438, 33.314312915150175 ] } },
{ "type": "Feature", "properties": { "fid": 241, "P29_001": "40203", "P29_002": "B140220300035", "P29_003": "16001", "P29_004": "久留米市立日吉小学校", "P29_005": "福岡県久留米市日吉町77-1", "city": "久留米市" }, "geometry": { "type": "Point", "coordinates": [ 130.515432770119844, 33.315226975898433 ] } },
{ "type": "Feature", "properties": { "fid": 242, "P29_001": "40203", "P29_002": "B140220300044", "P29_003": "16001", "P29_004": "久留米市立篠山小学校", "P29_005": "福岡県久留米市篠山町270-1", "city": "久留米市" }, "geometry": { "type": "Point", "coordinates": [ 130.507955749074227, 33.323046312871853 ] } },
{ "type": "Feature", "properties": { "fid": 243, "P29_001": "40203", "P29_002": "B140220300053", "P29_003": "16001", "P29_004": "久留米市立京町小学校", "P29_005": "福岡県久留米市京町256", "city": "久留米市" }, "geometry": { "type": "Point", "coordinates": [ 130.498122789308042, 33.320132467417281 ] } },
{ "type": "Feature", "properties": { "fid": 244, "P29_001": "40203", "P29_002": "B140220300062", "P29_003": "16001", "P29_004": "久留米市立南薫小学校", "P29_005": "福岡県久留米市南薫西町1951-1", "city": "久留米市" }, "geometry": { "type": "Point", "coordinates": [ 130.523551296398722, 33.317952943226516 ] } },
{ "type": "Feature", "properties": { "fid": 245, "P29_001": "40203", "P29_002": "B140220300071", "P29_003": "16001", "P29_004": "久留米市立鳥飼小学校", "P29_005": "福岡県久留米市梅満町977", "city": "久留米市" }, "geometry": { "type": "Point", "coordinates": [ 130.502077359039589, 33.307407144487279 ] } },
{ "type": "Feature", "properties": { "fid": 246, "P29_001": "40203", "P29_002": "B140220300080", "P29_003": "16001", "P29_004": "久留米市立長門石小学校", "P29_005": "福岡県久留米市長門石3-9-12", "city": "久留米市" }, "geometry": { "type": "Point", "coordinates": [ 130.486593311831484, 33.327643543818887 ] } },
{ "type": "Feature", "properties": { "fid": 247, "P29_001": "40203", "P29_002": "B140220300099", "P29_003": "16001", "P29_004": "久留米市立小森野小学校", "P29_005": "福岡県久留米市小森野5-21-23", "city": "久留米市" }, "geometry": { "type": "Point", "coordinates": [ 130.517752939777665, 33.339324719279176 ] } },
{ "type": "Feature", "properties": { "fid": 248, "P29_001": "40203", "P29_002": "B140220300106", "P29_003": "16001", "P29_004": "久留米市立金丸小学校", "P29_005": "福岡県久留米市原古賀町28-2", "city": "久留米市" }, "geometry": { "type": "Point", "coordinates": [ 130.51213650842331, 33.309213267024703 ] } },
{ "type": "Feature", "properties": { "fid": 249, "P29_001": "40203", "P29_002": "B140220300115", "P29_003": "16001", "P29_004": "久留米市立東国分小学校", "P29_005": "福岡県久留米市国分町444-1", "city": "久留米市" }, "geometry": { "type": "Point", "coordinates": [ 130.539952903134406, 33.299434395597416 ] } },
{ "type": "Feature", "properties": { "fid": 250, "P29_001": "40203", "P29_002": "B140220300124", "P29_003": "16001", "P29_004": "久留米市立御井小学校", "P29_005": "福岡県久留米市御井町599-2", "city": "久留米市" }, "geometry": { "type": "Point", "coordinates": [ 130.554834003123119, 33.307177622436811 ] } },
{ "type": "Feature", "properties": { "fid": 251, "P29_001": "40203", "P29_002": "B140220300133", "P29_003": "16001", "P29_004": "久留米市立南小学校", "P29_005": "福岡県久留米市南2-16-1", "city": "久留米市" }, "geometry": { "type": "Point", "coordinates": [ 130.524447276449422, 33.296482297152529 ] } },
{ "type": "Feature", "properties": { "fid": 252, "P29_001": "40203", "P29_002": "B140220300142", "P29_003": "16001", "P29_004": "久留米市立合川小学校", "P29_005": "福岡県久留米市合川町471-1", "city": "久留米市" }, "geometry": { "type": "Point", "coordinates": [ 130.543597208451445, 33.317187981869495 ] } },
{ "type": "Feature", "properties": { "fid": 253, "P29_001": "40203", "P29_002": "B140220300151", "P29_003": "16001", "P29_004": "久留米市立山川小学校", "P29_005": "福岡県久留米市山川追分2-10-2", "city": "久留米市" }, "geometry": { "type": "Point", "coordinates": [ 130.568550191902062, 33.313407324845414 ] } },
{ "type": "Feature", "properties": { "fid": 254, "P29_001": "40203", "P29_002": "B140220300179", "P29_003": "16001", "P29_004": "久留米市立高良内小学校", "P29_005": "福岡県久留米市高良内町523-1", "city": "久留米市" }, "geometry": { "type": "Point", "coordinates": [ 130.56136732041108, 33.293005063952997 ] } },
{ "type": "Feature", "properties": { "fid": 255, "P29_001": "40203", "P29_002": "B140220300188", "P29_003": "16001", "P29_004": "久留米市立宮ノ陣小学校", "P29_005": "福岡県久留米市宮ノ陣町大杜393-1", "city": "久留米市" }, "geometry": { "type": "Point", "coordinates": [ 130.547086878416764, 33.335925371588701 ] } },
{ "type": "Feature", "properties": { "fid": 256, "P29_001": "40203", "P29_002": "B140220300197", "P29_003": "16001", "P29_004": "久留米市立山本小学校", "P29_005": "福岡県久留米市山本町耳納90", "city": "久留米市" }, "geometry": { "type": "Point", "coordinates": [ 130.596995585254575, 33.309027903751002 ] } },
{ "type": "Feature", "properties": { "fid": 257, "P29_001": "40203", "P29_002": "B140220300204", "P29_003": "16001", "P29_004": "久留米市立草野小学校", "P29_005": "福岡県久留米市草野町矢作496-1", "city": "久留米市" }, "geometry": { "type": "Point", "coordinates": [ 130.630529847736966, 33.316925223015758 ] } },
{ "type": "Feature", "properties": { "fid": 258, "P29_001": "40203", "P29_002": "B140220300213", "P29_003": "16001", "P29_004": "久留米市立安武小学校", "P29_005": "福岡県久留米市安武町武島776-1", "city": "久留米市" }, "geometry": { "type": "Point", "coordinates": [ 130.476592105390893, 33.29255221273614 ] } },
{ "type": "Feature", "properties": { "fid": 259, "P29_001": "40203", "P29_002": "B140220300222", "P29_003": "16001", "P29_004": "久留米市立荒木小学校", "P29_005": "福岡県久留米市荒木町荒木1500", "city": "久留米市" }, "geometry": { "type": "Point", "coordinates": [ 130.499576854017135, 33.269932589517758 ] } },
{ "type": "Feature", "properties": { "fid": 260, "P29_001": "40203", "P29_002": "B140220300231", "P29_003": "16001", "P29_004": "久留米市立大善寺小学校", "P29_005": "福岡県久留米市大善寺町夜明1268", "city": "久留米市" }, "geometry": { "type": "Point", "coordinates": [ 130.469068331027074, 33.275382454381081 ] } },
{ "type": "Feature", "properties": { "fid": 261, "P29_001": "40203", "P29_002": "B140220300240", "P29_003": "16001", "P29_004": "久留米市立善導寺小学校", "P29_005": "福岡県久留米市善導寺町与田450", "city": "久留米市" }, "geometry": { "type": "Point", "coordinates": [ 130.603618962066946, 33.326472419497946 ] } },
{ "type": "Feature", "properties": { "fid": 262, "P29_001": "40203", "P29_002": "B140220300268", "P29_003": "16001", "P29_004": "久留米市立青峰小学校", "P29_005": "福岡県久留米市青峰2-7-1", "city": "久留米市" }, "geometry": { "type": "Point", "coordinates": [ 130.562609937964908, 33.284305786735182 ] } },
{ "type": "Feature", "properties": { "fid": 263, "P29_001": "40203", "P29_002": "B140220300286", "P29_003": "16001", "P29_004": "久留米市立船越小学校", "P29_005": "福岡県久留米市田主丸町船越190", "city": "久留米市" }, "geometry": { "type": "Point", "coordinates": [ 130.71735456465828, 33.350427494876712 ] } },
{ "type": "Feature", "properties": { "fid": 264, "P29_001": "40203", "P29_002": "B140220300295", "P29_003": "16001", "P29_004": "久留米市立水縄小学校", "P29_005": "福岡県久留米市田主丸町石垣889", "city": "久留米市" }, "geometry": { "type": "Point", "coordinates": [ 130.701641840111961, 33.327590495978313 ] } },
{ "type": "Feature", "properties": { "fid": 265, "P29_001": "40203", "P29_002": "B140220300302", "P29_003": "16001", "P29_004": "久留米市立田主丸小学校", "P29_005": "福岡県久留米市田主丸町田主丸318", "city": "久留米市" }, "geometry": { "type": "Point", "coordinates": [ 130.696779573369213, 33.345640623940355 ] } },
{ "type": "Feature", "properties": { "fid": 266, "P29_001": "40203", "P29_002": "B140220300311", "P29_003": "16001", "P29_004": "久留米市立水分小学校", "P29_005": "福岡県久留米市田主丸町常盤1118-1", "city": "久留米市" }, "geometry": { "type": "Point", "coordinates": [ 130.69279072685336, 33.348855054134475 ] } },
{ "type": "Feature", "properties": { "fid": 267, "P29_001": "40203", "P29_002": "B140220300320", "P29_003": "16001", "P29_004": "久留米市立竹野小学校", "P29_005": "福岡県久留米市田主丸町竹野1823-1", "city": "久留米市" }, "geometry": { "type": "Point", "coordinates": [ 130.654915744295636, 33.32167631539658 ] } },
{ "type": "Feature", "properties": { "fid": 268, "P29_001": "40203", "P29_002": "B140220300339", "P29_003": "16001", "P29_004": "久留米市立川会小学校", "P29_005": "福岡県久留米市田主丸町以真恵274-1", "city": "久留米市" }, "geometry": { "type": "Point", "coordinates": [ 130.661679352075879, 33.342237235840642 ] } },
{ "type": "Feature", "properties": { "fid": 269, "P29_001": "40203", "P29_002": "B140220300348", "P29_003": "16001", "P29_004": "久留米市立柴刈小学校", "P29_005": "福岡県久留米市田主丸町八幡830-1", "city": "久留米市" }, "geometry": { "type": "Point", "coordinates": [ 130.656419420187461, 33.35912531960102 ] } },
{ "type": "Feature", "properties": { "fid": 270, "P29_001": "40203", "P29_002": "B140220300357", "P29_003": "16001", "P29_004": "久留米市立弓削小学校", "P29_005": "福岡県久留米市北野町高良1801", "city": "久留米市" }, "geometry": { "type": "Point", "coordinates": [ 130.570887700095568, 33.331845726573285 ] } },
{ "type": "Feature", "properties": { "fid": 271, "P29_001": "40203", "P29_002": "B140220300366", "P29_003": "16001", "P29_004": "久留米市立北野小学校", "P29_005": "福岡県久留米市北野町中520-1", "city": "久留米市" }, "geometry": { "type": "Point", "coordinates": [ 130.584982546013549, 33.350360799579967 ] } },
{ "type": "Feature", "properties": { "fid": 272, "P29_001": "40203", "P29_002": "B140220300375", "P29_003": "16001", "P29_004": "久留米市立大城小学校", "P29_005": "福岡県久留米市北野町大城121-1", "city": "久留米市" }, "geometry": { "type": "Point", "coordinates": [ 130.607852095620871, 33.346873758711517 ] } },
{ "type": "Feature", "properties": { "fid": 273, "P29_001": "40203", "P29_002": "B140220300384", "P29_003": "16001", "P29_004": "久留米市立金島小学校", "P29_005": "福岡県久留米市北野町八重亀164", "city": "久留米市" }, "geometry": { "type": "Point", "coordinates": [ 130.623108506891356, 33.354085521449655 ] } },
{ "type": "Feature", "properties": { "fid": 274, "P29_001": "40203", "P29_002": "B140220300393", "P29_003": "16001", "P29_004": "久留米市立西牟田小学校", "P29_005": "福岡県久留米市三潴町西牟田4410", "city": "久留米市" }, "geometry": { "type": "Point", "coordinates": [ 130.48609849469284, 33.243623969240836 ] } },
{ "type": "Feature", "properties": { "fid": 275, "P29_001": "40203", "P29_002": "B140220300400", "P29_003": "16001", "P29_004": "久留米市立犬塚小学校", "P29_005": "福岡県久留米市三潴町玉満1871", "city": "久留米市" }, "geometry": { "type": "Point", "coordinates": [ 130.462148257515594, 33.24919385201872 ] } },
{ "type": "Feature", "properties": { "fid": 276, "P29_001": "40203", "P29_002": "B140220300419", "P29_003": "16001", "P29_004": "久留米市立三潴小学校", "P29_005": "福岡県久留米市三潴町高三潴492", "city": "久留米市" }, "geometry": { "type": "Point", "coordinates": [ 130.461794049003231, 33.262196972475977 ] } },
{ "type": "Feature", "properties": { "fid": 277, "P29_001": "40203", "P29_002": "B140220300428", "P29_003": "16001", "P29_004": "久留米市立城島小学校", "P29_005": "福岡県久留米市城島町城島320", "city": "久留米市" }, "geometry": { "type": "Point", "coordinates": [ 130.427783341348146, 33.257216981678134 ] } },
{ "type": "Feature", "properties": { "fid": 278, "P29_001": "40203", "P29_002": "B140220300446", "P29_003": "16001", "P29_004": "久留米市立江上小学校", "P29_005": "福岡県久留米市城島町江上331", "city": "久留米市" }, "geometry": { "type": "Point", "coordinates": [ 130.427858285654338, 33.235828338487394 ] } },
{ "type": "Feature", "properties": { "fid": 279, "P29_001": "40203", "P29_002": "B140220300455", "P29_003": "16001", "P29_004": "久留米市立青木小学校", "P29_005": "福岡県久留米市城島町上青木825", "city": "久留米市" }, "geometry": { "type": "Point", "coordinates": [ 130.406384212551217, 33.240729155475513 ] } },
{ "type": "Feature", "properties": { "fid": 280, "P29_001": "40204", "P29_002": "B140220400016", "P29_003": "16001", "P29_004": "直方市立直方南小学校", "P29_005": "福岡県直方市新町3-3-55", "city": "直方市" }, "geometry": { "type": "Point", "coordinates": [ 130.725321146148048, 33.735990840131841 ] } },
{ "type": "Feature", "properties": { "fid": 281, "P29_001": "40204", "P29_002": "B140220400025", "P29_003": "16001", "P29_004": "直方市立直方北小学校", "P29_005": "福岡県直方市日吉町7-1", "city": "直方市" }, "geometry": { "type": "Point", "coordinates": [ 130.728085466583366, 33.752059924355841 ] } },
{ "type": "Feature", "properties": { "fid": 282, "P29_001": "40204", "P29_002": "B140220400034", "P29_003": "16001", "P29_004": "直方市立直方西小学校", "P29_005": "福岡県直方市大字山部666", "city": "直方市" }, "geometry": { "type": "Point", "coordinates": [ 130.721244297624111, 33.741669089358247 ] } },
{ "type": "Feature", "properties": { "fid": 283, "P29_001": "40204", "P29_002": "B140220400052", "P29_003": "16001", "P29_004": "直方市立感田小学校", "P29_005": "福岡県直方市大字感田1160", "city": "直方市" }, "geometry": { "type": "Point", "coordinates": [ 130.73540039264617, 33.760529149855749 ] } },
{ "type": "Feature", "properties": { "fid": 284, "P29_001": "40204", "P29_002": "B140220400061", "P29_003": "16001", "P29_004": "直方市立上頓野小学校", "P29_005": "福岡県直方市大字上頓野2510", "city": "直方市" }, "geometry": { "type": "Point", "coordinates": [ 130.763276818185432, 33.760803418310189 ] } },
{ "type": "Feature", "properties": { "fid": 285, "P29_001": "40204", "P29_002": "B140220400105", "P29_003": "16001", "P29_004": "直方市立植木小学校", "P29_005": "福岡県直方市植木3207", "city": "直方市" }, "geometry": { "type": "Point", "coordinates": [ 130.714444420057958, 33.77607749668983 ] } },
{ "type": "Feature", "properties": { "fid": 286, "P29_001": "40205", "P29_002": "B140220500015", "P29_003": "16001", "P29_004": "飯塚市立飯塚小学校", "P29_005": "福岡県飯塚市西徳前2-6", "city": "飯塚市" }, "geometry": { "type": "Point", "coordinates": [ 130.681499518032211, 33.638339976551386 ] } },
{ "type": "Feature", "properties": { "fid": 287, "P29_001": "40205", "P29_002": "B140220500024", "P29_003": "16001", "P29_004": "飯塚市立菰田小学校", "P29_005": "福岡県飯塚市菰田東2-19-5", "city": "飯塚市" }, "geometry": { "type": "Point", "coordinates": [ 130.692681448744622, 33.631001594751233 ] } },
{ "type": "Feature", "properties": { "fid": 288, "P29_001": "40205", "P29_002": "B140220500033", "P29_003": "16001", "P29_004": "飯塚市立立岩小学校", "P29_005": "福岡県飯塚市立岩1176-1", "city": "飯塚市" }, "geometry": { "type": "Point", "coordinates": [ 130.694458502325773, 33.652199873086857 ] } },
{ "type": "Feature", "properties": { "fid": 289, "P29_001": "40205", "P29_002": "B140220500042", "P29_003": "16001", "P29_004": "飯塚市立飯塚東小学校", "P29_005": "福岡県飯塚市下三緒54", "city": "飯塚市" }, "geometry": { "type": "Point", "coordinates": [ 130.70687002391449, 33.632601320012135 ] } },
{ "type": "Feature", "properties": { "fid": 290, "P29_001": "40205", "P29_002": "B140220500051", "P29_003": "16001", "P29_004": "飯塚市立鯰田小学校", "P29_005": "福岡県飯塚市鯰田1263", "city": "飯塚市" }, "geometry": { "type": "Point", "coordinates": [ 130.706212645325536, 33.669150336640485 ] } },
{ "type": "Feature", "properties": { "fid": 291, "P29_001": "40205", "P29_002": "B140220500060", "P29_003": "16001", "P29_004": "飯塚市立片島小学校", "P29_005": "福岡県飯塚市片島3-8-5", "city": "飯塚市" }, "geometry": { "type": "Point", "coordinates": [ 130.681261677206209, 33.648188903436989 ] } },
{ "type": "Feature", "properties": { "fid": 292, "P29_001": "40205", "P29_002": "B140220500079", "P29_003": "16001", "P29_004": "飯塚市立伊岐須小学校", "P29_005": "福岡県飯塚市伊岐須843", "city": "飯塚市" }, "geometry": { "type": "Point", "coordinates": [ 130.65908378631147, 33.655390158576679 ] } },
{ "type": "Feature", "properties": { "fid": 293, "P29_001": "40205", "P29_002": "B140220500088", "P29_003": "16001", "P29_004": "飯塚市立幸袋小学校", "P29_005": "福岡県飯塚市中730-1", "city": "飯塚市" }, "geometry": { "type": "Point", "coordinates": [ 130.680606607945776, 33.666689790716084 ] } },
{ "type": "Feature", "properties": { "fid": 294, "P29_001": "40205", "P29_002": "B140220500097", "P29_003": "16001", "P29_004": "飯塚市立八木山小学校", "P29_005": "福岡県飯塚市八木山693-1", "city": "飯塚市" }, "geometry": { "type": "Point", "coordinates": [ 130.612859245632563, 33.630506640617028 ] } },
{ "type": "Feature", "properties": { "fid": 295, "P29_001": "40205", "P29_002": "B140220500131", "P29_003": "16001", "P29_004": "飯塚市立椋本小学校", "P29_005": "福岡県飯塚市椋本16-2", "city": "飯塚市" }, "geometry": { "type": "Point", "coordinates": [ 130.664993246391731, 33.607959051411861 ] } },
{ "type": "Feature", "properties": { "fid": 296, "P29_001": "40205", "P29_002": "B140220500159", "P29_003": "16001", "P29_004": "飯塚市立内野小学校", "P29_005": "福岡県飯塚市内野3537-1", "city": "飯塚市" }, "geometry": { "type": "Point", "coordinates": [ 130.638677479720542, 33.539113723495717 ] } },
{ "type": "Feature", "properties": { "fid": 297, "P29_001": "40205", "P29_002": "B140220500168", "P29_003": "16001", "P29_004": "飯塚市立上穂波小学校", "P29_005": "福岡県飯塚市筑穂元吉430", "city": "飯塚市" }, "geometry": { "type": "Point", "coordinates": [ 130.641917489342546, 33.570478919144158 ] } },
{ "type": "Feature", "properties": { "fid": 298, "P29_001": "40205", "P29_002": "B140220500177", "P29_003": "16001", "P29_004": "飯塚市立大分小学校", "P29_005": "福岡県飯塚市大分1985-1", "city": "飯塚市" }, "geometry": { "type": "Point", "coordinates": [ 130.622798388323986, 33.588715083626255 ] } },
{ "type": "Feature", "properties": { "fid": 299, "P29_001": "40205", "P29_002": "B140220500195", "P29_003": "16001", "P29_004": "飯塚市立飯塚鎮西小学校", "P29_005": "福岡県飯塚市大日寺141", "city": "飯塚市" }, "geometry": { "type": "Point", "coordinates": [ 130.647547229798789, 33.637848625109434 ] } },
{ "type": "Feature", "properties": { "fid": 300, "P29_001": "40206", "P29_002": "B140220600023", "P29_003": "16001", "P29_004": "田川市立弓削田小学校", "P29_005": "福岡県田川市大字弓削田499", "city": "田川市" }, "geometry": { "type": "Point", "coordinates": [ 130.785097982860691, 33.637267135151049 ] } },
{ "type": "Feature", "properties": { "fid": 301, "P29_001": "40206", "P29_002": "B140220600032", "P29_003": "16001", "P29_004": "田川市立後藤寺小学校", "P29_005": "福岡県田川市宮尾町1-9", "city": "田川市" }, "geometry": { "type": "Point", "coordinates": [ 130.797649271361252, 33.632061342611181 ] } },
{ "type": "Feature", "properties": { "fid": 302, "P29_001": "40206", "P29_002": "B140220600041", "P29_003": "16001", "P29_004": "田川市立大浦小学校", "P29_005": "福岡県田川市奈良1616", "city": "田川市" }, "geometry": { "type": "Point", "coordinates": [ 130.805436234274168, 33.625893804975242 ] } },
{ "type": "Feature", "properties": { "fid": 303, "P29_001": "40206", "P29_002": "B140220600050", "P29_003": "16001", "P29_004": "田川市立大藪小学校", "P29_005": "福岡県田川市大字川宮1645-2", "city": "田川市" }, "geometry": { "type": "Point", "coordinates": [ 130.799496847844864, 33.645030245739051 ] } },
{ "type": "Feature", "properties": { "fid": 304, "P29_001": "40206", "P29_002": "B140220600069", "P29_003": "16001", "P29_004": "田川市立田川小学校", "P29_005": "福岡県田川市栄町4-23", "city": "田川市" }, "geometry": { "type": "Point", "coordinates": [ 130.809898384203166, 33.640571996522851 ] } },
{ "type": "Feature", "properties": { "fid": 305, "P29_001": "40206", "P29_002": "B140220600078", "P29_003": "16001", "P29_004": "田川市立鎮西小学校", "P29_005": "福岡県田川市大字伊田1946-1", "city": "田川市" }, "geometry": { "type": "Point", "coordinates": [ 130.824833061144091, 33.638268866879947 ] } },
{ "type": "Feature", "properties": { "fid": 306, "P29_001": "40206", "P29_002": "B140220600096", "P29_003": "16001", "P29_004": "田川市立金川小学校", "P29_005": "福岡県田川市糒1771", "city": "田川市" }, "geometry": { "type": "Point", "coordinates": [ 130.809962263431004, 33.664448039023796 ] } },
{ "type": "Feature", "properties": { "fid": 307, "P29_001": "40207", "P29_002": "B140220700013", "P29_003": "16001", "P29_004": "柳川市立柳河小学校", "P29_005": "福岡県柳川市恵美須町28", "city": "柳川市" }, "geometry": { "type": "Point", "coordinates": [ 130.409041515949895, 33.168731496955488 ] } },
{ "type": "Feature", "properties": { "fid": 308, "P29_001": "40207", "P29_002": "B140220700022", "P29_003": "16001", "P29_004": "柳川市立城内小学校", "P29_005": "福岡県柳川市本町84", "city": "柳川市" }, "geometry": { "type": "Point", "coordinates": [ 130.405805040841813, 33.161484081931079 ] } },
{ "type": "Feature", "properties": { "fid": 309, "P29_001": "40207", "P29_002": "B140220700031", "P29_003": "16001", "P29_004": "柳川市立矢留小学校", "P29_005": "福岡県柳川市矢留本町21", "city": "柳川市" }, "geometry": { "type": "Point", "coordinates": [ 130.393814491331455, 33.156771706158814 ] } },
{ "type": "Feature", "properties": { "fid": 310, "P29_001": "40207", "P29_002": "B140220700077", "P29_003": "16001", "P29_004": "柳川市立昭代第二小学校", "P29_005": "福岡県柳川市西浜武1490", "city": "柳川市" }, "geometry": { "type": "Point", "coordinates": [ 130.383169314789797, 33.166935767097961 ] } },
{ "type": "Feature", "properties": { "fid": 311, "P29_001": "40207", "P29_002": "B140220700095", "P29_003": "16001", "P29_004": "柳川市立皿垣小学校", "P29_005": "福岡県柳川市大和町栄1542", "city": "柳川市" }, "geometry": { "type": "Point", "coordinates": [ 130.422135699201476, 33.12372709142339 ] } },
{ "type": "Feature", "properties": { "fid": 312, "P29_001": "40207", "P29_002": "B140220700102", "P29_003": "16001", "P29_004": "柳川市立有明小学校", "P29_005": "福岡県柳川市大和町皿垣開600", "city": "柳川市" }, "geometry": { "type": "Point", "coordinates": [ 130.41948067852752, 33.117310473741639 ] } },
{ "type": "Feature", "properties": { "fid": 313, "P29_001": "40207", "P29_002": "B140220700111", "P29_003": "16001", "P29_004": "柳川市立中島小学校", "P29_005": "福岡県柳川市大和町中島68", "city": "柳川市" }, "geometry": { "type": "Point", "coordinates": [ 130.433477943335419, 33.123033140947292 ] } },
{ "type": "Feature", "properties": { "fid": 314, "P29_001": "40207", "P29_002": "B140220700120", "P29_003": "16001", "P29_004": "柳川市立六合小学校", "P29_005": "福岡県柳川市大和町六合1661-1", "city": "柳川市" }, "geometry": { "type": "Point", "coordinates": [ 130.443973569112899, 33.136188666154275 ] } },
{ "type": "Feature", "properties": { "fid": 315, "P29_001": "40207", "P29_002": "B140220700139", "P29_003": "16001", "P29_004": "柳川市立大和小学校", "P29_005": "福岡県柳川市大和町栄563", "city": "柳川市" }, "geometry": { "type": "Point", "coordinates": [ 130.419956832268127, 33.133165126832857 ] } },
{ "type": "Feature", "properties": { "fid": 316, "P29_001": "40207", "P29_002": "B140220700148", "P29_003": "16001", "P29_004": "柳川市立豊原小学校", "P29_005": "福岡県柳川市大和町豊原125", "city": "柳川市" }, "geometry": { "type": "Point", "coordinates": [ 130.42783005716467, 33.146769249797551 ] } },
{ "type": "Feature", "properties": { "fid": 317, "P29_001": "40207", "P29_002": "B140220700157", "P29_003": "16001", "P29_004": "柳川市立藤吉小学校", "P29_005": "福岡県柳川市三橋町藤吉502", "city": "柳川市" }, "geometry": { "type": "Point", "coordinates": [ 130.415176421330841, 33.164588071407607 ] } },
{ "type": "Feature", "properties": { "fid": 318, "P29_001": "40207", "P29_002": "B140220700166", "P29_003": "16001", "P29_004": "柳川市立矢ヶ部小学校", "P29_005": "福岡県柳川市三橋町柳河460-1", "city": "柳川市" }, "geometry": { "type": "Point", "coordinates": [ 130.411440836984497, 33.173733490481716 ] } },
{ "type": "Feature", "properties": { "fid": 319, "P29_001": "40207", "P29_002": "B140220700175", "P29_003": "16001", "P29_004": "柳川市立二ッ河小学校", "P29_005": "福岡県柳川市三橋町百町735-1", "city": "柳川市" }, "geometry": { "type": "Point", "coordinates": [ 130.442145415094132, 33.176165934183217 ] } },
{ "type": "Feature", "properties": { "fid": 320, "P29_001": "40207", "P29_002": "B140220700184", "P29_003": "16001", "P29_004": "柳川市立垂見小学校", "P29_005": "福岡県柳川市三橋町垂見1610", "city": "柳川市" }, "geometry": { "type": "Point", "coordinates": [ 130.442742285260067, 33.155058256481055 ] } },
{ "type": "Feature", "properties": { "fid": 321, "P29_001": "40207", "P29_002": "B140220700193", "P29_003": "16001", "P29_004": "柳川市立中山小学校", "P29_005": "福岡県柳川市三橋町中山352", "city": "柳川市" }, "geometry": { "type": "Point", "coordinates": [ 130.470122340356085, 33.168977960556859 ] } },
{ "type": "Feature", "properties": { "fid": 322, "P29_001": "40210", "P29_002": "B140221000036", "P29_003": "16001", "P29_004": "八女市立上妻小学校", "P29_005": "福岡県八女市津江73", "city": "八女市" }, "geometry": { "type": "Point", "coordinates": [ 130.579086130595385, 33.215957654016343 ] } },
{ "type": "Feature", "properties": { "fid": 323, "P29_001": "40210", "P29_002": "B140221000045", "P29_003": "16001", "P29_004": "八女市立三河小学校", "P29_005": "福岡県八女市酒井田486-1", "city": "八女市" }, "geometry": { "type": "Point", "coordinates": [ 130.557363234751136, 33.194861849754794 ] } },
{ "type": "Feature", "properties": { "fid": 324, "P29_001": "40210", "P29_002": "B140221000054", "P29_003": "16001", "P29_004": "八女市立八幡小学校", "P29_005": "福岡県八女市新庄385", "city": "八女市" }, "geometry": { "type": "Point", "coordinates": [ 130.539569830161099, 33.195067268858438 ] } },
{ "type": "Feature", "properties": { "fid": 325, "P29_001": "40210", "P29_002": "B140221000081", "P29_003": "16001", "P29_004": "八女市立岡山小学校", "P29_005": "福岡県八女市鵜池302", "city": "八女市" }, "geometry": { "type": "Point", "coordinates": [ 130.52871745993977, 33.210423884269183 ] } },
{ "type": "Feature", "properties": { "fid": 326, "P29_001": "40210", "P29_002": "B140221000107", "P29_003": "16001", "P29_004": "八女市立黒木小学校", "P29_005": "福岡県八女市黒木町桑原26", "city": "八女市" }, "geometry": { "type": "Point", "coordinates": [ 130.664497214842157, 33.213055666906335 ] } },
{ "type": "Feature", "properties": { "fid": 327, "P29_001": "40210", "P29_002": "B140221000125", "P29_003": "16001", "P29_004": "八女市立筑南小学校", "P29_005": "福岡県八女市立花町北山2840-1", "city": "八女市" }, "geometry": { "type": "Point", "coordinates": [ 130.56289938602211, 33.180960846040122 ] } },
{ "type": "Feature", "properties": { "fid": 328, "P29_001": "40210", "P29_002": "B140221000134", "P29_003": "16001", "P29_004": "八女市立星野小学校", "P29_005": "福岡県八女市星野村12059-1", "city": "八女市" }, "geometry": { "type": "Point", "coordinates": [ 130.764829258990687, 33.24961291044545 ] } },
{ "type": "Feature", "properties": { "fid": 329, "P29_001": "40211", "P29_002": "B140221100017", "P29_003": "16001", "P29_004": "筑後市立羽犬塚小学校", "P29_005": "福岡県筑後市羽犬塚232", "city": "筑後市" }, "geometry": { "type": "Point", "coordinates": [ 130.499982707790338, 33.216905545848299 ] } },
{ "type": "Feature", "properties": { "fid": 330, "P29_001": "40211", "P29_002": "B140221100026", "P29_003": "16001", "P29_004": "筑後市立松原小学校", "P29_005": "福岡県筑後市熊野766", "city": "筑後市" }, "geometry": { "type": "Point", "coordinates": [ 130.487422622772698, 33.227731354757957 ] } },
{ "type": "Feature", "properties": { "fid": 331, "P29_001": "40211", "P29_002": "B140221100035", "P29_003": "16001", "P29_004": "筑後市立古川小学校", "P29_005": "福岡県筑後市大字久恵1007", "city": "筑後市" }, "geometry": { "type": "Point", "coordinates": [ 130.51673174512797, 33.187448800086102 ] } },
{ "type": "Feature", "properties": { "fid": 332, "P29_001": "40211", "P29_002": "B140221100053", "P29_003": "16001", "P29_004": "筑後市立水田小学校", "P29_005": "福岡県筑後市下北島172", "city": "筑後市" }, "geometry": { "type": "Point", "coordinates": [ 130.489183180379257, 33.199382349275744 ] } },
{ "type": "Feature", "properties": { "fid": 333, "P29_001": "40211", "P29_002": "B140221100099", "P29_003": "16001", "P29_004": "筑後市立西牟田小学校", "P29_005": "福岡県筑後市大字西牟田1802", "city": "筑後市" }, "geometry": { "type": "Point", "coordinates": [ 130.4803212979796, 33.239536624963193 ] } },
{ "type": "Feature", "properties": { "fid": 334, "P29_001": "40211", "P29_002": "B140221100106", "P29_003": "16001", "P29_004": "筑後市立筑後小学校", "P29_005": "福岡県筑後市大字長浜1285", "city": "筑後市" }, "geometry": { "type": "Point", "coordinates": [ 130.508390387287449, 33.206790675046697 ] } },
{ "type": "Feature", "properties": { "fid": 335, "P29_001": "40211", "P29_002": "B140221100124", "P29_003": "16001", "P29_004": "筑後市立水田小学校いずみ分校", "P29_005": "福岡県筑後市下北島210", "city": "筑後市" }, "geometry": { "type": "Point", "coordinates": [ 130.487977325580374, 33.201242322229248 ] } },
{ "type": "Feature", "properties": { "fid": 336, "P29_001": "40212", "P29_002": "B140221200016", "P29_003": "16001", "P29_004": "大川市立大川小学校", "P29_005": "福岡県大川市大字向島1850", "city": "大川市" }, "geometry": { "type": "Point", "coordinates": [ 130.372795262759695, 33.210295144901956 ] } },
{ "type": "Feature", "properties": { "fid": 337, "P29_001": "40212", "P29_002": "B140221200025", "P29_003": "16001", "P29_004": "大川市立宮前小学校", "P29_005": "福岡県大川市大字向島845", "city": "大川市" }, "geometry": { "type": "Point", "coordinates": [ 130.384901536016542, 33.214272062927499 ] } },
{ "type": "Feature", "properties": { "fid": 338, "P29_001": "40212", "P29_002": "B140221200034", "P29_003": "16001", "P29_004": "大川市立三又小学校", "P29_005": "福岡県大川市大字中古賀198", "city": "大川市" }, "geometry": { "type": "Point", "coordinates": [ 130.389375763283311, 33.231196682863768 ] } },
{ "type": "Feature", "properties": { "fid": 339, "P29_001": "40212", "P29_002": "B140221200052", "P29_003": "16001", "P29_004": "大川市立木室小学校", "P29_005": "福岡県大川市大字中木室496", "city": "大川市" }, "geometry": { "type": "Point", "coordinates": [ 130.405477446827632, 33.212144342802603 ] } },
{ "type": "Feature", "properties": { "fid": 340, "P29_001": "40212", "P29_002": "B140221200061", "P29_003": "16001", "P29_004": "大川市立田口小学校", "P29_005": "福岡県大川市大字三丸2061", "city": "大川市" }, "geometry": { "type": "Point", "coordinates": [ 130.38764016616733, 33.194554451266214 ] } },
{ "type": "Feature", "properties": { "fid": 341, "P29_001": "40212", "P29_002": "B140221200070", "P29_003": "16001", "P29_004": "大川市立川口小学校", "P29_005": "福岡県大川市大字一木482", "city": "大川市" }, "geometry": { "type": "Point", "coordinates": [ 130.36529280386398, 33.192147162215747 ] } },
{ "type": "Feature", "properties": { "fid": 342, "P29_001": "40212", "P29_002": "B140221200089", "P29_003": "16001", "P29_004": "大川市立大野島小学校", "P29_005": "福岡県大川市大字大野島2673", "city": "大川市" }, "geometry": { "type": "Point", "coordinates": [ 130.353175011425122, 33.196488524512922 ] } },
{ "type": "Feature", "properties": { "fid": 343, "P29_001": "40213", "P29_002": "B140221300015", "P29_003": "16001", "P29_004": "行橋市立行橋小学校", "P29_005": "福岡県行橋市大橋2-17-1", "city": "行橋市" }, "geometry": { "type": "Point", "coordinates": [ 130.978503056350689, 33.733266350863012 ] } },
{ "type": "Feature", "properties": { "fid": 344, "P29_001": "40213", "P29_002": "B140221300042", "P29_003": "16001", "P29_004": "行橋市立延永小学校", "P29_005": "福岡県行橋市大字上津熊125", "city": "行橋市" }, "geometry": { "type": "Point", "coordinates": [ 130.950470521380993, 33.727533065445158 ] } },
{ "type": "Feature", "properties": { "fid": 345, "P29_001": "40213", "P29_002": "B140221300051", "P29_003": "16001", "P29_004": "行橋市立今川小学校", "P29_005": "福岡県行橋市大字宝山857", "city": "行橋市" }, "geometry": { "type": "Point", "coordinates": [ 130.955360703894826, 33.701907148129699 ] } },
{ "type": "Feature", "properties": { "fid": 346, "P29_001": "40213", "P29_002": "B140221300060", "P29_003": "16001", "P29_004": "行橋市立泉小学校", "P29_005": "福岡県行橋市泉中央4-1-1", "city": "行橋市" }, "geometry": { "type": "Point", "coordinates": [ 130.977517893220153, 33.709374065490586 ] } },
{ "type": "Feature", "properties": { "fid": 347, "P29_001": "40213", "P29_002": "B140221300079", "P29_003": "16001", "P29_004": "行橋市立今元小学校", "P29_005": "福岡県行橋市元永687", "city": "行橋市" }, "geometry": { "type": "Point", "coordinates": [ 131.005114057763933, 33.724074418099242 ] } },
{ "type": "Feature", "properties": { "fid": 348, "P29_001": "40213", "P29_002": "B140221300088", "P29_003": "16001", "P29_004": "行橋市立蓑島小学校", "P29_005": "福岡県行橋市蓑島841-1", "city": "行橋市" }, "geometry": { "type": "Point", "coordinates": [ 131.012472760041987, 33.745756803553014 ] } },
{ "type": "Feature", "properties": { "fid": 349, "P29_001": "40213", "P29_002": "B140221300113", "P29_003": "16001", "P29_004": "行橋市立行橋北小学校", "P29_005": "福岡県行橋市行事6-20-1", "city": "行橋市" }, "geometry": { "type": "Point", "coordinates": [ 130.970265775719668, 33.739948999735383 ] } },
{ "type": "Feature", "properties": { "fid": 350, "P29_001": "40214", "P29_002": "B140221400014", "P29_003": "16001", "P29_004": "豊前市立八屋小学校", "P29_005": "福岡県豊前市大字八屋2232-1", "city": "豊前市" }, "geometry": { "type": "Point", "coordinates": [ 131.123132699368227, 33.618169724131349 ] } },
{ "type": "Feature", "properties": { "fid": 351, "P29_001": "40214", "P29_002": "B140221400023", "P29_003": "16001", "P29_004": "豊前市立大村小学校", "P29_005": "福岡県豊前市大村1524", "city": "豊前市" }, "geometry": { "type": "Point", "coordinates": [ 131.111494895173564, 33.602487048253629 ] } },
{ "type": "Feature", "properties": { "fid": 352, "P29_001": "40214", "P29_002": "B140221400032", "P29_003": "16001", "P29_004": "豊前市立宇島小学校", "P29_005": "福岡県豊前市大字赤熊750", "city": "豊前市" }, "geometry": { "type": "Point", "coordinates": [ 131.135278509932732, 33.620082925905301 ] } },
{ "type": "Feature", "properties": { "fid": 353, "P29_001": "40214", "P29_002": "B140221400050", "P29_003": "16001", "P29_004": "豊前市立山田小学校", "P29_005": "福岡県豊前市四郎丸417-2", "city": "豊前市" }, "geometry": { "type": "Point", "coordinates": [ 131.10143256279099, 33.608502861625617 ] } },
{ "type": "Feature", "properties": { "fid": 354, "P29_001": "40214", "P29_002": "B140221400069", "P29_003": "16001", "P29_004": "豊前市立千束小学校", "P29_005": "福岡県豊前市千束75", "city": "豊前市" }, "geometry": { "type": "Point", "coordinates": [ 131.127062083691072, 33.599141593279519 ] } },
{ "type": "Feature", "properties": { "fid": 355, "P29_001": "40214", "P29_002": "B140221400078", "P29_003": "16001", "P29_004": "豊前市立三毛門小学校", "P29_005": "福岡県豊前市三毛門976-1", "city": "豊前市" }, "geometry": { "type": "Point", "coordinates": [ 131.152753793679324, 33.610087473300645 ] } },
{ "type": "Feature", "properties": { "fid": 356, "P29_001": "40214", "P29_002": "B140221400087", "P29_003": "16001", "P29_004": "豊前市立黒土小学校", "P29_005": "福岡県豊前市大字久路土1191-1", "city": "豊前市" }, "geometry": { "type": "Point", "coordinates": [ 131.135592687931023, 33.593421956123628 ] } },
{ "type": "Feature", "properties": { "fid": 357, "P29_001": "40214", "P29_002": "B140221400096", "P29_003": "16001", "P29_004": "豊前市立横武小学校", "P29_005": "福岡県豊前市薬師寺221-1", "city": "豊前市" }, "geometry": { "type": "Point", "coordinates": [ 131.117873732410885, 33.576901374650639 ] } },
{ "type": "Feature", "properties": { "fid": 358, "P29_001": "40214", "P29_002": "B140221400103", "P29_003": "16001", "P29_004": "豊前市立合岩小学校", "P29_005": "福岡県豊前市下河内81-9", "city": "豊前市" }, "geometry": { "type": "Point", "coordinates": [ 131.089104425433732, 33.560157600771646 ] } },
{ "type": "Feature", "properties": { "fid": 359, "P29_001": "40215", "P29_002": "B140221500013", "P29_003": "16001", "P29_004": "中間市立底井野小学校", "P29_005": "福岡県中間市上底井野825", "city": "中間市" }, "geometry": { "type": "Point", "coordinates": [ 130.691934444325284, 33.8132766242896 ] } },
{ "type": "Feature", "properties": { "fid": 360, "P29_001": "40215", "P29_002": "B140221500022", "P29_003": "16001", "P29_004": "中間市立中間東小学校", "P29_005": "福岡県中間市中尾4-2-1", "city": "中間市" }, "geometry": { "type": "Point", "coordinates": [ 130.717650582995503, 33.816253088677477 ] } },
{ "type": "Feature", "properties": { "fid": 361, "P29_001": "40215", "P29_002": "B140221500031", "P29_003": "16001", "P29_004": "中間市立中間小学校", "P29_005": "福岡県中間市長津1-26-1", "city": "中間市" }, "geometry": { "type": "Point", "coordinates": [ 130.704698500937837, 33.825095200360728 ] } },
{ "type": "Feature", "properties": { "fid": 362, "P29_001": "40215", "P29_002": "B140221500040", "P29_003": "16001", "P29_004": "中間市立中間北小学校", "P29_005": "福岡県中間市岩瀬3-2-1", "city": "中間市" }, "geometry": { "type": "Point", "coordinates": [ 130.714996516765325, 33.83201294015462 ] } },
{ "type": "Feature", "properties": { "fid": 363, "P29_001": "40215", "P29_002": "B140221500059", "P29_003": "16001", "P29_004": "中間市立中間南小学校", "P29_005": "福岡県中間市通谷5-14-1", "city": "北九州市八幡西区" }, "geometry": { "type": "Point", "coordinates": [ 130.739560663003203, 33.814742402391992 ] } },
{ "type": "Feature", "properties": { "fid": 364, "P29_001": "40215", "P29_002": "B140221500068", "P29_003": "16001", "P29_004": "中間市立中間西小学校", "P29_005": "福岡県中間市弥生2-1-1", "city": "中間市" }, "geometry": { "type": "Point", "coordinates": [ 130.723882268576631, 33.811640597124949 ] } },
{ "type": "Feature", "properties": { "fid": 365, "P29_001": "40216", "P29_002": "B140221600012", "P29_003": "16001", "P29_004": "小郡市立味坂小学校", "P29_005": "福岡県小郡市八坂456-1", "city": "小郡市" }, "geometry": { "type": "Point", "coordinates": [ 130.559481713279212, 33.366867060018407 ] } },
{ "type": "Feature", "properties": { "fid": 366, "P29_001": "40216", "P29_002": "B140221600021", "P29_003": "16001", "P29_004": "小郡市立小郡小学校", "P29_005": "福岡県小郡市小板井288", "city": "小郡市" }, "geometry": { "type": "Point", "coordinates": [ 130.551224952904477, 33.393330114948284 ] } },
{ "type": "Feature", "properties": { "fid": 367, "P29_001": "40216", "P29_002": "B140221600030", "P29_003": "16001", "P29_004": "小郡市立御原小学校", "P29_005": "福岡県小郡市二夕316", "city": "小郡市" }, "geometry": { "type": "Point", "coordinates": [ 130.569457469249727, 33.378487254894765 ] } },
{ "type": "Feature", "properties": { "fid": 368, "P29_001": "40216", "P29_002": "B140221600049", "P29_003": "16001", "P29_004": "小郡市立立石小学校", "P29_005": "福岡県小郡市吹上968-2", "city": "小郡市" }, "geometry": { "type": "Point", "coordinates": [ 130.586013823324208, 33.412948587873132 ] } },
{ "type": "Feature", "properties": { "fid": 369, "P29_001": "40216", "P29_002": "B140221600058", "P29_003": "16001", "P29_004": "小郡市立三国小学校", "P29_005": "福岡県小郡市力武1012", "city": "小郡市" }, "geometry": { "type": "Point", "coordinates": [ 130.564763074086585, 33.423638873768198 ] } },
{ "type": "Feature", "properties": { "fid": 370, "P29_001": "40216", "P29_002": "B140221600067", "P29_003": "16001", "P29_004": "小郡市立大原小学校", "P29_005": "福岡県小郡市大保1394", "city": "小郡市" }, "geometry": { "type": "Point", "coordinates": [ 130.559494343451206, 33.407841319640617 ] } },
{ "type": "Feature", "properties": { "fid": 371, "P29_001": "40216", "P29_002": "B140221600085", "P29_003": "16001", "P29_004": "小郡市立のぞみが丘小学校", "P29_005": "福岡県小郡市希みが丘5-2-17", "city": "小郡市" }, "geometry": { "type": "Point", "coordinates": [ 130.545530468737439, 33.437260142772189 ] } },
{ "type": "Feature", "properties": { "fid": 372, "P29_001": "40217", "P29_002": "B140221700011", "P29_003": "16001", "P29_004": "筑紫野市立二日市小学校", "P29_005": "福岡県筑紫野市二日市西2-2-1", "city": "筑紫野市" }, "geometry": { "type": "Point", "coordinates": [ 130.515808009359489, 33.494544025974221 ] } },
{ "type": "Feature", "properties": { "fid": 373, "P29_001": "40217", "P29_002": "B140221700020", "P29_003": "16001", "P29_004": "筑紫野市立二日市東小学校", "P29_005": "福岡県筑紫野市紫7-4-1", "city": "筑紫野市" }, "geometry": { "type": "Point", "coordinates": [ 130.52552776701225, 33.491253711168113 ] } },
{ "type": "Feature", "properties": { "fid": 374, "P29_001": "40217", "P29_002": "B140221700048", "P29_003": "16001", "P29_004": "筑紫野市立阿志岐小学校", "P29_005": "福岡県筑紫野市大字阿志岐2350", "city": "筑紫野市" }, "geometry": { "type": "Point", "coordinates": [ 130.550664834349845, 33.499673781444272 ] } },
{ "type": "Feature", "properties": { "fid": 375, "P29_001": "40217", "P29_002": "B140221700057", "P29_003": "16001", "P29_004": "筑紫野市立山家小学校", "P29_005": "福岡県筑紫野市大字山家4341", "city": "筑紫野市" }, "geometry": { "type": "Point", "coordinates": [ 130.579522935648924, 33.485479351347614 ] } },
{ "type": "Feature", "properties": { "fid": 376, "P29_001": "40217", "P29_002": "B140221700066", "P29_003": "16001", "P29_004": "筑紫野市立筑紫小学校", "P29_005": "福岡県筑紫野市大字筑紫531", "city": "筑紫野市" }, "geometry": { "type": "Point", "coordinates": [ 130.549675947581534, 33.463627034604023 ] } },
{ "type": "Feature", "properties": { "fid": 377, "P29_001": "40217", "P29_002": "B140221700075", "P29_003": "16001", "P29_004": "筑紫野市立山口小学校", "P29_005": "福岡県筑紫野市大字萩原850-1", "city": "筑紫野市" }, "geometry": { "type": "Point", "coordinates": [ 130.51649021758405, 33.468041150696173 ] } },
{ "type": "Feature", "properties": { "fid": 378, "P29_001": "40217", "P29_002": "B140221700084", "P29_003": "16001", "P29_004": "筑紫野市立二日市北小学校", "P29_005": "福岡県筑紫野市二日市北8-2-1", "city": "筑紫野市" }, "geometry": { "type": "Point", "coordinates": [ 130.528567524477722, 33.497895686902986 ] } },
{ "type": "Feature", "properties": { "fid": 379, "P29_001": "40217", "P29_002": "B140221700093", "P29_003": "16001", "P29_004": "筑紫野市立原田小学校", "P29_005": "福岡県筑紫野市美しが丘南2-10-5", "city": "筑紫野市" }, "geometry": { "type": "Point", "coordinates": [ 130.546331951656953, 33.445579352911395 ] } },
{ "type": "Feature", "properties": { "fid": 380, "P29_001": "40217", "P29_002": "B140221700100", "P29_003": "16001", "P29_004": "筑紫野市立筑紫東小学校", "P29_005": "福岡県筑紫野市光が丘2-3-1", "city": "筑紫野市" }, "geometry": { "type": "Point", "coordinates": [ 130.55503313486787, 33.454482400959385 ] } },
{ "type": "Feature", "properties": { "fid": 381, "P29_001": "40217", "P29_002": "B140221700119", "P29_003": "16001", "P29_004": "筑紫野市立天拝小学校", "P29_005": "福岡県筑紫野市天拝坂6-1-1", "city": "筑紫野市" }, "geometry": { "type": "Point", "coordinates": [ 130.501999540059586, 33.494506635396995 ] } },
{ "type": "Feature", "properties": { "fid": 382, "P29_001": "40218", "P29_002": "B140221800010", "P29_003": "16001", "P29_004": "春日市立春日小学校", "P29_005": "福岡県春日市昇町1-142", "city": "春日市" }, "geometry": { "type": "Point", "coordinates": [ 130.448756130967723, 33.529399900227055 ] } },
{ "type": "Feature", "properties": { "fid": 383, "P29_001": "40218", "P29_002": "B140221800029", "P29_003": "16001", "P29_004": "春日市立春日北小学校", "P29_005": "福岡県春日市岡本1-35", "city": "春日市" }, "geometry": { "type": "Point", "coordinates": [ 130.447556821688522, 33.541254339523647 ] } },
{ "type": "Feature", "properties": { "fid": 384, "P29_001": "40218", "P29_002": "B140221800056", "P29_003": "16001", "P29_004": "春日市立春日西小学校", "P29_005": "福岡県春日市下白水南4-134", "city": "春日市" }, "geometry": { "type": "Point", "coordinates": [ 130.443160271409937, 33.523193302433818 ] } },
{ "type": "Feature", "properties": { "fid": 385, "P29_001": "40218", "P29_002": "B140221800065", "P29_003": "16001", "P29_004": "春日市立須玖小学校", "P29_005": "福岡県春日市須玖南2-71", "city": "春日市" }, "geometry": { "type": "Point", "coordinates": [ 130.446424441802918, 33.53688365300728 ] } },
{ "type": "Feature", "properties": { "fid": 386, "P29_001": "40218", "P29_002": "B140221800074", "P29_003": "16001", "P29_004": "春日市立春日南小学校", "P29_005": "福岡県春日市春日8-100", "city": "春日市" }, "geometry": { "type": "Point", "coordinates": [ 130.465266240965349, 33.518781839756954 ] } },
{ "type": "Feature", "properties": { "fid": 387, "P29_001": "40218", "P29_002": "B140221800092", "P29_003": "16001", "P29_004": "春日市立天神山小学校", "P29_005": "福岡県春日市天神山6-39", "city": "春日市" }, "geometry": { "type": "Point", "coordinates": [ 130.448342145353763, 33.515270958173787 ] } },
{ "type": "Feature", "properties": { "fid": 388, "P29_001": "40218", "P29_002": "B140221800109", "P29_003": "16001", "P29_004": "春日市立春日野小学校", "P29_005": "福岡県春日市春日公園4-1-1", "city": "春日市" }, "geometry": { "type": "Point", "coordinates": [ 130.472085164395423, 33.524349962465301 ] } },
{ "type": "Feature", "properties": { "fid": 389, "P29_001": "40218", "P29_002": "B140221800118", "P29_003": "16001", "P29_004": "春日市立日の出小学校", "P29_005": "福岡県春日市日の出町3-1-10", "city": "春日市" }, "geometry": { "type": "Point", "coordinates": [ 130.455363694493741, 33.54400937381039 ] } },
{ "type": "Feature", "properties": { "fid": 390, "P29_001": "40218", "P29_002": "B140221800127", "P29_003": "16001", "P29_004": "春日市立白水小学校", "P29_005": "福岡県春日市白水ヶ丘1-100", "city": "春日市" }, "geometry": { "type": "Point", "coordinates": [ 130.444660858947458, 33.51534747668552 ] } },
{ "type": "Feature", "properties": { "fid": 391, "P29_001": "40219", "P29_002": "B140221900019", "P29_003": "16001", "P29_004": "大野城市立大野小学校", "P29_005": "福岡県大野城市瓦田3-2-1", "city": "大野城市" }, "geometry": { "type": "Point", "coordinates": [ 130.481402189816293, 33.533653305470153 ] } },
{ "type": "Feature", "properties": { "fid": 392, "P29_001": "40219", "P29_002": "B140221900028", "P29_003": "16001", "P29_004": "大野城市立大野北小学校", "P29_005": "福岡県大野城市山田4-17-1", "city": "大野城市" }, "geometry": { "type": "Point", "coordinates": [ 130.47529739885772, 33.545422560914595 ] } },
{ "type": "Feature", "properties": { "fid": 393, "P29_001": "40219", "P29_002": "B140221900037", "P29_003": "16001", "P29_004": "大野城市立大野南小学校", "P29_005": "福岡県大野城市南ヶ丘4-18-1", "city": "大野城市" }, "geometry": { "type": "Point", "coordinates": [ 130.479149558895585, 33.501782521998301 ] } },
{ "type": "Feature", "properties": { "fid": 394, "P29_001": "40219", "P29_002": "B140221900046", "P29_003": "16001", "P29_004": "大野城市立大野東小学校", "P29_005": "福岡県大野城市乙金1-18-1", "city": "大野城市" }, "geometry": { "type": "Point", "coordinates": [ 130.48943848391113, 33.544907489558874 ] } },
{ "type": "Feature", "properties": { "fid": 395, "P29_001": "40219", "P29_002": "B140221900055", "P29_003": "16001", "P29_004": "大野城市立大利小学校", "P29_005": "福岡県大野城市上大利1-7-1", "city": "大野城市" }, "geometry": { "type": "Point", "coordinates": [ 130.481174209708428, 33.520797187418829 ] } },
{ "type": "Feature", "properties": { "fid": 396, "P29_001": "40219", "P29_002": "B140221900064", "P29_003": "16001", "P29_004": "大野城市立平野小学校", "P29_005": "福岡県大野城市横峰2-4-1", "city": "大野城市" }, "geometry": { "type": "Point", "coordinates": [ 130.473935665681893, 33.50546639240774 ] } },
{ "type": "Feature", "properties": { "fid": 397, "P29_001": "40219", "P29_002": "B140221900073", "P29_003": "16001", "P29_004": "大野城市立大城小学校", "P29_005": "福岡県大野城市大城3-29-1", "city": "大野城市" }, "geometry": { "type": "Point", "coordinates": [ 130.498014766944777, 33.536725327423824 ] } },
{ "type": "Feature", "properties": { "fid": 398, "P29_001": "40221", "P29_002": "B140221900082", "P29_003": "16001", "P29_004": "大野城市立下大利小学校", "P29_005": "福岡県大野城市東大利4-8-1", "city": "太宰府市" }, "geometry": { "type": "Point", "coordinates": [ 130.491778334787909, 33.528789117367801 ] } },
{ "type": "Feature", "properties": { "fid": 399, "P29_001": "40219", "P29_002": "B140221900091", "P29_003": "16001", "P29_004": "大野城市立御笠の森小学校", "P29_005": "福岡県大野城市御笠川1-7-1", "city": "大野城市" }, "geometry": { "type": "Point", "coordinates": [ 130.477143337267648, 33.550999407112144 ] } },
{ "type": "Feature", "properties": { "fid": 400, "P29_001": "40219", "P29_002": "B140221900108", "P29_003": "16001", "P29_004": "大野城市立月の浦小学校", "P29_005": "福岡県大野城市月の浦3-22-1", "city": "大野城市" }, "geometry": { "type": "Point", "coordinates": [ 130.459349436055277, 33.498722426891874 ] } },
{ "type": "Feature", "properties": { "fid": 401, "P29_001": "40220", "P29_002": "B140222000016", "P29_003": "16001", "P29_004": "宗像市立吉武小学校", "P29_005": "福岡県宗像市武丸644", "city": "宗像市" }, "geometry": { "type": "Point", "coordinates": [ 130.613808760008425, 33.801638565537672 ] } },
{ "type": "Feature", "properties": { "fid": 402, "P29_001": "40220", "P29_002": "B140222000025", "P29_003": "16001", "P29_004": "宗像市立赤間小学校", "P29_005": "福岡県宗像市赤間1-4-1", "city": "宗像市" }, "geometry": { "type": "Point", "coordinates": [ 130.58147511378786, 33.799766368850833 ] } },
{ "type": "Feature", "properties": { "fid": 403, "P29_001": "40220", "P29_002": "B140222000034", "P29_003": "16001", "P29_004": "宗像市立河東小学校", "P29_005": "福岡県宗像市稲元5-1-2", "city": "宗像市" }, "geometry": { "type": "Point", "coordinates": [ 130.558516226176238, 33.813596412892828 ] } },
{ "type": "Feature", "properties": { "fid": 404, "P29_001": "40220", "P29_002": "B140222000043", "P29_003": "16001", "P29_004": "宗像市立南郷小学校", "P29_005": "福岡県宗像市原町2110-1", "city": "宗像市" }, "geometry": { "type": "Point", "coordinates": [ 130.559557439023735, 33.783715890983721 ] } },
{ "type": "Feature", "properties": { "fid": 405, "P29_001": "40220", "P29_002": "B140222000052", "P29_003": "16001", "P29_004": "宗像市立東郷小学校", "P29_005": "福岡県宗像市田熊3-4-1", "city": "宗像市" }, "geometry": { "type": "Point", "coordinates": [ 130.532681917132123, 33.798910854414103 ] } },
{ "type": "Feature", "properties": { "fid": 406, "P29_001": "40220", "P29_002": "B140222000061", "P29_003": "16001", "P29_004": "宗像市立日の里東小学校", "P29_005": "福岡県宗像市日の里4-21", "city": "宗像市" }, "geometry": { "type": "Point", "coordinates": [ 130.539183081158995, 33.793787065408132 ] } },
{ "type": "Feature", "properties": { "fid": 407, "P29_001": "40220", "P29_002": "B140222000070", "P29_003": "16001", "P29_004": "宗像市立日の里西小学校", "P29_005": "福岡県宗像市日の里8-20", "city": "宗像市" }, "geometry": { "type": "Point", "coordinates": [ 130.529627337843181, 33.788607809874328 ] } },
{ "type": "Feature", "properties": { "fid": 408, "P29_001": "40220", "P29_002": "B140222000089", "P29_003": "16001", "P29_004": "宗像市立自由ヶ丘小学校", "P29_005": "福岡県宗像市自由ヶ丘918-6", "city": "宗像市" }, "geometry": { "type": "Point", "coordinates": [ 130.581224577586568, 33.793406155648022 ] } },
{ "type": "Feature", "properties": { "fid": 409, "P29_001": "40220", "P29_002": "B140222000098", "P29_003": "16001", "P29_004": "宗像市立赤間西小学校", "P29_005": "福岡県宗像市土穴633-2", "city": "宗像市" }, "geometry": { "type": "Point", "coordinates": [ 130.570727547924264, 33.818310945905971 ] } },
{ "type": "Feature", "properties": { "fid": 410, "P29_001": "40220", "P29_002": "B140222000141", "P29_003": "16001", "P29_004": "宗像市立河東西小学校", "P29_005": "福岡県宗像市樟陽台1-15-7", "city": "宗像市" }, "geometry": { "type": "Point", "coordinates": [ 130.536580346136532, 33.825202077982276 ] } },
{ "type": "Feature", "properties": { "fid": 411, "P29_001": "40221", "P29_002": "B140222100015", "P29_003": "16001", "P29_004": "太宰府市立太宰府東小学校", "P29_005": "福岡県太宰府市青山3-4-1", "city": "太宰府市" }, "geometry": { "type": "Point", "coordinates": [ 130.538477112356418, 33.507966800951216 ] } },
{ "type": "Feature", "properties": { "fid": 412, "P29_001": "40221", "P29_002": "B140222100024", "P29_003": "16001", "P29_004": "太宰府市立国分小学校", "P29_005": "福岡県太宰府市国分2-10-1", "city": "太宰府市" }, "geometry": { "type": "Point", "coordinates": [ 130.503614325787851, 33.524158906347779 ] } },
{ "type": "Feature", "properties": { "fid": 413, "P29_001": "40221", "P29_002": "B140222100033", "P29_003": "16001", "P29_004": "太宰府市立太宰府小学校", "P29_005": "福岡県太宰府市連歌屋1-2-1", "city": "太宰府市" }, "geometry": { "type": "Point", "coordinates": [ 130.529634916012071, 33.520978940026232 ] } },
{ "type": "Feature", "properties": { "fid": 414, "P29_001": "40221", "P29_002": "B140222100042", "P29_003": "16001", "P29_004": "太宰府市立水城小学校", "P29_005": "福岡県太宰府市観世音寺3-13-1", "city": "太宰府市" }, "geometry": { "type": "Point", "coordinates": [ 130.508029284186307, 33.514552893947346 ] } },
{ "type": "Feature", "properties": { "fid": 415, "P29_001": "40221", "P29_002": "B140222100051", "P29_003": "16001", "P29_004": "太宰府市立水城西小学校", "P29_005": "福岡県太宰府市大字向佐野90", "city": "太宰府市" }, "geometry": { "type": "Point", "coordinates": [ 130.500288292647753, 33.510923146824013 ] } },
{ "type": "Feature", "properties": { "fid": 416, "P29_001": "40221", "P29_002": "B140222100060", "P29_003": "16001", "P29_004": "太宰府市立太宰府南小学校", "P29_005": "福岡県太宰府市高雄2-3855", "city": "太宰府市" }, "geometry": { "type": "Point", "coordinates": [ 130.539295526922984, 33.50152014316199 ] } },
{ "type": "Feature", "properties": { "fid": 417, "P29_001": "40221", "P29_002": "B140222100079", "P29_003": "16001", "P29_004": "太宰府市立太宰府西小学校", "P29_005": "福岡県太宰府市大佐野4-6-30", "city": "太宰府市" }, "geometry": { "type": "Point", "coordinates": [ 130.493130735582099, 33.504592039507408 ] } },
{ "type": "Feature", "properties": { "fid": 418, "P29_001": "40223", "P29_002": "B140222300013", "P29_003": "16001", "P29_004": "古賀市立青柳小学校", "P29_005": "福岡県古賀市青柳860-1", "city": "古賀市" }, "geometry": { "type": "Point", "coordinates": [ 130.478921010549584, 33.712735302924564 ] } },
{ "type": "Feature", "properties": { "fid": 419, "P29_001": "40223", "P29_002": "B140222300031", "P29_003": "16001", "P29_004": "古賀市立古賀東小学校", "P29_005": "福岡県古賀市新久保2-1-1", "city": "古賀市" }, "geometry": { "type": "Point", "coordinates": [ 130.479435640516954, 33.735973984449274 ] } },
{ "type": "Feature", "properties": { "fid": 420, "P29_001": "40223", "P29_002": "B140222300040", "P29_003": "16001", "P29_004": "古賀市立古賀西小学校", "P29_005": "福岡県古賀市天神7-4-1", "city": "古賀市" }, "geometry": { "type": "Point", "coordinates": [ 130.461322574011206, 33.736296688682806 ] } },
{ "type": "Feature", "properties": { "fid": 421, "P29_001": "40223", "P29_002": "B140222300059", "P29_003": "16001", "P29_004": "古賀市立花鶴小学校", "P29_005": "福岡県古賀市花鶴丘1-21", "city": "古賀市" }, "geometry": { "type": "Point", "coordinates": [ 130.46814706265684, 33.725449113637261 ] } },
{ "type": "Feature", "properties": { "fid": 422, "P29_001": "40223", "P29_002": "B140222300077", "P29_003": "16001", "P29_004": "古賀市立花見小学校", "P29_005": "福岡県古賀市花見東4-2-1", "city": "古賀市" }, "geometry": { "type": "Point", "coordinates": [ 130.470366533882924, 33.749110890985264 ] } },
{ "type": "Feature", "properties": { "fid": 423, "P29_001": "40223", "P29_002": "B140222300086", "P29_003": "16001", "P29_004": "古賀市立舞の里小学校", "P29_005": "福岡県古賀市舞の里4-21-1", "city": "古賀市" }, "geometry": { "type": "Point", "coordinates": [ 130.491355004060352, 33.744296252472488 ] } },
{ "type": "Feature", "properties": { "fid": 424, "P29_001": "40224", "P29_002": "B140222400012", "P29_003": "16001", "P29_004": "福津市立神興小学校", "P29_005": "福岡県福津市東福間6-4-1", "city": "福津市" }, "geometry": { "type": "Point", "coordinates": [ 130.511801157324072, 33.778746699043261 ] } },
{ "type": "Feature", "properties": { "fid": 425, "P29_001": "40224", "P29_002": "B140222400030", "P29_003": "16001", "P29_004": "福津市立福間小学校", "P29_005": "福岡県福津市西福間2-4-1", "city": "福津市" }, "geometry": { "type": "Point", "coordinates": [ 130.477678219763533, 33.765667220421832 ] } },
{ "type": "Feature", "properties": { "fid": 426, "P29_001": "40224", "P29_002": "B140222400049", "P29_003": "16001", "P29_004": "福津市立神興東小学校", "P29_005": "福岡県福津市津丸950", "city": "福津市" }, "geometry": { "type": "Point", "coordinates": [ 130.515386965316026, 33.770142180372595 ] } },
{ "type": "Feature", "properties": { "fid": 427, "P29_001": "40224", "P29_002": "B140222400058", "P29_003": "16001", "P29_004": "福津市立福間南小学校", "P29_005": "福岡県福津市日蒔野4-11-2", "city": "福津市" }, "geometry": { "type": "Point", "coordinates": [ 130.488567462014572, 33.759198096803978 ] } },
{ "type": "Feature", "properties": { "fid": 428, "P29_001": "40224", "P29_002": "B140222400067", "P29_003": "16001", "P29_004": "福津市立津屋崎小学校", "P29_005": "福岡県福津市津屋崎8-4-1", "city": "福津市" }, "geometry": { "type": "Point", "coordinates": [ 130.469156064675218, 33.792181773700143 ] } },
{ "type": "Feature", "properties": { "fid": 429, "P29_001": "40225", "P29_002": "B140222500011", "P29_003": "16001", "P29_004": "うきは市立山春小学校", "P29_005": "福岡県うきは市浮羽町山北783-6", "city": "うきは市" }, "geometry": { "type": "Point", "coordinates": [ 130.827426864315441, 33.336661163273561 ] } },
{ "type": "Feature", "properties": { "fid": 430, "P29_001": "40225", "P29_002": "B140222500020", "P29_003": "16001", "P29_004": "うきは市立大石小学校", "P29_005": "福岡県うきは市古川468-3", "city": "うきは市" }, "geometry": { "type": "Point", "coordinates": [ 130.809133395947441, 33.355501260229616 ] } },
{ "type": "Feature", "properties": { "fid": 431, "P29_001": "40225", "P29_002": "B140222500039", "P29_003": "16001", "P29_004": "うきは市立御幸小学校", "P29_005": "福岡県うきは市浮羽町朝田412", "city": "うきは市" }, "geometry": { "type": "Point", "coordinates": [ 130.789898385504927, 33.332140556743582 ] } },
{ "type": "Feature", "properties": { "fid": 432, "P29_001": "40225", "P29_002": "B140222500048", "P29_003": "16001", "P29_004": "うきは市立千年小学校", "P29_005": "福岡県うきは市吉井町千年263-1", "city": "うきは市" }, "geometry": { "type": "Point", "coordinates": [ 130.770111877701652, 33.348737447290702 ] } },
{ "type": "Feature", "properties": { "fid": 433, "P29_001": "40225", "P29_002": "B140222500057", "P29_003": "16001", "P29_004": "うきは市立吉井小学校", "P29_005": "福岡県うきは市吉井町1088", "city": "うきは市" }, "geometry": { "type": "Point", "coordinates": [ 130.761217282383512, 33.345259534506162 ] } },
{ "type": "Feature", "properties": { "fid": 434, "P29_001": "40225", "P29_002": "B140222500066", "P29_003": "16001", "P29_004": "うきは市立福富小学校", "P29_005": "福岡県うきは市吉井町福益666-1", "city": "うきは市" }, "geometry": { "type": "Point", "coordinates": [ 130.753609222187634, 33.333256052707434 ] } },
{ "type": "Feature", "properties": { "fid": 435, "P29_001": "40225", "P29_002": "B140222500075", "P29_003": "16001", "P29_004": "うきは市立江南小学校", "P29_005": "福岡県うきは市吉井町八和田774-1", "city": "うきは市" }, "geometry": { "type": "Point", "coordinates": [ 130.743982443988386, 33.353639691875451 ] } },
{ "type": "Feature", "properties": { "fid": 436, "P29_001": "40226", "P29_002": "B140222600029", "P29_003": "16001", "P29_004": "宮若市立宮田北小学校", "P29_005": "福岡県宮若市龍徳1464", "city": "宮若市" }, "geometry": { "type": "Point", "coordinates": [ 130.686948786468236, 33.733026769410316 ] } },
{ "type": "Feature", "properties": { "fid": 437, "P29_001": "40226", "P29_002": "B140222600056", "P29_003": "16001", "P29_004": "宮若市立宮若西小学校", "P29_005": "福岡県宮若市金丸417-1", "city": "宮若市" }, "geometry": { "type": "Point", "coordinates": [ 130.627726566089109, 33.733102954792571 ] } },
{ "type": "Feature", "properties": { "fid": 438, "P29_001": "40227", "P29_002": "B140222700019", "P29_003": "16001", "P29_004": "嘉麻市立熊ヶ畑小学校", "P29_005": "福岡県嘉麻市熊ヶ畑宮ノ脇2128", "city": "嘉麻市" }, "geometry": { "type": "Point", "coordinates": [ 130.783125556606535, 33.541064595267528 ] } },
{ "type": "Feature", "properties": { "fid": 439, "P29_001": "40227", "P29_002": "B140222700028", "P29_003": "16001", "P29_004": "嘉麻市立下山田小学校", "P29_005": "福岡県嘉麻市下山田341", "city": "嘉麻市" }, "geometry": { "type": "Point", "coordinates": [ 130.753289387804074, 33.575795695016481 ] } },
{ "type": "Feature", "properties": { "fid": 440, "P29_001": "40227", "P29_002": "B140222700037", "P29_003": "16001", "P29_004": "嘉麻市立上山田小学校", "P29_005": "福岡県嘉麻市上山田502-36", "city": "嘉麻市" }, "geometry": { "type": "Point", "coordinates": [ 130.769495263900467, 33.560057667124333 ] } },
{ "type": "Feature", "properties": { "fid": 441, "P29_001": "40227", "P29_002": "B140222700055", "P29_003": "16001", "P29_004": "嘉麻市立牛隈小学校", "P29_005": "福岡県嘉麻市牛隈2470", "city": "嘉麻市" }, "geometry": { "type": "Point", "coordinates": [ 130.72495658281909, 33.57208003898824 ] } },
{ "type": "Feature", "properties": { "fid": 442, "P29_001": "40227", "P29_002": "B140222700082", "P29_003": "16001", "P29_004": "嘉麻市立嘉穂小学校", "P29_005": "福岡県嘉麻市大隈町1215", "city": "嘉麻市" }, "geometry": { "type": "Point", "coordinates": [ 130.741367403242378, 33.542589030766003 ] } },
{ "type": "Feature", "properties": { "fid": 443, "P29_001": "40228", "P29_002": "B140222800018", "P29_003": "16001", "P29_004": "朝倉市立三奈木小学校", "P29_005": "福岡県朝倉市三奈木4564", "city": "朝倉市" }, "geometry": { "type": "Point", "coordinates": [ 130.71493920024642, 33.41793027415639 ] } },
{ "type": "Feature", "properties": { "fid": 444, "P29_001": "40228", "P29_002": "B140222800027", "P29_003": "16001", "P29_004": "朝倉市立金川小学校", "P29_005": "福岡県朝倉市屋永3148", "city": "朝倉市" }, "geometry": { "type": "Point", "coordinates": [ 130.682226544298203, 33.396914253227912 ] } },
{ "type": "Feature", "properties": { "fid": 445, "P29_001": "40228", "P29_002": "B140222800036", "P29_003": "16001", "P29_004": "朝倉市立蜷城小学校", "P29_005": "福岡県朝倉市林田220", "city": "朝倉市" }, "geometry": { "type": "Point", "coordinates": [ 130.673284947728746, 33.375697644457603 ] } },
{ "type": "Feature", "properties": { "fid": 446, "P29_001": "40228", "P29_002": "B140222800054", "P29_003": "16001", "P29_004": "朝倉市立立石小学校", "P29_005": "福岡県朝倉市頓田380-1", "city": "朝倉市" }, "geometry": { "type": "Point", "coordinates": [ 130.66788113417698, 33.412833028963725 ] } },
{ "type": "Feature", "properties": { "fid": 447, "P29_001": "40228", "P29_002": "B140222800063", "P29_003": "16001", "P29_004": "朝倉市立馬田小学校", "P29_005": "福岡県朝倉市馬田1243", "city": "朝倉市" }, "geometry": { "type": "Point", "coordinates": [ 130.641950579467704, 33.407421509724884 ] } },
{ "type": "Feature", "properties": { "fid": 448, "P29_001": "40228", "P29_002": "B140222800072", "P29_003": "16001", "P29_004": "朝倉市立甘木小学校", "P29_005": "福岡県朝倉市甘木1945", "city": "朝倉市" }, "geometry": { "type": "Point", "coordinates": [ 130.657017433989864, 33.425875582652537 ] } },
{ "type": "Feature", "properties": { "fid": 449, "P29_001": "40228", "P29_002": "B140222800081", "P29_003": "16001", "P29_004": "朝倉市立秋月小学校", "P29_005": "福岡県朝倉市長谷山50", "city": "朝倉市" }, "geometry": { "type": "Point", "coordinates": [ 130.68731138175275, 33.463559937963957 ] } },
{ "type": "Feature", "properties": { "fid": 450, "P29_001": "40228", "P29_002": "B140222800090", "P29_003": "16001", "P29_004": "朝倉市立朝倉東小学校", "P29_005": "福岡県朝倉市須川2680", "city": "朝倉市" }, "geometry": { "type": "Point", "coordinates": [ 130.736731920896204, 33.385459014036201 ] } },
{ "type": "Feature", "properties": { "fid": 451, "P29_001": "40228", "P29_002": "B140222800107", "P29_003": "16001", "P29_004": "朝倉市立大福小学校", "P29_005": "福岡県朝倉市大庭3594", "city": "朝倉市" }, "geometry": { "type": "Point", "coordinates": [ 130.705783235171168, 33.380711694737585 ] } },
{ "type": "Feature", "properties": { "fid": 452, "P29_001": "40228", "P29_002": "B140222800116", "P29_003": "16001", "P29_004": "朝倉市立杷木小学校", "P29_005": "福岡県朝倉市杷木寒水175", "city": "朝倉市" }, "geometry": { "type": "Point", "coordinates": [ 130.809932500122756, 33.365741857181689 ] } },
{ "type": "Feature", "properties": { "fid": 453, "P29_001": "40229", "P29_002": "B140222900017", "P29_003": "16001", "P29_004": "みやま市立大江小学校", "P29_005": "福岡県みやま市瀬高町大江1726", "city": "みやま市" }, "geometry": { "type": "Point", "coordinates": [ 130.484633420222366, 33.145381995370151 ] } },
{ "type": "Feature", "properties": { "fid": 454, "P29_001": "40229", "P29_002": "B140222900026", "P29_003": "16001", "P29_004": "みやま市立南小学校", "P29_005": "福岡県みやま市瀬高町太神1318", "city": "みやま市" }, "geometry": { "type": "Point", "coordinates": [ 130.467187466586125, 33.135419273662606 ] } },
{ "type": "Feature", "properties": { "fid": 455, "P29_001": "40229", "P29_002": "B140222900035", "P29_003": "16001", "P29_004": "みやま市立水上小学校", "P29_005": "福岡県みやま市瀬高町長田3228-2", "city": "みやま市" }, "geometry": { "type": "Point", "coordinates": [ 130.514418396820474, 33.176150412342402 ] } },
{ "type": "Feature", "properties": { "fid": 456, "P29_001": "40229", "P29_002": "B140222900044", "P29_003": "16001", "P29_004": "みやま市立清水小学校", "P29_005": "福岡県みやま市瀬高町大草1596-1", "city": "みやま市" }, "geometry": { "type": "Point", "coordinates": [ 130.506680846191472, 33.1538513182659 ] } },
{ "type": "Feature", "properties": { "fid": 457, "P29_001": "40229", "P29_002": "B140222900053", "P29_003": "16001", "P29_004": "瀬高小学校", "P29_005": "福岡県みやま市瀬高町下庄1373", "city": "みやま市" }, "geometry": { "type": "Point", "coordinates": [ 130.475326066649501, 33.159020033331203 ] } },
{ "type": "Feature", "properties": { "fid": 458, "P29_001": "40229", "P29_002": "B140222900106", "P29_003": "16001", "P29_004": "みやま市立桜舞館小学校", "P29_005": "福岡県みやま市高田町舞鶴257-1", "city": "みやま市" }, "geometry": { "type": "Point", "coordinates": [ 130.518474759280423, 33.119492658565633 ] } },
{ "type": "Feature", "properties": { "fid": 459, "P29_001": "40230", "P29_002": "B140223000014", "P29_003": "16001", "P29_004": "糸島市立前原小学校", "P29_005": "福岡県糸島市前原東2-2-6", "city": "糸島市" }, "geometry": { "type": "Point", "coordinates": [ 130.202898952445906, 33.561963511975229 ] } },
{ "type": "Feature", "properties": { "fid": 460, "P29_001": "40230", "P29_002": "B140223000023", "P29_003": "16001", "P29_004": "糸島市立加布里小学校", "P29_005": "福岡県糸島市神在西3-1-27", "city": "糸島市" }, "geometry": { "type": "Point", "coordinates": [ 130.173264303090178, 33.544190577000059 ] } },
{ "type": "Feature", "properties": { "fid": 461, "P29_001": "40230", "P29_002": "B140223000032", "P29_003": "16001", "P29_004": "糸島市立波多江小学校", "P29_005": "福岡県糸島市波多江駅北4-12-1", "city": "糸島市" }, "geometry": { "type": "Point", "coordinates": [ 130.229956604140369, 33.565754778445701 ] } },
{ "type": "Feature", "properties": { "fid": 462, "P29_001": "40230", "P29_002": "B140223000041", "P29_003": "16001", "P29_004": "糸島市立長糸小学校", "P29_005": "福岡県糸島市川付847", "city": "糸島市" }, "geometry": { "type": "Point", "coordinates": [ 130.193907894160702, 33.51056880089169 ] } },
{ "type": "Feature", "properties": { "fid": 463, "P29_001": "40230", "P29_002": "B140223000050", "P29_003": "16001", "P29_004": "糸島市立雷山小学校", "P29_005": "福岡県糸島市蔵持810-1", "city": "糸島市" }, "geometry": { "type": "Point", "coordinates": [ 130.218652269743046, 33.537438058643055 ] } },
{ "type": "Feature", "properties": { "fid": 464, "P29_001": "40230", "P29_002": "B140223000069", "P29_003": "16001", "P29_004": "糸島市立怡土小学校", "P29_005": "福岡県糸島市高祖784-1", "city": "糸島市" }, "geometry": { "type": "Point", "coordinates": [ 130.249958809079175, 33.537685212515619 ] } },
{ "type": "Feature", "properties": { "fid": 465, "P29_001": "40230", "P29_002": "B140223000078", "P29_003": "16001", "P29_004": "糸島市立前原南小学校", "P29_005": "福岡県糸島市前原南1-17-1", "city": "糸島市" }, "geometry": { "type": "Point", "coordinates": [ 130.206237224652369, 33.5561168771562 ] } },
{ "type": "Feature", "properties": { "fid": 466, "P29_001": "40230", "P29_002": "B140223000087", "P29_003": "16001", "P29_004": "糸島市立南風小学校", "P29_005": "福岡県糸島市南風台8-10-1", "city": "糸島市" }, "geometry": { "type": "Point", "coordinates": [ 130.194408900442568, 33.545961393561278 ] } },
{ "type": "Feature", "properties": { "fid": 467, "P29_001": "40230", "P29_002": "B140223000096", "P29_003": "16001", "P29_004": "糸島市立東風小学校", "P29_005": "福岡県糸島市潤4-10-1", "city": "糸島市" }, "geometry": { "type": "Point", "coordinates": [ 130.217040824538344, 33.567659316651891 ] } },
{ "type": "Feature", "properties": { "fid": 468, "P29_001": "40230", "P29_002": "B140223000103", "P29_003": "16001", "P29_004": "糸島市立深江小学校", "P29_005": "福岡県糸島市二丈深江999", "city": "糸島市" }, "geometry": { "type": "Point", "coordinates": [ 130.136296829000628, 33.514802326726652 ] } },
{ "type": "Feature", "properties": { "fid": 469, "P29_001": "40230", "P29_002": "B140223000121", "P29_003": "16001", "P29_004": "糸島市立一貴山小学校", "P29_005": "福岡県糸島市二丈石崎152", "city": "糸島市" }, "geometry": { "type": "Point", "coordinates": [ 130.16274040620516, 33.517986801031967 ] } },
{ "type": "Feature", "properties": { "fid": 470, "P29_001": "40230", "P29_002": "B140223000149", "P29_003": "16001", "P29_004": "糸島市立可也小学校", "P29_005": "福岡県糸島市志摩初198-1", "city": "糸島市" }, "geometry": { "type": "Point", "coordinates": [ 130.180206513872548, 33.583319075009783 ] } },
{ "type": "Feature", "properties": { "fid": 471, "P29_001": "40230", "P29_002": "B140223000167", "P29_003": "16001", "P29_004": "糸島市立引津小学校", "P29_005": "福岡県糸島市志摩御床2165-2", "city": "糸島市" }, "geometry": { "type": "Point", "coordinates": [ 130.13846038453454, 33.567483415291385 ] } },
{ "type": "Feature", "properties": { "fid": 472, "P29_001": "40231", "P29_002": "B140223100013", "P29_003": "16001", "P29_004": "安徳小学校", "P29_005": "福岡県那珂川市松木2-134", "city": "那珂川市" }, "geometry": { "type": "Point", "coordinates": [ 130.43268731508266, 33.509954556968609 ] } },
{ "type": "Feature", "properties": { "fid": 473, "P29_001": "40231", "P29_002": "B140223100022", "P29_003": "16001", "P29_004": "南畑小学校", "P29_005": "福岡県那珂川市埋金530-1", "city": "那珂川市" }, "geometry": { "type": "Point", "coordinates": [ 130.427412251161002, 33.466412708052424 ] } },
{ "type": "Feature", "properties": { "fid": 474, "P29_001": "40231", "P29_002": "B140223100031", "P29_003": "16001", "P29_004": "岩戸小学校", "P29_005": "福岡県那珂川市西隈2-6-43", "city": "那珂川市" }, "geometry": { "type": "Point", "coordinates": [ 130.420525630125468, 33.498045062773812 ] } },
{ "type": "Feature", "properties": { "fid": 475, "P29_001": "40231", "P29_002": "B140223100040", "P29_003": "16001", "P29_004": "岩戸小学校後野分校", "P29_005": "福岡県那珂川市後野279-2", "city": "那珂川市" }, "geometry": { "type": "Point", "coordinates": [ 130.415378460760053, 33.51218427708983 ] } },
{ "type": "Feature", "properties": { "fid": 476, "P29_001": "40231", "P29_002": "B140223100059", "P29_003": "16001", "P29_004": "岩戸北小学校", "P29_005": "福岡県那珂川市恵子1-1-1", "city": "那珂川市" }, "geometry": { "type": "Point", "coordinates": [ 130.418796269660874, 33.515884756094614 ] } },
{ "type": "Feature", "properties": { "fid": 477, "P29_001": "40231", "P29_002": "B140223100068", "P29_003": "16001", "P29_004": "安徳北小学校", "P29_005": "福岡県那珂川市五郎丸1-11", "city": "那珂川市" }, "geometry": { "type": "Point", "coordinates": [ 130.429188296223401, 33.514291350268913 ] } },
{ "type": "Feature", "properties": { "fid": 478, "P29_001": "40231", "P29_002": "B140223100077", "P29_003": "16001", "P29_004": "片縄小学校", "P29_005": "福岡県那珂川市片縄北1-15-1", "city": "那珂川市" }, "geometry": { "type": "Point", "coordinates": [ 130.41927953174914, 33.520312184994665 ] } },
{ "type": "Feature", "properties": { "fid": 479, "P29_001": "40231", "P29_002": "B140223100086", "P29_003": "16001", "P29_004": "安徳南小学校", "P29_005": "福岡県那珂川市上梶原1-1-1", "city": "那珂川市" }, "geometry": { "type": "Point", "coordinates": [ 130.43432127585848, 33.495424286989653 ] } },
{ "type": "Feature", "properties": { "fid": 480, "P29_001": "40341", "P29_002": "B140234100010", "P29_003": "16001", "P29_004": "宇美町立宇美小学校", "P29_005": "福岡県糟屋郡宇美町3-9-1", "city": "宇美町" }, "geometry": { "type": "Point", "coordinates": [ 130.506637882852573, 33.568187077820028 ] } },
{ "type": "Feature", "properties": { "fid": 481, "P29_001": "40341", "P29_002": "B140234100029", "P29_003": "16001", "P29_004": "宇美町立宇美東小学校", "P29_005": "福岡県糟屋郡宇美町宇美東3-7-1", "city": "宇美町" }, "geometry": { "type": "Point", "coordinates": [ 130.530231044387534, 33.567596487530928 ] } },
{ "type": "Feature", "properties": { "fid": 482, "P29_001": "40341", "P29_002": "B140234100038", "P29_003": "16001", "P29_004": "宇美町立原田小学校", "P29_005": "福岡県糟屋郡宇美町原田3-1-1", "city": "宇美町" }, "geometry": { "type": "Point", "coordinates": [ 130.522273387793291, 33.556241988664354 ] } },
{ "type": "Feature", "properties": { "fid": 483, "P29_001": "40341", "P29_002": "B140234100047", "P29_003": "16001", "P29_004": "宇美町立桜原小学校", "P29_005": "福岡県糟屋郡宇美町桜原1-1-1", "city": "宇美町" }, "geometry": { "type": "Point", "coordinates": [ 130.51918644144618, 33.574306854378982 ] } },
{ "type": "Feature", "properties": { "fid": 484, "P29_001": "40341", "P29_002": "B140234100056", "P29_003": "16001", "P29_004": "宇美町立井野小学校", "P29_005": "福岡県糟屋郡宇美町大字井野419-9", "city": "宇美町" }, "geometry": { "type": "Point", "coordinates": [ 130.496847982547337, 33.568069058590019 ] } },
{ "type": "Feature", "properties": { "fid": 485, "P29_001": "40342", "P29_002": "B140234200019", "P29_003": "16001", "P29_004": "篠栗町立勢門小学校", "P29_005": "福岡県糟屋郡篠栗町大字尾仲671", "city": "篠栗町" }, "geometry": { "type": "Point", "coordinates": [ 130.513124517959767, 33.619609769830468 ] } },
{ "type": "Feature", "properties": { "fid": 486, "P29_001": "40342", "P29_002": "B140234200028", "P29_003": "16001", "P29_004": "篠栗町立篠栗小学校", "P29_005": "福岡県糟屋郡篠栗町篠栗5026", "city": "篠栗町" }, "geometry": { "type": "Point", "coordinates": [ 130.533312665204107, 33.621719776504357 ] } },
{ "type": "Feature", "properties": { "fid": 487, "P29_001": "40342", "P29_002": "B140234200037", "P29_003": "16001", "P29_004": "篠栗町立篠栗小学校萩尾分校", "P29_005": "福岡県糟屋郡篠栗町萩尾640-1", "city": "篠栗町" }, "geometry": { "type": "Point", "coordinates": [ 130.555063368975937, 33.650965220805944 ] } },
{ "type": "Feature", "properties": { "fid": 488, "P29_001": "40342", "P29_002": "B140234200046", "P29_003": "16001", "P29_004": "篠栗町立北勢門小学校", "P29_005": "福岡県糟屋郡篠栗町津波黒497", "city": "篠栗町" }, "geometry": { "type": "Point", "coordinates": [ 130.511664445370087, 33.630531493979291 ] } },
{ "type": "Feature", "properties": { "fid": 489, "P29_001": "40343", "P29_002": "B140234300018", "P29_003": "16001", "P29_004": "志免町立志免中央小学校", "P29_005": "福岡県糟屋郡志免町志免中央1-8-1", "city": "志免町" }, "geometry": { "type": "Point", "coordinates": [ 130.481123740954132, 33.590864287486404 ] } },
{ "type": "Feature", "properties": { "fid": 490, "P29_001": "40343", "P29_002": "B140234300027", "P29_003": "16001", "P29_004": "志免町立志免西小学校", "P29_005": "福岡県糟屋郡志免町別府2-4-1", "city": "志免町" }, "geometry": { "type": "Point", "coordinates": [ 130.462369035486347, 33.601599023708616 ] } },
{ "type": "Feature", "properties": { "fid": 491, "P29_001": "40343", "P29_002": "B140234300036", "P29_003": "16001", "P29_004": "志免町立志免東小学校", "P29_005": "福岡県糟屋郡志免町志免東1-1-1", "city": "志免町" }, "geometry": { "type": "Point", "coordinates": [ 130.486262549854757, 33.583078271469695 ] } },
{ "type": "Feature", "properties": { "fid": 492, "P29_001": "40343", "P29_002": "B140234300045", "P29_003": "16001", "P29_004": "志免町立志免南小学校", "P29_005": "福岡県糟屋郡志免町吉原556", "city": "志免町" }, "geometry": { "type": "Point", "coordinates": [ 130.485415547908985, 33.572667578916089 ] } },
{ "type": "Feature", "properties": { "fid": 493, "P29_001": "40344", "P29_002": "B140234400017", "P29_003": "16001", "P29_004": "須恵町立須恵第一小学校", "P29_005": "福岡県糟屋郡須恵町大字上須恵962-2", "city": "須恵町" }, "geometry": { "type": "Point", "coordinates": [ 130.516158367485389, 33.586314478547237 ] } },
{ "type": "Feature", "properties": { "fid": 494, "P29_001": "40344", "P29_002": "B140234400026", "P29_003": "16001", "P29_004": "須恵町立須恵第二小学校", "P29_005": "福岡県糟屋郡須恵町植木260-5", "city": "須恵町" }, "geometry": { "type": "Point", "coordinates": [ 130.498728670063258, 33.599197409007949 ] } },
{ "type": "Feature", "properties": { "fid": 495, "P29_001": "40344", "P29_002": "B140234400035", "P29_003": "16001", "P29_004": "須恵町立須恵第三小学校", "P29_005": "福岡県糟屋郡須恵町大字旅石84-10", "city": "須恵町" }, "geometry": { "type": "Point", "coordinates": [ 130.497939265978403, 33.582954048173562 ] } },
{ "type": "Feature", "properties": { "fid": 496, "P29_001": "40345", "P29_002": "B140234500016", "P29_003": "16001", "P29_004": "新宮町立立花小学校", "P29_005": "福岡県糟屋郡新宮町大字立花口1072-3", "city": "新宮町" }, "geometry": { "type": "Point", "coordinates": [ 130.467640473196269, 33.689965485952435 ] } },
{ "type": "Feature", "properties": { "fid": 497, "P29_001": "40345", "P29_002": "B140234500025", "P29_003": "16001", "P29_004": "新宮町立新宮小学校", "P29_005": "福岡県糟屋郡新宮町下府3-12-1", "city": "新宮町" }, "geometry": { "type": "Point", "coordinates": [ 130.440177688695002, 33.708886029502089 ] } },
{ "type": "Feature", "properties": { "fid": 498, "P29_001": "40345", "P29_002": "B140234500034", "P29_003": "16001", "P29_004": "新宮町立相島小学校", "P29_005": "福岡県糟屋郡新宮町相島296-1", "city": "新宮町" }, "geometry": { "type": "Point", "coordinates": [ 130.368842683267133, 33.761296684538671 ] } },
{ "type": "Feature", "properties": { "fid": 499, "P29_001": "40345", "P29_002": "B140234500043", "P29_003": "16001", "P29_004": "新宮町立新宮東小学校", "P29_005": "福岡県糟屋郡新宮町新宮東4-8-1", "city": "新宮町" }, "geometry": { "type": "Point", "coordinates": [ 130.451410359805607, 33.705359998578807 ] } },
{ "type": "Feature", "properties": { "fid": 500, "P29_001": "40345", "P29_002": "B140234500052", "P29_003": "16001", "P29_004": "新宮町立新宮北小学校", "P29_005": "福岡県糟屋郡新宮町上府北1-16-1", "city": "新宮町" }, "geometry": { "type": "Point", "coordinates": [ 130.453519811549882, 33.716632240316265 ] } },
{ "type": "Feature", "properties": { "fid": 501, "P29_001": "40348", "P29_002": "B140234800013", "P29_003": "16001", "P29_004": "久山町立久原小学校", "P29_005": "福岡県糟屋郡久山町大字久原3479", "city": "久山町" }, "geometry": { "type": "Point", "coordinates": [ 130.503006526267171, 33.646343275043762 ] } },
{ "type": "Feature", "properties": { "fid": 502, "P29_001": "40348", "P29_002": "B140234800022", "P29_003": "16001", "P29_004": "久山町立山田小学校", "P29_005": "福岡県糟屋郡久山町大字山田210", "city": "久山町" }, "geometry": { "type": "Point", "coordinates": [ 130.498380460899739, 33.661116770170011 ] } },
{ "type": "Feature", "properties": { "fid": 503, "P29_001": "40349", "P29_002": "B140234900012", "P29_003": "16001", "P29_004": "粕屋町立仲原小学校", "P29_005": "福岡県糟屋郡粕屋町仲原1-16-1", "city": "粕屋町" }, "geometry": { "type": "Point", "coordinates": [ 130.472089455866779, 33.605928151179796 ] } },
{ "type": "Feature", "properties": { "fid": 504, "P29_001": "40349", "P29_002": "B140234900021", "P29_003": "16001", "P29_004": "粕屋町立大川小学校", "P29_005": "福岡県糟屋郡粕屋町戸原東3-5-1", "city": "粕屋町" }, "geometry": { "type": "Point", "coordinates": [ 130.474383797698124, 33.62478258759915 ] } },
{ "type": "Feature", "properties": { "fid": 505, "P29_001": "40349", "P29_002": "B140234900030", "P29_003": "16001", "P29_004": "粕屋町立粕屋西小学校", "P29_005": "福岡県糟屋郡粕屋町仲原2445", "city": "粕屋町" }, "geometry": { "type": "Point", "coordinates": [ 130.457605406009407, 33.613147559488887 ] } },
{ "type": "Feature", "properties": { "fid": 506, "P29_001": "40349", "P29_002": "B140234900049", "P29_003": "16001", "P29_004": "粕屋町立粕屋中央小学校", "P29_005": "福岡県糟屋郡粕屋町若宮2-2-1", "city": "粕屋町" }, "geometry": { "type": "Point", "coordinates": [ 130.475099746112249, 33.615549784319775 ] } },
{ "type": "Feature", "properties": { "fid": 507, "P29_001": "40381", "P29_002": "B140238100011", "P29_003": "16001", "P29_004": "芦屋町立山鹿小学校", "P29_005": "福岡県遠賀郡芦屋町山鹿2853", "city": "芦屋町" }, "geometry": { "type": "Point", "coordinates": [ 130.667520436325646, 33.901546120341465 ] } },
{ "type": "Feature", "properties": { "fid": 508, "P29_001": "40381", "P29_002": "B140238100020", "P29_003": "16001", "P29_004": "芦屋町立芦屋小学校", "P29_005": "福岡県遠賀郡芦屋町白浜町3786", "city": "芦屋町" }, "geometry": { "type": "Point", "coordinates": [ 130.659194984708705, 33.891075361959061 ] } },
{ "type": "Feature", "properties": { "fid": 509, "P29_001": "40381", "P29_002": "B140238100039", "P29_003": "16001", "P29_004": "芦屋町立芦屋東小学校", "P29_005": "福岡県遠賀郡芦屋町浜口町5-55", "city": "芦屋町" }, "geometry": { "type": "Point", "coordinates": [ 130.671447243152045, 33.885349842724004 ] } },
{ "type": "Feature", "properties": { "fid": 510, "P29_001": "40382", "P29_002": "B140238200038", "P29_003": "16001", "P29_004": "水巻町立猪熊小学校", "P29_005": "福岡県遠賀郡水巻町猪熊3-4-1", "city": "水巻町" }, "geometry": { "type": "Point", "coordinates": [ 130.687105988007488, 33.873074673145297 ] } },
{ "type": "Feature", "properties": { "fid": 511, "P29_001": "40382", "P29_002": "B140238200047", "P29_003": "16001", "P29_004": "水巻町立伊左座小学校", "P29_005": "福岡県遠賀郡水巻町伊左座3-4-1", "city": "水巻町" }, "geometry": { "type": "Point", "coordinates": [ 130.692815384520259, 33.842227321016026 ] } },
{ "type": "Feature", "properties": { "fid": 512, "P29_001": "40382", "P29_002": "B140238200056", "P29_003": "16001", "P29_004": "水巻町立吉田小学校", "P29_005": "福岡県遠賀郡水巻町吉田東3-5-1", "city": "水巻町" }, "geometry": { "type": "Point", "coordinates": [ 130.706584398785594, 33.848535225171332 ] } },
{ "type": "Feature", "properties": { "fid": 513, "P29_001": "40383", "P29_002": "B140238300019", "P29_003": "16001", "P29_004": "岡垣町立山田小学校", "P29_005": "福岡県遠賀郡岡垣町東山田1-16-1", "city": "岡垣町" }, "geometry": { "type": "Point", "coordinates": [ 130.62862954173076, 33.848153331679711 ] } },
{ "type": "Feature", "properties": { "fid": 514, "P29_001": "40383", "P29_002": "B140238300028", "P29_003": "16001", "P29_004": "岡垣町立吉木小学校", "P29_005": "福岡県遠賀郡岡垣町吉木西1-17-5", "city": "岡垣町" }, "geometry": { "type": "Point", "coordinates": [ 130.603698296373551, 33.856590186169448 ] } },
{ "type": "Feature", "properties": { "fid": 515, "P29_001": "40383", "P29_002": "B140238300055", "P29_003": "16001", "P29_004": "岡垣町立海老津小学校", "P29_005": "福岡県遠賀郡岡垣町大字海老津1-21-1", "city": "岡垣町" }, "geometry": { "type": "Point", "coordinates": [ 130.61612128482804, 33.841714885940789 ] } },
{ "type": "Feature", "properties": { "fid": 516, "P29_001": "40384", "P29_002": "B140238400027", "P29_003": "16001", "P29_004": "遠賀町立浅木小学校", "P29_005": "福岡県遠賀郡遠賀町浅木2-3-7", "city": "遠賀町" }, "geometry": { "type": "Point", "coordinates": [ 130.666965860217886, 33.834406453137824 ] } },
{ "type": "Feature", "properties": { "fid": 517, "P29_001": "40384", "P29_002": "B140238400036", "P29_003": "16001", "P29_004": "遠賀町立広渡小学校", "P29_005": "福岡県遠賀郡遠賀町大字広渡1930", "city": "遠賀町" }, "geometry": { "type": "Point", "coordinates": [ 130.673436372246044, 33.85518211766351 ] } },
{ "type": "Feature", "properties": { "fid": 518, "P29_001": "40401", "P29_002": "B140240100026", "P29_003": "16001", "P29_004": "小竹町立小竹北小学校", "P29_005": "福岡県鞍手郡小竹町御徳1375", "city": "小竹町" }, "geometry": { "type": "Point", "coordinates": [ 130.712635343586868, 33.715998268253955 ] } },
{ "type": "Feature", "properties": { "fid": 519, "P29_001": "40402", "P29_002": "B140240200034", "P29_003": "16001", "P29_004": "鞍手町立古月小学校", "P29_005": "福岡県鞍手郡鞍手町大字木月1149", "city": "鞍手町" }, "geometry": { "type": "Point", "coordinates": [ 130.674333457455674, 33.812018310108122 ] } },
{ "type": "Feature", "properties": { "fid": 520, "P29_001": "40402", "P29_002": "B140240200061", "P29_003": "16001", "P29_004": "鞍手町立室木小学校", "P29_005": "福岡県鞍手郡鞍手町大字室木1290", "city": "鞍手町" }, "geometry": { "type": "Point", "coordinates": [ 130.662964979567789, 33.759518388485553 ] } },
{ "type": "Feature", "properties": { "fid": 521, "P29_001": "40447", "P29_002": "B140244700013", "P29_003": "16001", "P29_004": "筑前町立三輪小学校", "P29_005": "福岡県朝倉郡筑前町新町400", "city": "筑前町" }, "geometry": { "type": "Point", "coordinates": [ 130.637504655339455, 33.435148126578788 ] } },
{ "type": "Feature", "properties": { "fid": 522, "P29_001": "40447", "P29_002": "B140244700040", "P29_003": "16001", "P29_004": "筑前町立三並小学校", "P29_005": "福岡県朝倉郡筑前町三並1354-1", "city": "筑前町" }, "geometry": { "type": "Point", "coordinates": [ 130.615806652359169, 33.472192557412534 ] } },
{ "type": "Feature", "properties": { "fid": 523, "P29_001": "40448", "P29_002": "B140244800012", "P29_003": "16001", "P29_004": "東峰村立東峰小学校", "P29_005": "福岡県朝倉郡東峰村福井2296-4", "city": "東峰村" }, "geometry": { "type": "Point", "coordinates": [ 130.866111332973048, 33.398464987135817 ] } },
{ "type": "Feature", "properties": { "fid": 524, "P29_001": "40503", "P29_002": "B140250300014", "P29_003": "16001", "P29_004": "大刀洗町立大刀洗小学校", "P29_005": "福岡県三井郡大刀洗町上高橋755-1", "city": "大刀洗町" }, "geometry": { "type": "Point", "coordinates": [ 130.600397606000826, 33.375706199789136 ] } },
{ "type": "Feature", "properties": { "fid": 525, "P29_001": "40503", "P29_002": "B140250300023", "P29_003": "16001", "P29_004": "大刀洗町立菊池小学校", "P29_005": "福岡県三井郡大刀洗町山隈1344-3", "city": "大刀洗町" }, "geometry": { "type": "Point", "coordinates": [ 130.603280378608019, 33.407395185024093 ] } },
{ "type": "Feature", "properties": { "fid": 526, "P29_001": "40503", "P29_002": "B140250300032", "P29_003": "16001", "P29_004": "大刀洗町立本郷小学校", "P29_005": "福岡県三井郡大刀洗町本郷4669-1", "city": "大刀洗町" }, "geometry": { "type": "Point", "coordinates": [ 130.624211393387981, 33.385423174220179 ] } },
{ "type": "Feature", "properties": { "fid": 527, "P29_001": "40503", "P29_002": "B140250300041", "P29_003": "16001", "P29_004": "大刀洗町立大堰小学校", "P29_005": "福岡県三井郡大刀洗町大字守部465", "city": "大刀洗町" }, "geometry": { "type": "Point", "coordinates": [ 130.635870857524139, 33.368132870063512 ] } },
{ "type": "Feature", "properties": { "fid": 528, "P29_001": "40522", "P29_002": "B140252200011", "P29_003": "16001", "P29_004": "大木町立木佐木小学校", "P29_005": "福岡県三潴郡大木町大字八町牟田623", "city": "大木町" }, "geometry": { "type": "Point", "coordinates": [ 130.441641792404056, 33.211623596661113 ] } },
{ "type": "Feature", "properties": { "fid": 529, "P29_001": "40522", "P29_002": "B140252200020", "P29_003": "16001", "P29_004": "大木町立大溝小学校", "P29_005": "福岡県三潴郡大木町前牟田735", "city": "大木町" }, "geometry": { "type": "Point", "coordinates": [ 130.439794261070602, 33.22759387705932 ] } },
{ "type": "Feature", "properties": { "fid": 530, "P29_001": "40522", "P29_002": "B140252200039", "P29_003": "16001", "P29_004": "大木町立大莞小学校", "P29_005": "福岡県三潴郡大木町大字奥牟田250", "city": "大木町" }, "geometry": { "type": "Point", "coordinates": [ 130.443218042657804, 33.193339204264809 ] } },
{ "type": "Feature", "properties": { "fid": 531, "P29_001": "40544", "P29_002": "B140254400024", "P29_003": "16001", "P29_004": "広川町立中広川小学校", "P29_005": "福岡県八女郡広川町大字新代1705", "city": "広川町" }, "geometry": { "type": "Point", "coordinates": [ 130.553336581867512, 33.24400407612297 ] } },
{ "type": "Feature", "properties": { "fid": 532, "P29_001": "40544", "P29_002": "B140254400033", "P29_003": "16001", "P29_004": "広川町立下広川小学校", "P29_005": "福岡県八女郡広川町広川1416", "city": "広川町" }, "geometry": { "type": "Point", "coordinates": [ 130.523684821852498, 33.244410255978011 ] } },
{ "type": "Feature", "properties": { "fid": 533, "P29_001": "40602", "P29_002": "B140260200014", "P29_003": "16001", "P29_004": "添田町立津野小学校", "P29_005": "福岡県田川郡添田町津野5929", "city": "添田町" }, "geometry": { "type": "Point", "coordinates": [ 130.901870151952323, 33.537807034303533 ] } },
{ "type": "Feature", "properties": { "fid": 534, "P29_001": "40602", "P29_002": "B140260200023", "P29_003": "16001", "P29_004": "添田町立添田小学校", "P29_005": "福岡県田川郡添田町大字添田1333", "city": "添田町" }, "geometry": { "type": "Point", "coordinates": [ 130.858701103139964, 33.567922352669171 ] } },
{ "type": "Feature", "properties": { "fid": 535, "P29_001": "40604", "P29_002": "B140260400012", "P29_003": "16001", "P29_004": "糸田町立糸田小学校", "P29_005": "福岡県田川郡糸田町3256", "city": "糸田町" }, "geometry": { "type": "Point", "coordinates": [ 130.783903007830077, 33.655726555719653 ] } },
{ "type": "Feature", "properties": { "fid": 536, "P29_001": "40605", "P29_002": "B140260500020", "P29_003": "16001", "P29_004": "川崎町立川崎東小学校", "P29_005": "福岡県田川郡川崎町大字川崎248", "city": "川崎町" }, "geometry": { "type": "Point", "coordinates": [ 130.82789357805089, 33.598523344139153 ] } },
{ "type": "Feature", "properties": { "fid": 537, "P29_001": "40605", "P29_002": "B140260500039", "P29_003": "16001", "P29_004": "川崎町立真崎小学校", "P29_005": "福岡県田川郡川崎町大字安真木4917", "city": "川崎町" }, "geometry": { "type": "Point", "coordinates": [ 130.816395042145189, 33.569850080258021 ] } },
{ "type": "Feature", "properties": { "fid": 538, "P29_001": "40605", "P29_002": "B140260500048", "P29_003": "16001", "P29_004": "川崎町立池尻小学校", "P29_005": "福岡県田川郡川崎町池尻923", "city": "川崎町" }, "geometry": { "type": "Point", "coordinates": [ 130.80431817874441, 33.616347395296593 ] } },
{ "type": "Feature", "properties": { "fid": 539, "P29_001": "40608", "P29_002": "B140260800018", "P29_003": "16001", "P29_004": "大任町立大任小学校", "P29_005": "福岡県田川郡大任町大行事3040", "city": "大任町" }, "geometry": { "type": "Point", "coordinates": [ 130.856198998803279, 33.610139541878041 ] } },
{ "type": "Feature", "properties": { "fid": 540, "P29_001": "40608", "P29_002": "B140260800027", "P29_003": "16001", "P29_004": "大任町立今任小学校", "P29_005": "福岡県田川郡大任町今任原3518", "city": "大任町" }, "geometry": { "type": "Point", "coordinates": [ 130.846697045399395, 33.643157091550101 ] } },
{ "type": "Feature", "properties": { "fid": 541, "P29_001": "40609", "P29_002": "B140260900017", "P29_003": "16001", "P29_004": "赤村立赤小学校", "P29_005": "福岡県田川郡赤村赤4581-1", "city": "赤村" }, "geometry": { "type": "Point", "coordinates": [ 130.874671589894291, 33.61313295939852 ] } },
{ "type": "Feature", "properties": { "fid": 542, "P29_001": "40609", "P29_002": "B140260900026", "P29_003": "16001", "P29_004": "赤村立赤小学校上赤分校", "P29_005": "福岡県田川郡赤村大字赤865", "city": "赤村" }, "geometry": { "type": "Point", "coordinates": [ 130.881928696162134, 33.595202286667295 ] } },
{ "type": "Feature", "properties": { "fid": 543, "P29_001": "40610", "P29_002": "B140261000014", "P29_003": "16001", "P29_004": "福智町立上野小学校", "P29_005": "福岡県田川郡福智町上野2622", "city": "福智町" }, "geometry": { "type": "Point", "coordinates": [ 130.775162693256902, 33.713187697914535 ] } },
{ "type": "Feature", "properties": { "fid": 544, "P29_001": "40610", "P29_002": "B140261000023", "P29_003": "16001", "P29_004": "福智町立市場小学校", "P29_005": "福岡県田川郡福智町市場334", "city": "福智町" }, "geometry": { "type": "Point", "coordinates": [ 130.766236877785275, 33.704903832686682 ] } },
{ "type": "Feature", "properties": { "fid": 545, "P29_001": "40610", "P29_002": "B140261000032", "P29_003": "16001", "P29_004": "福智町立伊方小学校", "P29_005": "福岡県田川郡福智町伊方3922", "city": "福智町" }, "geometry": { "type": "Point", "coordinates": [ 130.794693159834395, 33.681139067712294 ] } },
{ "type": "Feature", "properties": { "fid": 546, "P29_001": "40610", "P29_002": "B140261000041", "P29_003": "16001", "P29_004": "福智町立弁城小学校", "P29_005": "福岡県田川郡福智町弁城1936", "city": "福智町" }, "geometry": { "type": "Point", "coordinates": [ 130.788475096236198, 33.700419397777715 ] } },
{ "type": "Feature", "properties": { "fid": 547, "P29_001": "40621", "P29_002": "B140262100011", "P29_003": "16001", "P29_004": "苅田町立苅田小学校", "P29_005": "福岡県京都郡苅田町神田町2-9-12", "city": "苅田町" }, "geometry": { "type": "Point", "coordinates": [ 130.979013291008471, 33.790237532201658 ] } },
{ "type": "Feature", "properties": { "fid": 548, "P29_001": "40621", "P29_002": "B140262100020", "P29_003": "16001", "P29_004": "苅田町立南原小学校", "P29_005": "福岡県京都郡苅田町富久町1-4-9", "city": "苅田町" }, "geometry": { "type": "Point", "coordinates": [ 130.980671340581523, 33.773437057469316 ] } },
{ "type": "Feature", "properties": { "fid": 549, "P29_001": "40621", "P29_002": "B140262100039", "P29_003": "16001", "P29_004": "苅田町立与原小学校", "P29_005": "福岡県京都郡苅田町与原3-7-5", "city": "苅田町" }, "geometry": { "type": "Point", "coordinates": [ 130.979213776837213, 33.753391377749161 ] } },
{ "type": "Feature", "properties": { "fid": 550, "P29_001": "40621", "P29_002": "B140262100048", "P29_003": "16001", "P29_004": "苅田町立白川小学校", "P29_005": "福岡県京都郡苅田町大字稲光357", "city": "苅田町" }, "geometry": { "type": "Point", "coordinates": [ 130.936759547766684, 33.750944056497758 ] } },
{ "type": "Feature", "properties": { "fid": 551, "P29_001": "40621", "P29_002": "B140262100057", "P29_003": "16001", "P29_004": "苅田町立片島小学校", "P29_005": "福岡県京都郡苅田町大字上片島1504", "city": "苅田町" }, "geometry": { "type": "Point", "coordinates": [ 130.955958357252115, 33.743030334301032 ] } },
{ "type": "Feature", "properties": { "fid": 552, "P29_001": "40621", "P29_002": "B140262100066", "P29_003": "16001", "P29_004": "苅田町立馬場小学校", "P29_005": "福岡県京都郡苅田町大字馬場558", "city": "苅田町" }, "geometry": { "type": "Point", "coordinates": [ 130.977440595001895, 33.780590692391826 ] } },
{ "type": "Feature", "properties": { "fid": 553, "P29_001": "40625", "P29_002": "B140262500017", "P29_003": "16001", "P29_004": "みやこ町立諌山小学校", "P29_005": "福岡県京都郡みやこ町勝山岩熊554", "city": "みやこ町" }, "geometry": { "type": "Point", "coordinates": [ 130.890489655832027, 33.709962487136295 ] } },
{ "type": "Feature", "properties": { "fid": 554, "P29_001": "40625", "P29_002": "B140262500026", "P29_003": "16001", "P29_004": "みやこ町立久保小学校", "P29_005": "福岡県京都郡みやこ町大字勝山大久保1423", "city": "みやこ町" }, "geometry": { "type": "Point", "coordinates": [ 130.910682390220956, 33.689104189661514 ] } },
{ "type": "Feature", "properties": { "fid": 555, "P29_001": "40625", "P29_002": "B140262500035", "P29_003": "16001", "P29_004": "みやこ町立黒田小学校", "P29_005": "福岡県京都郡みやこ町勝山黒田825-1", "city": "みやこ町" }, "geometry": { "type": "Point", "coordinates": [ 130.922203331991682, 33.704036857660505 ] } },
{ "type": "Feature", "properties": { "fid": 556, "P29_001": "40625", "P29_002": "B140262500044", "P29_003": "16001", "P29_004": "みやこ町立祓郷小学校", "P29_005": "福岡県京都郡みやこ町有久250-1", "city": "みやこ町" }, "geometry": { "type": "Point", "coordinates": [ 130.993299205766988, 33.682409447748256 ] } },
{ "type": "Feature", "properties": { "fid": 557, "P29_001": "40625", "P29_002": "B140262500053", "P29_003": "16001", "P29_004": "みやこ町立豊津小学校", "P29_005": "福岡県京都郡みやこ町豊津9-1", "city": "みやこ町" }, "geometry": { "type": "Point", "coordinates": [ 130.972065400936515, 33.67408442308264 ] } },
{ "type": "Feature", "properties": { "fid": 558, "P29_001": "40625", "P29_002": "B140262500071", "P29_003": "16001", "P29_004": "みやこ町立伊良原小学校", "P29_005": "福岡県京都郡みやこ町犀川上伊良原178-2", "city": "みやこ町" }, "geometry": { "type": "Point", "coordinates": [ 130.953199714090289, 33.563100627950227 ] } },
{ "type": "Feature", "properties": { "fid": 559, "P29_001": "40625", "P29_002": "B140262500080", "P29_003": "16001", "P29_004": "犀川小学校", "P29_005": "福岡県京都郡みやこ町犀川本庄620", "city": "みやこ町" }, "geometry": { "type": "Point", "coordinates": [ 130.9410102129346, 33.647517080892165 ] } },
{ "type": "Feature", "properties": { "fid": 560, "P29_001": "40642", "P29_002": "B140264200016", "P29_003": "16001", "P29_004": "吉富町立吉富小学校", "P29_005": "福岡県築上郡吉富町広津665-1", "city": "吉富町" }, "geometry": { "type": "Point", "coordinates": [ 131.172788664357114, 33.604474945406942 ] } },
{ "type": "Feature", "properties": { "fid": 561, "P29_001": "40646", "P29_002": "B140264600012", "P29_003": "16001", "P29_004": "上毛町立友枝小学校", "P29_005": "福岡県築上郡上毛町東下1467-1", "city": "上毛町" }, "geometry": { "type": "Point", "coordinates": [ 131.155868258590431, 33.556853521078239 ] } },
{ "type": "Feature", "properties": { "fid": 562, "P29_001": "40646", "P29_002": "B140264600021", "P29_003": "16001", "P29_004": "上毛町立唐原小学校", "P29_005": "福岡県築上郡上毛町大字上唐原1265", "city": "上毛町" }, "geometry": { "type": "Point", "coordinates": [ 131.188237815943864, 33.555831213769622 ] } },
{ "type": "Feature", "properties": { "fid": 563, "P29_001": "40646", "P29_002": "B140264600030", "P29_003": "16001", "P29_004": "上毛町立南吉富小学校", "P29_005": "福岡県築上郡上毛町垂水1397", "city": "上毛町" }, "geometry": { "type": "Point", "coordinates": [ 131.165428166925466, 33.580029380563232 ] } },
{ "type": "Feature", "properties": { "fid": 564, "P29_001": "40646", "P29_002": "B140264600049", "P29_003": "16001", "P29_004": "上毛町立西吉富小学校", "P29_005": "福岡県築上郡上毛町大字緒方598-1", "city": "上毛町" }, "geometry": { "type": "Point", "coordinates": [ 131.143746010188181, 33.578980580812598 ] } },
{ "type": "Feature", "properties": { "fid": 565, "P29_001": "40647", "P29_002": "B140264700011", "P29_003": "16001", "P29_004": "築上町立下城井小学校", "P29_005": "福岡県築上郡築上町袈裟丸379", "city": "築上町" }, "geometry": { "type": "Point", "coordinates": [ 131.004895056164457, 33.648565183910577 ] } },
{ "type": "Feature", "properties": { "fid": 566, "P29_001": "40647", "P29_002": "B140264700020", "P29_003": "16001", "P29_004": "築上町立上城井小学校", "P29_005": "福岡県築上郡築上町本庄1688", "city": "築上町" }, "geometry": { "type": "Point", "coordinates": [ 130.983262969555511, 33.607478514683443 ] } },
{ "type": "Feature", "properties": { "fid": 567, "P29_001": "40647", "P29_002": "B140264700039", "P29_003": "16001", "P29_004": "築上町立築城小学校", "P29_005": "福岡県築上郡築上町上別府305", "city": "築上町" }, "geometry": { "type": "Point", "coordinates": [ 131.02934185904715, 33.668650188700788 ] } },
{ "type": "Feature", "properties": { "fid": 568, "P29_001": "40647", "P29_002": "B140264700048", "P29_003": "16001", "P29_004": "築上町立椎田小学校", "P29_005": "福岡県築上郡築上町湊150", "city": "築上町" }, "geometry": { "type": "Point", "coordinates": [ 131.062662922388796, 33.65250634689037 ] } },
{ "type": "Feature", "properties": { "fid": 569, "P29_001": "40647", "P29_002": "B140264700066", "P29_003": "16001", "P29_004": "築上町立葛城小学校", "P29_005": "福岡県築上郡築上町水原77", "city": "築上町" }, "geometry": { "type": "Point", "coordinates": [ 131.036712780165004, 33.645332671381944 ] } },
{ "type": "Feature", "properties": { "fid": 570, "P29_001": "40647", "P29_002": "B140264700084", "P29_003": "16001", "P29_004": "築上町立小原小学校", "P29_005": "福岡県築上郡築上町小原15", "city": "築上町" }, "geometry": { "type": "Point", "coordinates": [ 131.043286841359333, 33.621689915573441 ] } },
{ "type": "Feature", "properties": { "fid": 571, "P29_001": "40105", "P29_002": "B140310000028", "P29_003": "16001", "P29_004": "明治学園小学校", "P29_005": "福岡県北九州市戸畑区仙水町5-1", "city": "北九州市戸畑区" }, "geometry": { "type": "Point", "coordinates": [ 130.838990054674042, 33.888957767502106 ] } },
{ "type": "Feature", "properties": { "fid": 572, "P29_001": "40107", "P29_002": "B140310000037", "P29_003": "16001", "P29_004": "北九州子どもの村小学校", "P29_005": "福岡県北九州市小倉南区平尾台2-5-24", "city": "北九州市小倉南区" }, "geometry": { "type": "Point", "coordinates": [ 130.895281643366275, 33.757874203157236 ] } },
{ "type": "Feature", "properties": { "fid": 573, "P29_001": "40133", "P29_002": "C140110000011", "P29_003": "16002", "P29_004": "福岡教育大学附属福岡中学校", "P29_005": "福岡県福岡市中央区西公園12-1", "city": "福岡市中央区" }, "geometry": { "type": "Point", "coordinates": [ 130.374349226345259, 33.595739681731395 ] } },
{ "type": "Feature", "properties": { "fid": 574, "P29_001": "40106", "P29_002": "C140110000020", "P29_003": "16002", "P29_004": "福岡教育大学附属小倉中学校", "P29_005": "福岡県北九州市小倉北区下富野3-12-1", "city": "北九州市小倉北区" }, "geometry": { "type": "Point", "coordinates": [ 130.898194831518424, 33.880377968224003 ] } },
{ "type": "Feature", "properties": { "fid": 575, "P29_001": "40101", "P29_002": "C140210000019", "P29_003": "16002", "P29_004": "北九州市立早鞆中学校", "P29_005": "福岡県北九州市門司区清見3-13-1", "city": "北九州市門司区" }, "geometry": { "type": "Point", "coordinates": [ 130.982082542603962, 33.950586515197223 ] } },
{ "type": "Feature", "properties": { "fid": 576, "P29_001": "40101", "P29_002": "C140210000028", "P29_003": "16002", "P29_004": "北九州市立戸ノ上中学校", "P29_005": "福岡県北九州市門司区寺内4-1-1", "city": "北九州市門司区" }, "geometry": { "type": "Point", "coordinates": [ 130.950382895078604, 33.905286944427758 ] } },
{ "type": "Feature", "properties": { "fid": 577, "P29_001": "40101", "P29_002": "C140210000037", "P29_003": "16002", "P29_004": "北九州市立柳西中学校", "P29_005": "福岡県北九州市門司区柳原町1-1", "city": "北九州市門司区" }, "geometry": { "type": "Point", "coordinates": [ 130.933975495851229, 33.897581983667976 ] } },
{ "type": "Feature", "properties": { "fid": 578, "P29_001": "40101", "P29_002": "C140210000046", "P29_003": "16002", "P29_004": "北九州市立松ヶ江中学校", "P29_005": "福岡県北九州市門司区大字畑2077", "city": "北九州市門司区" }, "geometry": { "type": "Point", "coordinates": [ 130.973508755385211, 33.872282294402702 ] } },
{ "type": "Feature", "properties": { "fid": 579, "P29_001": "40101", "P29_002": "C140210000055", "P29_003": "16002", "P29_004": "北九州市立東郷中学校", "P29_005": "福岡県北九州市門司区黒川西1-9-1", "city": "北九州市門司区" }, "geometry": { "type": "Point", "coordinates": [ 130.980744873518404, 33.924147634233762 ] } },
{ "type": "Feature", "properties": { "fid": 580, "P29_001": "40101", "P29_002": "C140210000064", "P29_003": "16002", "P29_004": "北九州市立緑丘中学校", "P29_005": "福岡県北九州市門司区緑ケ丘6-1", "city": "北九州市門司区" }, "geometry": { "type": "Point", "coordinates": [ 130.930847016283394, 33.88325008086921 ] } },
{ "type": "Feature", "properties": { "fid": 581, "P29_001": "40101", "P29_002": "C140210000073", "P29_003": "16002", "P29_004": "北九州市立門司中学校", "P29_005": "福岡県北九州市門司区丸山2-5-1", "city": "北九州市門司区" }, "geometry": { "type": "Point", "coordinates": [ 130.969788412529738, 33.939086328305933 ] } },
{ "type": "Feature", "properties": { "fid": 582, "P29_001": "40103", "P29_002": "C140210000091", "P29_003": "16002", "P29_004": "北九州市立向洋中学校", "P29_005": "福岡県北九州市若松区小石本村町21-1", "city": "北九州市若松区" }, "geometry": { "type": "Point", "coordinates": [ 130.780237345393061, 33.918918442692295 ] } },
{ "type": "Feature", "properties": { "fid": 583, "P29_001": "40103", "P29_002": "C140210000117", "P29_003": "16002", "P29_004": "北九州市立洞北中学校", "P29_005": "福岡県北九州市若松区大字竹並3087-1", "city": "北九州市若松区" }, "geometry": { "type": "Point", "coordinates": [ 130.722790915598466, 33.903608742316301 ] } },
{ "type": "Feature", "properties": { "fid": 584, "P29_001": "40103", "P29_002": "C140210000135", "P29_003": "16002", "P29_004": "北九州市立若松中学校", "P29_005": "福岡県北九州市若松区白山2-12-45", "city": "北九州市若松区" }, "geometry": { "type": "Point", "coordinates": [ 130.801771066221818, 33.907433138832275 ] } },
{ "type": "Feature", "properties": { "fid": 585, "P29_001": "40103", "P29_002": "C140210000144", "P29_003": "16002", "P29_004": "北九州市立二島中学校", "P29_005": "福岡県北九州市若松区二島4-5-1", "city": "北九州市若松区" }, "geometry": { "type": "Point", "coordinates": [ 130.746678381513277, 33.896578540713847 ] } },
{ "type": "Feature", "properties": { "fid": 586, "P29_001": "40105", "P29_002": "C140210000153", "P29_003": "16002", "P29_004": "北九州市立中原中学校", "P29_005": "福岡県北九州市戸畑区境川2-6-1", "city": "北九州市戸畑区" }, "geometry": { "type": "Point", "coordinates": [ 130.844184272461064, 33.892456539678165 ] } },
{ "type": "Feature", "properties": { "fid": 587, "P29_001": "40105", "P29_002": "C140210000162", "P29_003": "16002", "P29_004": "北九州市立大谷中学校", "P29_005": "福岡県北九州市戸畑区東大谷1-9-1", "city": "北九州市戸畑区" }, "geometry": { "type": "Point", "coordinates": [ 130.829620171289719, 33.879720125701674 ] } },
{ "type": "Feature", "properties": { "fid": 588, "P29_001": "40105", "P29_002": "C140210000171", "P29_003": "16002", "P29_004": "北九州市立高生中学校", "P29_005": "福岡県北九州市戸畑区高峰1-6-1", "city": "北九州市戸畑区" }, "geometry": { "type": "Point", "coordinates": [ 130.824334582545561, 33.888935185158331 ] } },
{ "type": "Feature", "properties": { "fid": 589, "P29_001": "40105", "P29_002": "C140210000180", "P29_003": "16002", "P29_004": "北九州市立飛幡中学校", "P29_005": "福岡県北九州市戸畑区小芝1-8-20", "city": "北九州市戸畑区" }, "geometry": { "type": "Point", "coordinates": [ 130.835092645895827, 33.893042523693623 ] } },
{ "type": "Feature", "properties": { "fid": 590, "P29_001": "40106", "P29_002": "C140210000206", "P29_003": "16002", "P29_004": "北九州市立霧丘中学校", "P29_005": "福岡県北九州市小倉北区黒原3-17-1", "city": "北九州市小倉北区" }, "geometry": { "type": "Point", "coordinates": [ 130.896682097963776, 33.861532586457415 ] } },
{ "type": "Feature", "properties": { "fid": 591, "P29_001": "40106", "P29_002": "C140210000215", "P29_003": "16002", "P29_004": "北九州市立菊陵中学校", "P29_005": "福岡県北九州市小倉北区下富野1-2-1", "city": "北九州市小倉北区" }, "geometry": { "type": "Point", "coordinates": [ 130.893923229120446, 33.882642848709914 ] } },
{ "type": "Feature", "properties": { "fid": 592, "P29_001": "40106", "P29_002": "C140210000224", "P29_003": "16002", "P29_004": "北九州市立富野中学校", "P29_005": "福岡県北九州市小倉北区常盤町8-1", "city": "北九州市小倉北区" }, "geometry": { "type": "Point", "coordinates": [ 130.907066866576344, 33.88078744990257 ] } },
{ "type": "Feature", "properties": { "fid": 593, "P29_001": "40106", "P29_002": "C140210000233", "P29_003": "16002", "P29_004": "北九州市立白銀中学校", "P29_005": "福岡県北九州市小倉北区白銀1-13-1", "city": "北九州市小倉北区" }, "geometry": { "type": "Point", "coordinates": [ 130.875852521032044, 33.869787396214917 ] } },
{ "type": "Feature", "properties": { "fid": 594, "P29_001": "40106", "P29_002": "C140210000242", "P29_003": "16002", "P29_004": "北九州市立思永中学校", "P29_005": "福岡県北九州市小倉北区大門1-5-1", "city": "北九州市小倉北区" }, "geometry": { "type": "Point", "coordinates": [ 130.87125961121879, 33.88591920148442 ] } },
{ "type": "Feature", "properties": { "fid": 595, "P29_001": "40106", "P29_002": "C140210000251", "P29_003": "16002", "P29_004": "北九州市立篠崎中学校", "P29_005": "福岡県北九州市小倉北区原町2-8-1", "city": "北九州市小倉北区" }, "geometry": { "type": "Point", "coordinates": [ 130.864703044227099, 33.875169294267764 ] } },
{ "type": "Feature", "properties": { "fid": 596, "P29_001": "40106", "P29_002": "C140210000260", "P29_003": "16002", "P29_004": "北九州市立板櫃中学校", "P29_005": "福岡県北九州市小倉北区白萩町8-1", "city": "北九州市小倉北区" }, "geometry": { "type": "Point", "coordinates": [ 130.854418143777735, 33.88522838155761 ] } },
{ "type": "Feature", "properties": { "fid": 597, "P29_001": "40106", "P29_002": "C140210000279", "P29_003": "16002", "P29_004": "北九州市立南小倉中学校", "P29_005": "福岡県北九州市小倉北区高尾1-4-1", "city": "北九州市小倉北区" }, "geometry": { "type": "Point", "coordinates": [ 130.85894555245838, 33.86697215832465 ] } },
{ "type": "Feature", "properties": { "fid": 598, "P29_001": "40107", "P29_002": "C140210000288", "P29_003": "16002", "P29_004": "北九州市立企救中学校", "P29_005": "福岡県北九州市小倉南区南若園町1-1", "city": "北九州市小倉南区" }, "geometry": { "type": "Point", "coordinates": [ 130.885431078062823, 33.843207525836718 ] } },
{ "type": "Feature", "properties": { "fid": 599, "P29_001": "40107", "P29_002": "C140210000297", "P29_003": "16002", "P29_004": "北九州市立城南中学校", "P29_005": "福岡県北九州市小倉南区富士見3-3-1", "city": "北九州市小倉南区" }, "geometry": { "type": "Point", "coordinates": [ 130.881105436941681, 33.859788305652621 ] } },
{ "type": "Feature", "properties": { "fid": 600, "P29_001": "40107", "P29_002": "C140210000304", "P29_003": "16002", "P29_004": "北九州市立曽根中学校", "P29_005": "福岡県北九州市小倉南区中曽根2-13-1", "city": "北九州市小倉南区" }, "geometry": { "type": "Point", "coordinates": [ 130.93815384963159, 33.824032573635435 ] } },
{ "type": "Feature", "properties": { "fid": 601, "P29_001": "40107", "P29_002": "C140210000313", "P29_003": "16002", "P29_004": "北九州市立菅生中学校", "P29_005": "福岡県北九州市小倉南区徳吉南2-2-1", "city": "北九州市小倉南区" }, "geometry": { "type": "Point", "coordinates": [ 130.853074185374481, 33.808753893654121 ] } },
{ "type": "Feature", "properties": { "fid": 602, "P29_001": "40107", "P29_002": "C140210000331", "P29_003": "16002", "P29_004": "北九州市立志徳中学校", "P29_005": "福岡県北九州市小倉南区企救丘4-4-1", "city": "北九州市小倉南区" }, "geometry": { "type": "Point", "coordinates": [ 130.87365142578895, 33.826462489046953 ] } },
{ "type": "Feature", "properties": { "fid": 603, "P29_001": "40107", "P29_002": "C140210000359", "P29_003": "16002", "P29_004": "北九州市立横代中学校", "P29_005": "福岡県北九州市小倉南区横代北町3-5-1", "city": "北九州市小倉南区" }, "geometry": { "type": "Point", "coordinates": [ 130.896436510908643, 33.83354419221812 ] } },
{ "type": "Feature", "properties": { "fid": 604, "P29_001": "40107", "P29_002": "C140210000368", "P29_003": "16002", "P29_004": "北九州市立湯川中学校", "P29_005": "福岡県北九州市小倉南区湯川新町4-25-1", "city": "北九州市小倉南区" }, "geometry": { "type": "Point", "coordinates": [ 130.904220892906267, 33.83960094107811 ] } },
{ "type": "Feature", "properties": { "fid": 605, "P29_001": "40107", "P29_002": "C140210000377", "P29_003": "16002", "P29_004": "北九州市立南曽根中学校", "P29_005": "福岡県北九州市小倉南区上曽根5-12-1", "city": "北九州市小倉南区" }, "geometry": { "type": "Point", "coordinates": [ 130.944609973986701, 33.812717146522154 ] } },
{ "type": "Feature", "properties": { "fid": 606, "P29_001": "40107", "P29_002": "C140210000386", "P29_003": "16002", "P29_004": "北九州市立広徳中学校", "P29_005": "福岡県北九州市小倉南区南方4-13-1", "city": "北九州市小倉南区" }, "geometry": { "type": "Point", "coordinates": [ 130.858919896829775, 33.829906322756379 ] } },
{ "type": "Feature", "properties": { "fid": 607, "P29_001": "40107", "P29_002": "C140210000395", "P29_003": "16002", "P29_004": "北九州市立吉田中学校", "P29_005": "福岡県北九州市小倉南区中吉田3-8-1", "city": "北九州市小倉南区" }, "geometry": { "type": "Point", "coordinates": [ 130.950642384699336, 33.845875419343095 ] } },
{ "type": "Feature", "properties": { "fid": 608, "P29_001": "40107", "P29_002": "C140210000411", "P29_003": "16002", "P29_004": "北九州市立守恒中学校", "P29_005": "福岡県北九州市小倉南区葉山町3-3-10", "city": "北九州市小倉南区" }, "geometry": { "type": "Point", "coordinates": [ 130.882497882101518, 33.835162241481264 ] } },
{ "type": "Feature", "properties": { "fid": 609, "P29_001": "40108", "P29_002": "C140210000420", "P29_003": "16002", "P29_004": "北九州市立枝光台中学校", "P29_005": "福岡県北九州市八幡東区枝光5-8-1", "city": "北九州市八幡東区" }, "geometry": { "type": "Point", "coordinates": [ 130.820155405020103, 33.882737226174449 ] } },
{ "type": "Feature", "properties": { "fid": 610, "P29_001": "40108", "P29_002": "C140210000439", "P29_003": "16002", "P29_004": "北九州市立槻田中学校", "P29_005": "福岡県北九州市八幡東区宮の町1-5-1", "city": "北九州市八幡東区" }, "geometry": { "type": "Point", "coordinates": [ 130.832082474847908, 33.861422065985884 ] } },
{ "type": "Feature", "properties": { "fid": 611, "P29_001": "40108", "P29_002": "C140210000448", "P29_003": "16002", "P29_004": "北九州市立高見中学校", "P29_005": "福岡県北九州市八幡東区高見4-4-1", "city": "北九州市八幡東区" }, "geometry": { "type": "Point", "coordinates": [ 130.838741746095678, 33.871015490148686 ] } },
{ "type": "Feature", "properties": { "fid": 612, "P29_001": "40108", "P29_002": "C140210000457", "P29_003": "16002", "P29_004": "北九州市立大蔵中学校", "P29_005": "福岡県北九州市八幡東区大蔵1-4-1", "city": "北九州市八幡東区" }, "geometry": { "type": "Point", "coordinates": [ 130.822150165649845, 33.865641853322174 ] } },
{ "type": "Feature", "properties": { "fid": 613, "P29_001": "40108", "P29_002": "C140210000466", "P29_003": "16002", "P29_004": "北九州市立中央中学校", "P29_005": "福岡県北九州市八幡東区中央3-9-2", "city": "北九州市八幡東区" }, "geometry": { "type": "Point", "coordinates": [ 130.814022394451882, 33.866781888169669 ] } },
{ "type": "Feature", "properties": { "fid": 614, "P29_001": "40108", "P29_002": "C140210000475", "P29_003": "16002", "P29_004": "北九州市立尾倉中学校", "P29_005": "福岡県北九州市八幡東区尾倉3-10-1", "city": "北九州市八幡東区" }, "geometry": { "type": "Point", "coordinates": [ 130.795769907656819, 33.862450948399598 ] } },
{ "type": "Feature", "properties": { "fid": 615, "P29_001": "40108", "P29_002": "C140210000484", "P29_003": "16002", "P29_004": "北九州市立花尾中学校", "P29_005": "福岡県北九州市八幡東区桃園4-4-1", "city": "北九州市八幡東区" }, "geometry": { "type": "Point", "coordinates": [ 130.783052246055462, 33.861158016768755 ] } },
{ "type": "Feature", "properties": { "fid": 616, "P29_001": "40109", "P29_002": "C140210000493", "P29_003": "16002", "P29_004": "北九州市立黒崎中学校", "P29_005": "福岡県北九州市八幡西区西鳴水1-1-1", "city": "北九州市八幡西区" }, "geometry": { "type": "Point", "coordinates": [ 130.76810167678056, 33.854062720305173 ] } },
{ "type": "Feature", "properties": { "fid": 617, "P29_001": "40109", "P29_002": "C140210000509", "P29_003": "16002", "P29_004": "北九州市立熊西中学校", "P29_005": "福岡県北九州市八幡西区山寺町4-1", "city": "北九州市八幡西区" }, "geometry": { "type": "Point", "coordinates": [ 130.756281434529143, 33.862084376315273 ] } },
{ "type": "Feature", "properties": { "fid": 618, "P29_001": "40109", "P29_002": "C140210000518", "P29_003": "16002", "P29_004": "北九州市立穴生中学校", "P29_005": "福岡県北九州市八幡西区萩原3-6-1", "city": "北九州市八幡西区" }, "geometry": { "type": "Point", "coordinates": [ 130.751846055045917, 33.856620663289782 ] } },
{ "type": "Feature", "properties": { "fid": 619, "P29_001": "40109", "P29_002": "C140210000527", "P29_003": "16002", "P29_004": "北九州市立引野中学校", "P29_005": "福岡県北九州市八幡西区別所町14-1", "city": "北九州市八幡西区" }, "geometry": { "type": "Point", "coordinates": [ 130.758632231333422, 33.849282184677165 ] } },
{ "type": "Feature", "properties": { "fid": 620, "P29_001": "40109", "P29_002": "C140210000536", "P29_003": "16002", "P29_004": "北九州市立折尾中学校", "P29_005": "福岡県北九州市八幡西区中須1-3-1", "city": "北九州市八幡西区" }, "geometry": { "type": "Point", "coordinates": [ 130.7265846947829, 33.867379262861945 ] } },
{ "type": "Feature", "properties": { "fid": 621, "P29_001": "40109", "P29_002": "C140210000563", "P29_003": "16002", "P29_004": "北九州市立香月中学校", "P29_005": "福岡県北九州市八幡西区香月中央5-6-1", "city": "北九州市八幡西区" }, "geometry": { "type": "Point", "coordinates": [ 130.734950897166698, 33.796593932534371 ] } },
{ "type": "Feature", "properties": { "fid": 622, "P29_001": "40109", "P29_002": "C140210000581", "P29_003": "16002", "P29_004": "北九州市立沖田中学校", "P29_005": "福岡県北九州市八幡西区沖田4-18-1", "city": "北九州市八幡西区" }, "geometry": { "type": "Point", "coordinates": [ 130.741159692685159, 33.831949506205142 ] } },
{ "type": "Feature", "properties": { "fid": 623, "P29_001": "40109", "P29_002": "C140210000590", "P29_003": "16002", "P29_004": "北九州市立永犬丸中学校", "P29_005": "福岡県北九州市八幡西区永犬丸4-5-1", "city": "北九州市八幡西区" }, "geometry": { "type": "Point", "coordinates": [ 130.731956503642607, 33.842430238051293 ] } },
{ "type": "Feature", "properties": { "fid": 624, "P29_001": "40109", "P29_002": "C140210000607", "P29_003": "16002", "P29_004": "北九州市立則松中学校", "P29_005": "福岡県北九州市八幡西区則松3-5-1", "city": "北九州市八幡西区" }, "geometry": { "type": "Point", "coordinates": [ 130.718143020339625, 33.856070775313739 ] } },
{ "type": "Feature", "properties": { "fid": 625, "P29_001": "40109", "P29_002": "C140210000616", "P29_003": "16002", "P29_004": "北九州市立八児中学校", "P29_005": "福岡県北九州市八幡西区町上津役西4-16-1", "city": "北九州市八幡西区" }, "geometry": { "type": "Point", "coordinates": [ 130.749828390633951, 33.819539244259587 ] } },
{ "type": "Feature", "properties": { "fid": 626, "P29_001": "40109", "P29_002": "C140210000625", "P29_003": "16002", "P29_004": "北九州市立浅川中学校", "P29_005": "福岡県北九州市八幡西区浅川学園台2-4-1", "city": "北九州市八幡西区" }, "geometry": { "type": "Point", "coordinates": [ 130.707431324333072, 33.882537059841191 ] } },
{ "type": "Feature", "properties": { "fid": 627, "P29_001": "40109", "P29_002": "C140210000634", "P29_003": "16002", "P29_004": "北九州市立千代中学校", "P29_005": "福岡県北九州市八幡西区千代2-23-1", "city": "北九州市八幡西区" }, "geometry": { "type": "Point", "coordinates": [ 130.743581569116088, 33.806568183530068 ] } },
{ "type": "Feature", "properties": { "fid": 628, "P29_001": "40131", "P29_002": "C140213000013", "P29_003": "16002", "P29_004": "福岡市立箱崎中学校", "P29_005": "福岡県福岡市東区筥松4-21-22", "city": "福岡市東区" }, "geometry": { "type": "Point", "coordinates": [ 130.428457930726836, 33.634712359974884 ] } },
{ "type": "Feature", "properties": { "fid": 629, "P29_001": "40131", "P29_002": "C140213000022", "P29_003": "16002", "P29_004": "福岡市立福岡中学校", "P29_005": "福岡県福岡市東区馬出3-11-1", "city": "福岡市東区" }, "geometry": { "type": "Point", "coordinates": [ 130.414146247177229, 33.612785176495301 ] } },
{ "type": "Feature", "properties": { "fid": 630, "P29_001": "40131", "P29_002": "C140213000031", "P29_003": "16002", "P29_004": "福岡市立香椎第一中学校", "P29_005": "福岡県福岡市東区千早3-12-1", "city": "福岡市東区" }, "geometry": { "type": "Point", "coordinates": [ 130.435714906098468, 33.653273938834026 ] } },
{ "type": "Feature", "properties": { "fid": 631, "P29_001": "40131", "P29_002": "C140213000040", "P29_003": "16002", "P29_004": "福岡市立多々良中学校", "P29_005": "福岡県福岡市東区水谷1-18-1", "city": "福岡市東区" }, "geometry": { "type": "Point", "coordinates": [ 130.443732729571337, 33.646786528640206 ] } },
{ "type": "Feature", "properties": { "fid": 632, "P29_001": "40131", "P29_002": "C140213000059", "P29_003": "16002", "P29_004": "福岡市立和白中学校", "P29_005": "福岡県福岡市東区三苫1-10-1", "city": "福岡市東区" }, "geometry": { "type": "Point", "coordinates": [ 130.419005014656506, 33.694759647924407 ] } },
{ "type": "Feature", "properties": { "fid": 633, "P29_001": "40131", "P29_002": "C140213000068", "P29_003": "16002", "P29_004": "福岡市立香椎第二中学校", "P29_005": "福岡県福岡市東区香住ヶ丘1-8-1", "city": "福岡市東区" }, "geometry": { "type": "Point", "coordinates": [ 130.438871227837609, 33.667641751252134 ] } },
{ "type": "Feature", "properties": { "fid": 634, "P29_001": "40131", "P29_002": "C140213000077", "P29_003": "16002", "P29_004": "福岡市立多々良中央中学校", "P29_005": "福岡県福岡市東区多々良1-51-1", "city": "福岡市東区" }, "geometry": { "type": "Point", "coordinates": [ 130.457425191164106, 33.632102186699427 ] } },
{ "type": "Feature", "properties": { "fid": 635, "P29_001": "40131", "P29_002": "C140213000086", "P29_003": "16002", "P29_004": "福岡市立和白丘中学校", "P29_005": "福岡県福岡市東区和白丘3-13-1", "city": "福岡市東区" }, "geometry": { "type": "Point", "coordinates": [ 130.433045653751378, 33.696610306528122 ] } },
{ "type": "Feature", "properties": { "fid": 636, "P29_001": "40131", "P29_002": "C140213000095", "P29_003": "16002", "P29_004": "福岡市立香椎第三中学校", "P29_005": "福岡県福岡市東区香椎駅東3-33-1", "city": "福岡市東区" }, "geometry": { "type": "Point", "coordinates": [ 130.452750582503739, 33.663339943462276 ] } },
{ "type": "Feature", "properties": { "fid": 637, "P29_001": "40131", "P29_002": "C140213000139", "P29_003": "16002", "P29_004": "福岡市立箱崎清松中学校", "P29_005": "福岡県福岡市東区松田2-3-1", "city": "福岡市東区" }, "geometry": { "type": "Point", "coordinates": [ 130.440087861285889, 33.619088090714953 ] } },
{ "type": "Feature", "properties": { "fid": 638, "P29_001": "40131", "P29_002": "C140213000148", "P29_003": "16002", "P29_004": "福岡市立照葉中学校", "P29_005": "福岡県福岡市東区香椎照葉2-2-1", "city": "福岡市東区" }, "geometry": { "type": "Point", "coordinates": [ 130.423041168260312, 33.668336443234274 ] } },
{ "type": "Feature", "properties": { "fid": 639, "P29_001": "40131", "P29_002": "C140213000157", "P29_003": "16002", "P29_004": "福岡市立志賀中学校", "P29_005": "福岡県福岡市東区大岳4-5-1", "city": "福岡市東区" }, "geometry": { "type": "Point", "coordinates": [ 130.332779664085109, 33.653307116497338 ] } },
{ "type": "Feature", "properties": { "fid": 640, "P29_001": "40132", "P29_002": "C140213000166", "P29_003": "16002", "P29_004": "福岡市立千代中学校", "P29_005": "福岡県福岡市博多区千代4-17-47", "city": "福岡市博多区" }, "geometry": { "type": "Point", "coordinates": [ 130.412174580481462, 33.605228458874564 ] } },
{ "type": "Feature", "properties": { "fid": 641, "P29_001": "40132", "P29_002": "C140213000175", "P29_003": "16002", "P29_004": "福岡市立東光中学校", "P29_005": "福岡県福岡市博多区東光2-15-1", "city": "福岡市博多区" }, "geometry": { "type": "Point", "coordinates": [ 130.426749492797683, 33.593370429759183 ] } },
{ "type": "Feature", "properties": { "fid": 642, "P29_001": "40132", "P29_002": "C140213000184", "P29_003": "16002", "P29_004": "福岡市立東住吉中学校", "P29_005": "福岡県福岡市博多区博多駅南2-5-1", "city": "福岡市博多区" }, "geometry": { "type": "Point", "coordinates": [ 130.423835594469978, 33.58497370055418 ] } },
{ "type": "Feature", "properties": { "fid": 643, "P29_001": "40132", "P29_002": "C140213000228", "P29_003": "16002", "P29_004": "福岡市立那珂中学校", "P29_005": "福岡県福岡市博多区那珂2-18-1", "city": "福岡市博多区" }, "geometry": { "type": "Point", "coordinates": [ 130.437682222008618, 33.567846197105418 ] } },
{ "type": "Feature", "properties": { "fid": 644, "P29_001": "40132", "P29_002": "C140213000237", "P29_003": "16002", "P29_004": "福岡市立吉塚中学校", "P29_005": "福岡県福岡市博多区吉塚5-10-6", "city": "福岡市博多区" }, "geometry": { "type": "Point", "coordinates": [ 130.431771475192051, 33.604519212092313 ] } },
{ "type": "Feature", "properties": { "fid": 645, "P29_001": "40132", "P29_002": "C140213000246", "P29_003": "16002", "P29_004": "福岡市立席田中学校", "P29_005": "福岡県福岡市博多区東平尾3-3-1", "city": "福岡市博多区" }, "geometry": { "type": "Point", "coordinates": [ 130.459919779359211, 33.581973843051259 ] } },
{ "type": "Feature", "properties": { "fid": 646, "P29_001": "40133", "P29_002": "C140213000273", "P29_003": "16002", "P29_004": "福岡市立警固中学校", "P29_005": "福岡県福岡市中央区赤坂2-5-23", "city": "福岡市中央区" }, "geometry": { "type": "Point", "coordinates": [ 130.386446264758774, 33.585312090846138 ] } },
{ "type": "Feature", "properties": { "fid": 647, "P29_001": "40134", "P29_002": "C140213000317", "P29_003": "16002", "P29_004": "福岡市立春吉中学校", "P29_005": "福岡県福岡市南区清水4-21-50", "city": "福岡市南区" }, "geometry": { "type": "Point", "coordinates": [ 130.421112142802372, 33.566544693557248 ] } },
{ "type": "Feature", "properties": { "fid": 648, "P29_001": "40134", "P29_002": "C140213000326", "P29_003": "16002", "P29_004": "福岡市立高宮中学校", "P29_005": "福岡県福岡市南区大楠3-11-1", "city": "福岡市南区" }, "geometry": { "type": "Point", "coordinates": [ 130.412212911842175, 33.5719071678121 ] } },
{ "type": "Feature", "properties": { "fid": 649, "P29_001": "40134", "P29_002": "C140213000335", "P29_003": "16002", "P29_004": "福岡市立三宅中学校", "P29_005": "福岡県福岡市南区大橋3-18-1", "city": "福岡市南区" }, "geometry": { "type": "Point", "coordinates": [ 130.433443317239949, 33.553207288591288 ] } },
{ "type": "Feature", "properties": { "fid": 650, "P29_001": "40134", "P29_002": "C140213000353", "P29_003": "16002", "P29_004": "福岡市立筑紫丘中学校", "P29_005": "福岡県福岡市南区筑紫丘2-28-1", "city": "福岡市南区" }, "geometry": { "type": "Point", "coordinates": [ 130.420146452919255, 33.556872002870577 ] } },
{ "type": "Feature", "properties": { "fid": 651, "P29_001": "40134", "P29_002": "C140213000362", "P29_003": "16002", "P29_004": "福岡市立曰佐中学校", "P29_005": "福岡県福岡市南区曰佐3-7-1", "city": "福岡市南区" }, "geometry": { "type": "Point", "coordinates": [ 130.43789088876224, 33.537342276740056 ] } },
{ "type": "Feature", "properties": { "fid": 652, "P29_001": "40134", "P29_002": "C140213000380", "P29_003": "16002", "P29_004": "福岡市立老司中学校", "P29_005": "福岡県福岡市南区老司3-37-1", "city": "福岡市南区" }, "geometry": { "type": "Point", "coordinates": [ 130.417554414794154, 33.531317806046424 ] } },
{ "type": "Feature", "properties": { "fid": 653, "P29_001": "40134", "P29_002": "C140213000399", "P29_003": "16002", "P29_004": "福岡市立柏原中学校", "P29_005": "福岡県福岡市南区柏原1-8-1", "city": "福岡市南区" }, "geometry": { "type": "Point", "coordinates": [ 130.402398488610487, 33.531311495192078 ] } },
{ "type": "Feature", "properties": { "fid": 654, "P29_001": "40134", "P29_002": "C140213000406", "P29_003": "16002", "P29_004": "福岡市立宮竹中学校", "P29_005": "福岡県福岡市南区五十川1-4-1", "city": "福岡市南区" }, "geometry": { "type": "Point", "coordinates": [ 130.434067256114275, 33.56327999700045 ] } },
{ "type": "Feature", "properties": { "fid": 655, "P29_001": "40134", "P29_002": "C140213000415", "P29_003": "16002", "P29_004": "福岡市立横手中学校", "P29_005": "福岡県福岡市南区横手4-16-1", "city": "福岡市南区" }, "geometry": { "type": "Point", "coordinates": [ 130.432099644000601, 33.546327880445489 ] } },
{ "type": "Feature", "properties": { "fid": 656, "P29_001": "40135", "P29_002": "C140213000442", "P29_003": "16002", "P29_004": "福岡市立玄洋中学校", "P29_005": "福岡県福岡市西区横浜2-34-1", "city": "福岡市西区" }, "geometry": { "type": "Point", "coordinates": [ 130.260643565377336, 33.588207971735308 ] } },
{ "type": "Feature", "properties": { "fid": 657, "P29_001": "40135", "P29_002": "C140213000460", "P29_003": "16002", "P29_004": "福岡市立元岡中学校", "P29_005": "福岡県福岡市西区田尻東1-17-1", "city": "福岡市西区" }, "geometry": { "type": "Point", "coordinates": [ 130.25278548804144, 33.585433985792079 ] } },
{ "type": "Feature", "properties": { "fid": 658, "P29_001": "40135", "P29_002": "C140213000479", "P29_003": "16002", "P29_004": "福岡市立北崎中学校", "P29_005": "福岡県福岡市西区大字小田1383", "city": "福岡市西区" }, "geometry": { "type": "Point", "coordinates": [ 130.221636406200702, 33.633430259762122 ] } },
{ "type": "Feature", "properties": { "fid": 659, "P29_001": "40135", "P29_002": "C140213000503", "P29_003": "16002", "P29_004": "福岡市立壱岐中学校", "P29_005": "福岡県福岡市西区拾六町2-16-1", "city": "福岡市西区" }, "geometry": { "type": "Point", "coordinates": [ 130.311717266869834, 33.563303146350236 ] } },
{ "type": "Feature", "properties": { "fid": 660, "P29_001": "40135", "P29_002": "C140213000521", "P29_003": "16002", "P29_004": "福岡市立内浜中学校", "P29_005": "福岡県福岡市西区内浜1-12-1", "city": "福岡市西区" }, "geometry": { "type": "Point", "coordinates": [ 130.319965218906191, 33.579897280660987 ] } },
{ "type": "Feature", "properties": { "fid": 661, "P29_001": "40135", "P29_002": "C140213000530", "P29_003": "16002", "P29_004": "福岡市立壱岐丘中学校", "P29_005": "福岡県福岡市西区大字羽根戸303-1", "city": "福岡市西区" }, "geometry": { "type": "Point", "coordinates": [ 130.312950843045996, 33.545575558649602 ] } },
{ "type": "Feature", "properties": { "fid": 662, "P29_001": "40135", "P29_002": "C140213000549", "P29_003": "16002", "P29_004": "福岡市立下山門中学校", "P29_005": "福岡県福岡市西区下山門3-12-1", "city": "福岡市西区" }, "geometry": { "type": "Point", "coordinates": [ 130.313628615935926, 33.579004813113798 ] } },
{ "type": "Feature", "properties": { "fid": 663, "P29_001": "40136", "P29_002": "C140213000567", "P29_003": "16002", "P29_004": "福岡市立城南中学校", "P29_005": "福岡県福岡市城南区茶山6-19-1", "city": "福岡市城南区" }, "geometry": { "type": "Point", "coordinates": [ 130.36016313492064, 33.569332330101965 ] } },
{ "type": "Feature", "properties": { "fid": 664, "P29_001": "40136", "P29_002": "C140213000576", "P29_003": "16002", "P29_004": "福岡市立梅林中学校", "P29_005": "福岡県福岡市城南区梅林3-6-1", "city": "福岡市城南区" }, "geometry": { "type": "Point", "coordinates": [ 130.355695634250111, 33.546974968291167 ] } },
{ "type": "Feature", "properties": { "fid": 665, "P29_001": "40136", "P29_002": "C140213000585", "P29_003": "16002", "P29_004": "福岡市立長尾中学校", "P29_005": "福岡県福岡市城南区樋井川4-13-1", "city": "福岡市城南区" }, "geometry": { "type": "Point", "coordinates": [ 130.385889984595167, 33.548898591204036 ] } },
{ "type": "Feature", "properties": { "fid": 666, "P29_001": "40136", "P29_002": "C140213000594", "P29_003": "16002", "P29_004": "福岡市立片江中学校", "P29_005": "福岡県福岡市城南区南片江6-27-1", "city": "福岡市城南区" }, "geometry": { "type": "Point", "coordinates": [ 130.36884749442936, 33.541632936245286 ] } },
{ "type": "Feature", "properties": { "fid": 667, "P29_001": "40137", "P29_002": "C140213000601", "P29_003": "16002", "P29_004": "福岡市立百道中学校", "P29_005": "福岡県福岡市早良区百道3-18-11", "city": "福岡市早良区" }, "geometry": { "type": "Point", "coordinates": [ 130.345477665902592, 33.586722213801416 ] } },
{ "type": "Feature", "properties": { "fid": 668, "P29_001": "40137", "P29_002": "C140213000610", "P29_003": "16002", "P29_004": "福岡市立西福岡中学校", "P29_005": "福岡県福岡市早良区小田部3-32-1", "city": "福岡市早良区" }, "geometry": { "type": "Point", "coordinates": [ 130.333022385421543, 33.564283202831461 ] } },
{ "type": "Feature", "properties": { "fid": 669, "P29_001": "40137", "P29_002": "C140213000638", "P29_003": "16002", "P29_004": "福岡市立金武中学校", "P29_005": "福岡県福岡市早良区四箇3-1-3", "city": "福岡市早良区" }, "geometry": { "type": "Point", "coordinates": [ 130.323752571406573, 33.528430140679916 ] } },
{ "type": "Feature", "properties": { "fid": 670, "P29_001": "40137", "P29_002": "C140213000647", "P29_003": "16002", "P29_004": "福岡市立原中学校", "P29_005": "福岡県福岡市早良区飯倉4-34-58", "city": "福岡市早良区" }, "geometry": { "type": "Point", "coordinates": [ 130.34786183329328, 33.562742674321811 ] } },
{ "type": "Feature", "properties": { "fid": 671, "P29_001": "40137", "P29_002": "C140213000665", "P29_003": "16002", "P29_004": "福岡市立田隈中学校", "P29_005": "福岡県福岡市早良区田村4-25-1", "city": "福岡市早良区" }, "geometry": { "type": "Point", "coordinates": [ 130.335709036198722, 33.540693566348978 ] } },
{ "type": "Feature", "properties": { "fid": 672, "P29_001": "40137", "P29_002": "C140213000674", "P29_003": "16002", "P29_004": "福岡市立次郎丸中学校", "P29_005": "福岡県福岡市早良区次郎丸6-3-1", "city": "福岡市早良区" }, "geometry": { "type": "Point", "coordinates": [ 130.334759043058426, 33.549864405255533 ] } },
{ "type": "Feature", "properties": { "fid": 673, "P29_001": "40137", "P29_002": "C140213000683", "P29_003": "16002", "P29_004": "福岡市立原中央中学校", "P29_005": "福岡県福岡市早良区原1-36-1", "city": "福岡市早良区" }, "geometry": { "type": "Point", "coordinates": [ 130.34804188007044, 33.570491273623389 ] } },
{ "type": "Feature", "properties": { "fid": 674, "P29_001": "40137", "P29_002": "C140213000692", "P29_003": "16002", "P29_004": "福岡市立早良中学校", "P29_005": "福岡県福岡市早良区内野7-1-1", "city": "福岡市早良区" }, "geometry": { "type": "Point", "coordinates": [ 130.346428913876565, 33.495606021763905 ] } },
{ "type": "Feature", "properties": { "fid": 675, "P29_001": "40202", "P29_002": "C140220200016", "P29_003": "16002", "P29_004": "大牟田市立松原中学校", "P29_005": "福岡県大牟田市大正町5-4-16", "city": "大牟田市" }, "geometry": { "type": "Point", "coordinates": [ 130.438924708920922, 33.028762018714389 ] } },
{ "type": "Feature", "properties": { "fid": 676, "P29_001": "40202", "P29_002": "C140220200025", "P29_003": "16002", "P29_004": "大牟田市立白光中学校", "P29_005": "福岡県大牟田市椿黒町32", "city": "大牟田市" }, "geometry": { "type": "Point", "coordinates": [ 130.451758629663686, 33.043287477434092 ] } },
{ "type": "Feature", "properties": { "fid": 677, "P29_001": "40202", "P29_002": "C140220200034", "P29_003": "16002", "P29_004": "大牟田市立歴木中学校", "P29_005": "福岡県大牟田市大字歴木1150", "city": "大牟田市" }, "geometry": { "type": "Point", "coordinates": [ 130.469031274158112, 33.040181746910633 ] } },
{ "type": "Feature", "properties": { "fid": 678, "P29_001": "40202", "P29_002": "C140220200043", "P29_003": "16002", "P29_004": "大牟田市立田隈中学校", "P29_005": "福岡県大牟田市大字田隈338", "city": "大牟田市" }, "geometry": { "type": "Point", "coordinates": [ 130.474808034539677, 33.051839755241872 ] } },
{ "type": "Feature", "properties": { "fid": 679, "P29_001": "40202", "P29_002": "C140220200052", "P29_003": "16002", "P29_004": "大牟田市立橘中学校", "P29_005": "福岡県大牟田市大字橘664-1", "city": "大牟田市" }, "geometry": { "type": "Point", "coordinates": [ 130.475008713565586, 33.064217898763275 ] } },
{ "type": "Feature", "properties": { "fid": 680, "P29_001": "40202", "P29_002": "C140220200070", "P29_003": "16002", "P29_004": "大牟田市立宮原中学校", "P29_005": "福岡県大牟田市米生町2-26", "city": "大牟田市" }, "geometry": { "type": "Point", "coordinates": [ 130.461695291343261, 33.013453382843778 ] } },
{ "type": "Feature", "properties": { "fid": 681, "P29_001": "40202", "P29_002": "C140220200089", "P29_003": "16002", "P29_004": "大牟田市立宅峰中学校", "P29_005": "福岡県大牟田市右京町1", "city": "大牟田市" }, "geometry": { "type": "Point", "coordinates": [ 130.441084316981716, 33.018411333806434 ] } },
{ "type": "Feature", "properties": { "fid": 682, "P29_001": "40203", "P29_002": "C140220300015", "P29_003": "16002", "P29_004": "久留米市立城南中学校", "P29_005": "福岡県久留米市城南町11-4", "city": "久留米市" }, "geometry": { "type": "Point", "coordinates": [ 130.507795506992068, 33.32077736858615 ] } },
{ "type": "Feature", "properties": { "fid": 683, "P29_001": "40203", "P29_002": "C140220300024", "P29_003": "16002", "P29_004": "久留米市立江南中学校", "P29_005": "福岡県久留米市梅満町637-3", "city": "久留米市" }, "geometry": { "type": "Point", "coordinates": [ 130.502123666137635, 33.310314990881928 ] } },
{ "type": "Feature", "properties": { "fid": 684, "P29_001": "40203", "P29_002": "C140220300079", "P29_003": "16002", "P29_004": "久留米市立明星中学校", "P29_005": "福岡県久留米市高良内町4482-1", "city": "久留米市" }, "geometry": { "type": "Point", "coordinates": [ 130.540689542576615, 33.287065358525226 ] } },
{ "type": "Feature", "properties": { "fid": 685, "P29_001": "40203", "P29_002": "C140220300113", "P29_003": "16002", "P29_004": "久留米市立屏水中学校", "P29_005": "福岡県久留米市山本町耳納1069-1", "city": "久留米市" }, "geometry": { "type": "Point", "coordinates": [ 130.605531890407832, 33.318373613494948 ] } },
{ "type": "Feature", "properties": { "fid": 686, "P29_001": "40203", "P29_002": "C140220300122", "P29_003": "16002", "P29_004": "久留米市立青陵中学校", "P29_005": "福岡県久留米市藤山町1731-10", "city": "久留米市" }, "geometry": { "type": "Point", "coordinates": [ 130.542715008483384, 33.270040998001257 ] } },
{ "type": "Feature", "properties": { "fid": 687, "P29_001": "40203", "P29_002": "C140220300140", "P29_003": "16002", "P29_004": "久留米市立田主丸中学校", "P29_005": "福岡県久留米市田主丸町田主丸65-1", "city": "久留米市" }, "geometry": { "type": "Point", "coordinates": [ 130.690524850496729, 33.349055493708221 ] } },
{ "type": "Feature", "properties": { "fid": 688, "P29_001": "40203", "P29_002": "C140220300159", "P29_003": "16002", "P29_004": "久留米市立北野中学校", "P29_005": "福岡県久留米市北野町塚島277", "city": "久留米市" }, "geometry": { "type": "Point", "coordinates": [ 130.596160394805281, 33.346886707153558 ] } },
{ "type": "Feature", "properties": { "fid": 689, "P29_001": "40203", "P29_002": "C140220300168", "P29_003": "16002", "P29_004": "久留米市立三潴中学校", "P29_005": "福岡県久留米市三潴町玉満2705", "city": "久留米市" }, "geometry": { "type": "Point", "coordinates": [ 130.466790043044767, 33.254559079295824 ] } },
{ "type": "Feature", "properties": { "fid": 690, "P29_001": "40203", "P29_002": "C140220300177", "P29_003": "16002", "P29_004": "久留米市立城島中学校", "P29_005": "福岡県久留米市城島町楢津1354-1", "city": "久留米市" }, "geometry": { "type": "Point", "coordinates": [ 130.418415642691826, 33.251177098121751 ] } },
{ "type": "Feature", "properties": { "fid": 691, "P29_001": "40204", "P29_002": "C140220400014", "P29_003": "16002", "P29_004": "直方市立直方第一中学校", "P29_005": "福岡県直方市下境1892-1", "city": "直方市" }, "geometry": { "type": "Point", "coordinates": [ 130.740104381089878, 33.73013639526372 ] } },
{ "type": "Feature", "properties": { "fid": 692, "P29_001": "40204", "P29_002": "C140220400032", "P29_003": "16002", "P29_004": "直方市立直方第三中学校", "P29_005": "福岡県直方市大字知古960", "city": "直方市" }, "geometry": { "type": "Point", "coordinates": [ 130.721441890175669, 33.763328543177863 ] } },
{ "type": "Feature", "properties": { "fid": 693, "P29_001": "40205", "P29_002": "C140220500031", "P29_003": "16002", "P29_004": "飯塚市立二瀬中学校", "P29_005": "福岡県飯塚市伊岐須740", "city": "飯塚市" }, "geometry": { "type": "Point", "coordinates": [ 130.659299068980658, 33.653075836316646 ] } },
{ "type": "Feature", "properties": { "fid": 694, "P29_001": "40205", "P29_002": "C140220500040", "P29_003": "16002", "P29_004": "飯塚市立幸袋中学校", "P29_005": "福岡県飯塚市中730-1", "city": "飯塚市" }, "geometry": { "type": "Point", "coordinates": [ 130.680981117577517, 33.666430915757402 ] } },
{ "type": "Feature", "properties": { "fid": 695, "P29_001": "40205", "P29_002": "C140220500059", "P29_003": "16002", "P29_004": "飯塚市立飯塚鎮西中学校", "P29_005": "福岡県飯塚市大日寺141", "city": "飯塚市" }, "geometry": { "type": "Point", "coordinates": [ 130.647511951297162, 33.637914273024769 ] } },
{ "type": "Feature", "properties": { "fid": 696, "P29_001": "40205", "P29_002": "C140220500068", "P29_003": "16002", "P29_004": "飯塚市立庄内中学校", "P29_005": "福岡県飯塚市網分1000-1", "city": "飯塚市" }, "geometry": { "type": "Point", "coordinates": [ 130.73113040559582, 33.633257576732078 ] } },
{ "type": "Feature", "properties": { "fid": 697, "P29_001": "40205", "P29_002": "C140220500102", "P29_003": "16002", "P29_004": "飯塚市立筑穂中学校", "P29_005": "福岡県飯塚市長尾903-1", "city": "飯塚市" }, "geometry": { "type": "Point", "coordinates": [ 130.642766870788819, 33.573649404521767 ] } },
{ "type": "Feature", "properties": { "fid": 698, "P29_001": "40207", "P29_002": "C140220700011", "P29_003": "16002", "P29_004": "柳川市立柳城中学校", "P29_005": "福岡県柳川市本城町82-2", "city": "柳川市" }, "geometry": { "type": "Point", "coordinates": [ 130.401050417644797, 33.16167512697394 ] } },
{ "type": "Feature", "properties": { "fid": 699, "P29_001": "40207", "P29_002": "C140220700020", "P29_003": "16002", "P29_004": "柳川市立昭代中学校", "P29_005": "福岡県柳川市西浜武1494", "city": "柳川市" }, "geometry": { "type": "Point", "coordinates": [ 130.383146512623313, 33.166583612086697 ] } },
{ "type": "Feature", "properties": { "fid": 700, "P29_001": "40207", "P29_002": "C140220700039", "P29_003": "16002", "P29_004": "柳川市立蒲池中学校", "P29_005": "福岡県柳川市金納455", "city": "柳川市" }, "geometry": { "type": "Point", "coordinates": [ 130.41759045635942, 33.188058740548328 ] } },
{ "type": "Feature", "properties": { "fid": 701, "P29_001": "40207", "P29_002": "C140220700048", "P29_003": "16002", "P29_004": "柳川市立柳南中学校", "P29_005": "福岡県柳川市上宮永町645-2", "city": "柳川市" }, "geometry": { "type": "Point", "coordinates": [ 130.395701052834681, 33.143527636152058 ] } },
{ "type": "Feature", "properties": { "fid": 702, "P29_001": "40207", "P29_002": "C140220700066", "P29_003": "16002", "P29_004": "柳川市立三橋中学校", "P29_005": "福岡県柳川市三橋町垂見580-1", "city": "柳川市" }, "geometry": { "type": "Point", "coordinates": [ 130.44025303568398, 33.161749705333996 ] } },
{ "type": "Feature", "properties": { "fid": 703, "P29_001": "40210", "P29_002": "C140221000016", "P29_003": "16002", "P29_004": "八女市立福島中学校", "P29_005": "福岡県八女市本村430", "city": "八女市" }, "geometry": { "type": "Point", "coordinates": [ 130.559213785142134, 33.216420831467055 ] } },
{ "type": "Feature", "properties": { "fid": 704, "P29_001": "40210", "P29_002": "C140221000025", "P29_003": "16002", "P29_004": "八女市立南中学校", "P29_005": "福岡県八女市馬場540", "city": "八女市" }, "geometry": { "type": "Point", "coordinates": [ 130.565484175879931, 33.206474267867598 ] } },
{ "type": "Feature", "properties": { "fid": 705, "P29_001": "40210", "P29_002": "C140221000034", "P29_003": "16002", "P29_004": "八女市立見崎中学校", "P29_005": "福岡県八女市忠見1155", "city": "八女市" }, "geometry": { "type": "Point", "coordinates": [ 130.599795196368689, 33.225068473880015 ] } },
{ "type": "Feature", "properties": { "fid": 706, "P29_001": "40210", "P29_002": "C140221000052", "P29_003": "16002", "P29_004": "八女市立立花中学校", "P29_005": "福岡県八女市立花町谷川859-2", "city": "八女市" }, "geometry": { "type": "Point", "coordinates": [ 130.594660078282573, 33.205255391860291 ] } },
{ "type": "Feature", "properties": { "fid": 707, "P29_001": "40210", "P29_002": "C140221000061", "P29_003": "16002", "P29_004": "八女市立筑南中学校", "P29_005": "福岡県八女市立花町白木6680", "city": "八女市" }, "geometry": { "type": "Point", "coordinates": [ 130.56058747098399, 33.167831069929676 ] } },
{ "type": "Feature", "properties": { "fid": 708, "P29_001": "40210", "P29_002": "C140221000070", "P29_003": "16002", "P29_004": "八女市立黒木中学校", "P29_005": "福岡県八女市黒木町北木屋60", "city": "八女市" }, "geometry": { "type": "Point", "coordinates": [ 130.676912847822109, 33.214662633445819 ] } },
{ "type": "Feature", "properties": { "fid": 709, "P29_001": "40210", "P29_002": "C140221000089", "P29_003": "16002", "P29_004": "八女市立星野中学校", "P29_005": "福岡県八女市星野村9500-3", "city": "八女市" }, "geometry": { "type": "Point", "coordinates": [ 130.753327441755744, 33.252194062609746 ] } },
{ "type": "Feature", "properties": { "fid": 710, "P29_001": "40211", "P29_002": "C140221100015", "P29_003": "16002", "P29_004": "筑後市立羽犬塚中学校", "P29_005": "福岡県筑後市大字羽犬塚80", "city": "筑後市" }, "geometry": { "type": "Point", "coordinates": [ 130.503230986253016, 33.218364004724073 ] } },
{ "type": "Feature", "properties": { "fid": 711, "P29_001": "40211", "P29_002": "C140221100033", "P29_003": "16002", "P29_004": "筑後市立筑後中学校", "P29_005": "福岡県筑後市水田1046-1", "city": "筑後市" }, "geometry": { "type": "Point", "coordinates": [ 130.49096717017602, 33.192091078875073 ] } },
{ "type": "Feature", "properties": { "fid": 712, "P29_001": "40212", "P29_002": "C140221200014", "P29_003": "16002", "P29_004": "大川桐英中学校", "P29_005": "福岡県大川市大字向島1850", "city": "大川市" }, "geometry": { "type": "Point", "coordinates": [ 130.37351699995412, 33.209674049611444 ] } },
{ "type": "Feature", "properties": { "fid": 713, "P29_001": "40212", "P29_002": "C140221200023", "P29_003": "16002", "P29_004": "大川桐薫中学校", "P29_005": "福岡県大川市大字下木佐木1186", "city": "大川市" }, "geometry": { "type": "Point", "coordinates": [ 130.400735418199702, 33.200684725873643 ] } },
{ "type": "Feature", "properties": { "fid": 714, "P29_001": "40213", "P29_002": "C140221300013", "P29_003": "16002", "P29_004": "行橋市立行橋中学校", "P29_005": "福岡県行橋市大橋1-11-1", "city": "行橋市" }, "geometry": { "type": "Point", "coordinates": [ 130.981465514423633, 33.730465952634731 ] } },
{ "type": "Feature", "properties": { "fid": 715, "P29_001": "40213", "P29_002": "C140221300022", "P29_003": "16002", "P29_004": "行橋市立中京中学校", "P29_005": "福岡県行橋市大字天生田545", "city": "行橋市" }, "geometry": { "type": "Point", "coordinates": [ 130.954625518528218, 33.698877075850191 ] } },
{ "type": "Feature", "properties": { "fid": 716, "P29_001": "40213", "P29_002": "C140221300031", "P29_003": "16002", "P29_004": "行橋市立泉中学校", "P29_005": "福岡県行橋市西泉5-7-1", "city": "行橋市" }, "geometry": { "type": "Point", "coordinates": [ 130.974975174157095, 33.704687349416844 ] } },
{ "type": "Feature", "properties": { "fid": 717, "P29_001": "40213", "P29_002": "C140221300040", "P29_003": "16002", "P29_004": "行橋市立今元中学校", "P29_005": "福岡県行橋市今井896-1", "city": "行橋市" }, "geometry": { "type": "Point", "coordinates": [ 130.994650412325939, 33.723589216289177 ] } },
{ "type": "Feature", "properties": { "fid": 718, "P29_001": "40213", "P29_002": "C140221300059", "P29_003": "16002", "P29_004": "行橋市立仲津中学校", "P29_005": "福岡県行橋市大字稲童3104", "city": "行橋市" }, "geometry": { "type": "Point", "coordinates": [ 131.016836463852059, 33.697893411573716 ] } },
{ "type": "Feature", "properties": { "fid": 719, "P29_001": "40213", "P29_002": "C140221300068", "P29_003": "16002", "P29_004": "行橋市立長峡中学校", "P29_005": "福岡県行橋市大字延永6", "city": "行橋市" }, "geometry": { "type": "Point", "coordinates": [ 130.937541263033921, 33.733796815456607 ] } },
{ "type": "Feature", "properties": { "fid": 720, "P29_001": "40214", "P29_002": "C140221400012", "P29_003": "16002", "P29_004": "豊前市立八屋中学校", "P29_005": "福岡県豊前市赤熊1363-1", "city": "豊前市" }, "geometry": { "type": "Point", "coordinates": [ 131.129943740556769, 33.618513713900825 ] } },
{ "type": "Feature", "properties": { "fid": 721, "P29_001": "40214", "P29_002": "C140221400030", "P29_003": "16002", "P29_004": "豊前市立千束中学校", "P29_005": "福岡県豊前市吉木1122-1", "city": "豊前市" }, "geometry": { "type": "Point", "coordinates": [ 131.128317718870704, 33.604994118632455 ] } },
{ "type": "Feature", "properties": { "fid": 722, "P29_001": "40214", "P29_002": "C140221400049", "P29_003": "16002", "P29_004": "豊前市立合岩中学校", "P29_005": "福岡県豊前市大字下川底32", "city": "豊前市" }, "geometry": { "type": "Point", "coordinates": [ 131.091934827186407, 33.558416159379568 ] } },
{ "type": "Feature", "properties": { "fid": 723, "P29_001": "40215", "P29_002": "C140221500011", "P29_003": "16002", "P29_004": "中間市立中間中学校", "P29_005": "福岡県中間市大字垣生510", "city": "中間市" }, "geometry": { "type": "Point", "coordinates": [ 130.701147026018106, 33.815602721319074 ] } },
{ "type": "Feature", "properties": { "fid": 724, "P29_001": "40215", "P29_002": "C140221500020", "P29_003": "16002", "P29_004": "中間市立中間北中学校", "P29_005": "福岡県中間市岩瀬3-4-1", "city": "中間市" }, "geometry": { "type": "Point", "coordinates": [ 130.712034403519397, 33.832678966353001 ] } },
{ "type": "Feature", "properties": { "fid": 725, "P29_001": "40215", "P29_002": "C140221500039", "P29_003": "16002", "P29_004": "中間市立中間東中学校", "P29_005": "福岡県中間市扇ヶ浦3-21-1", "city": "中間市" }, "geometry": { "type": "Point", "coordinates": [ 130.725803064876459, 33.816108773989058 ] } },
{ "type": "Feature", "properties": { "fid": 726, "P29_001": "40215", "P29_002": "C140221500048", "P29_003": "16002", "P29_004": "中間市立中間南中学校", "P29_005": "福岡県中間市朝霧5-2-1", "city": "中間市" }, "geometry": { "type": "Point", "coordinates": [ 130.735357899414851, 33.81452101324092 ] } },
{ "type": "Feature", "properties": { "fid": 727, "P29_001": "40216", "P29_002": "C140221600010", "P29_003": "16002", "P29_004": "小郡市立宝城中学校", "P29_005": "福岡県小郡市八坂26-1", "city": "小郡市" }, "geometry": { "type": "Point", "coordinates": [ 130.559417055806563, 33.372264963263568 ] } },
{ "type": "Feature", "properties": { "fid": 728, "P29_001": "40216", "P29_002": "C140221600029", "P29_003": "16002", "P29_004": "小郡市立大原中学校", "P29_005": "福岡県小郡市小郡772", "city": "小郡市" }, "geometry": { "type": "Point", "coordinates": [ 130.549488573668555, 33.400128079183304 ] } },
{ "type": "Feature", "properties": { "fid": 729, "P29_001": "40216", "P29_002": "C140221600038", "P29_003": "16002", "P29_004": "小郡市立立石中学校", "P29_005": "福岡県小郡市吹上1045", "city": "小郡市" }, "geometry": { "type": "Point", "coordinates": [ 130.587985023775474, 33.413255545367129 ] } },
{ "type": "Feature", "properties": { "fid": 730, "P29_001": "40217", "P29_002": "C140221700019", "P29_003": "16002", "P29_004": "筑紫野市立二日市中学校", "P29_005": "福岡県筑紫野市紫1-6-1", "city": "筑紫野市" }, "geometry": { "type": "Point", "coordinates": [ 130.523770358575945, 33.498358234347222 ] } },
{ "type": "Feature", "properties": { "fid": 731, "P29_001": "40217", "P29_002": "C140221700028", "P29_003": "16002", "P29_004": "筑紫野市立筑山中学校", "P29_005": "福岡県筑紫野市下見585", "city": "筑紫野市" }, "geometry": { "type": "Point", "coordinates": [ 130.553667678763304, 33.464117089231266 ] } },
{ "type": "Feature", "properties": { "fid": 732, "P29_001": "40217", "P29_002": "C140221700037", "P29_003": "16002", "P29_004": "筑紫野市立筑紫野中学校", "P29_005": "福岡県筑紫野市針摺東4-6-1", "city": "筑紫野市" }, "geometry": { "type": "Point", "coordinates": [ 130.541228063972966, 33.485929621631435 ] } },
{ "type": "Feature", "properties": { "fid": 733, "P29_001": "40217", "P29_002": "C140221700046", "P29_003": "16002", "P29_004": "筑紫野市立天拝中学校", "P29_005": "福岡県筑紫野市大字立明寺458-1", "city": "筑紫野市" }, "geometry": { "type": "Point", "coordinates": [ 130.523642203110398, 33.48049556041088 ] } },
{ "type": "Feature", "properties": { "fid": 734, "P29_001": "40218", "P29_002": "C140221800027", "P29_003": "16002", "P29_004": "春日市立春日中学校", "P29_005": "福岡県春日市須玖南2-172", "city": "春日市" }, "geometry": { "type": "Point", "coordinates": [ 130.446936329375603, 33.534041658197118 ] } },
{ "type": "Feature", "properties": { "fid": 735, "P29_001": "40218", "P29_002": "C140221800036", "P29_003": "16002", "P29_004": "春日市立春日東中学校", "P29_005": "福岡県春日市若葉台東1-41", "city": "春日市" }, "geometry": { "type": "Point", "coordinates": [ 130.461406926417368, 33.528876778736297 ] } },
{ "type": "Feature", "properties": { "fid": 736, "P29_001": "40218", "P29_002": "C140221800045", "P29_003": "16002", "P29_004": "春日市立春日西中学校", "P29_005": "福岡県春日市一の谷5-49", "city": "春日市" }, "geometry": { "type": "Point", "coordinates": [ 130.446009341622641, 33.520947739148767 ] } },
{ "type": "Feature", "properties": { "fid": 737, "P29_001": "40218", "P29_002": "C140221800063", "P29_003": "16002", "P29_004": "春日市立春日北中学校", "P29_005": "福岡県春日市桜ヶ丘7-20", "city": "春日市" }, "geometry": { "type": "Point", "coordinates": [ 130.452233174434866, 33.547288023283613 ] } },
{ "type": "Feature", "properties": { "fid": 738, "P29_001": "40219", "P29_002": "C140221900017", "P29_003": "16002", "P29_004": "大野城市立大野中学校", "P29_005": "福岡県大野城市白木原3-11-1", "city": "大野城市" }, "geometry": { "type": "Point", "coordinates": [ 130.483637087117472, 33.529674970980189 ] } },
{ "type": "Feature", "properties": { "fid": 739, "P29_001": "40219", "P29_002": "C140221900026", "P29_003": "16002", "P29_004": "大野城市立大野東中学校", "P29_005": "福岡県大野城市乙金台2-5-1", "city": "大野城市" }, "geometry": { "type": "Point", "coordinates": [ 130.490268913742881, 33.543146561157897 ] } },
{ "type": "Feature", "properties": { "fid": 740, "P29_001": "40219", "P29_002": "C140221900035", "P29_003": "16002", "P29_004": "大野城市立大利中学校", "P29_005": "福岡県大野城市上大利1-6-1", "city": "大野城市" }, "geometry": { "type": "Point", "coordinates": [ 130.480073652341702, 33.52253580750682 ] } },
{ "type": "Feature", "properties": { "fid": 741, "P29_001": "40219", "P29_002": "C140221900044", "P29_003": "16002", "P29_004": "大野城市立平野中学校", "P29_005": "福岡県大野城市つつじヶ丘4-1-1", "city": "大野城市" }, "geometry": { "type": "Point", "coordinates": [ 130.477983269716958, 33.494410742344044 ] } },
{ "type": "Feature", "properties": { "fid": 742, "P29_001": "40219", "P29_002": "C140221900053", "P29_003": "16002", "P29_004": "大野城市立御陵中学校", "P29_005": "福岡県大野城市中1-20-1", "city": "大野城市" }, "geometry": { "type": "Point", "coordinates": [ 130.482935444515221, 33.554335961041069 ] } },
{ "type": "Feature", "properties": { "fid": 743, "P29_001": "40220", "P29_002": "C140222000014", "P29_003": "16002", "P29_004": "宗像市立城山中学校", "P29_005": "福岡県宗像市陵厳寺1-13-1", "city": "宗像市" }, "geometry": { "type": "Point", "coordinates": [ 130.588385313301217, 33.80736813114477 ] } },
{ "type": "Feature", "properties": { "fid": 744, "P29_001": "40220", "P29_002": "C140222000032", "P29_003": "16002", "P29_004": "宗像市立日の里中学校", "P29_005": "福岡県宗像市日の里8-8", "city": "宗像市" }, "geometry": { "type": "Point", "coordinates": [ 130.530341537192015, 33.789428599422308 ] } },
{ "type": "Feature", "properties": { "fid": 745, "P29_001": "40220", "P29_002": "C140222000041", "P29_003": "16002", "P29_004": "宗像市立自由ヶ丘中学校", "P29_005": "福岡県宗像市朝町1019-4", "city": "宗像市" }, "geometry": { "type": "Point", "coordinates": [ 130.579044499735375, 33.780801908915251 ] } },
{ "type": "Feature", "properties": { "fid": 746, "P29_001": "40220", "P29_002": "C140222000050", "P29_003": "16002", "P29_004": "宗像市立河東中学校", "P29_005": "福岡県宗像市城西ケ丘6-15-1", "city": "宗像市" }, "geometry": { "type": "Point", "coordinates": [ 130.555835523078969, 33.812137677389863 ] } },
{ "type": "Feature", "properties": { "fid": 747, "P29_001": "40220", "P29_002": "C140222000069", "P29_003": "16002", "P29_004": "宗像市立玄海中学校", "P29_005": "福岡県宗像市江口965", "city": "宗像市" }, "geometry": { "type": "Point", "coordinates": [ 130.509294296055572, 33.841532363904285 ] } },
{ "type": "Feature", "properties": { "fid": 748, "P29_001": "40220", "P29_002": "C140222000078", "P29_003": "16002", "P29_004": "福岡県立宗像中学校", "P29_005": "福岡県宗像市東郷6-7-1", "city": "宗像市" }, "geometry": { "type": "Point", "coordinates": [ 130.542026415201207, 33.802218605512053 ] } },
{ "type": "Feature", "properties": { "fid": 749, "P29_001": "40221", "P29_002": "C140222100013", "P29_003": "16002", "P29_004": "太宰府市立太宰府東中学校", "P29_005": "福岡県太宰府市高雄2-3964-1", "city": "太宰府市" }, "geometry": { "type": "Point", "coordinates": [ 130.540661173648061, 33.505570771801196 ] } },
{ "type": "Feature", "properties": { "fid": 750, "P29_001": "40221", "P29_002": "C140222100022", "P29_003": "16002", "P29_004": "太宰府市立学業院中学校", "P29_005": "福岡県太宰府市観世音寺3-11-1", "city": "太宰府市" }, "geometry": { "type": "Point", "coordinates": [ 130.509550220231745, 33.514352722761537 ] } },
{ "type": "Feature", "properties": { "fid": 751, "P29_001": "40221", "P29_002": "C140222100031", "P29_003": "16002", "P29_004": "太宰府市立太宰府中学校", "P29_005": "福岡県太宰府市五条4-9-1", "city": "太宰府市" }, "geometry": { "type": "Point", "coordinates": [ 130.528869954008684, 33.511410135991774 ] } },
{ "type": "Feature", "properties": { "fid": 752, "P29_001": "40221", "P29_002": "C140222100040", "P29_003": "16002", "P29_004": "太宰府市立太宰府西中学校", "P29_005": "福岡県太宰府市向佐野3-9-1", "city": "太宰府市" }, "geometry": { "type": "Point", "coordinates": [ 130.494368226320773, 33.50585645318499 ] } },
{ "type": "Feature", "properties": { "fid": 753, "P29_001": "40223", "P29_002": "C140222300011", "P29_003": "16002", "P29_004": "古賀市立古賀中学校", "P29_005": "福岡県古賀市久保107", "city": "古賀市" }, "geometry": { "type": "Point", "coordinates": [ 130.478250125735514, 33.731024768381381 ] } },
{ "type": "Feature", "properties": { "fid": 754, "P29_001": "40223", "P29_002": "C140222300020", "P29_003": "16002", "P29_004": "古賀市立古賀北中学校", "P29_005": "福岡県古賀市千鳥4-4-1", "city": "古賀市" }, "geometry": { "type": "Point", "coordinates": [ 130.477947886430513, 33.747405685490563 ] } },
{ "type": "Feature", "properties": { "fid": 755, "P29_001": "40224", "P29_002": "C140222400010", "P29_003": "16002", "P29_004": "福津市立福間中学校", "P29_005": "福岡県福津市花見が丘2-10-1", "city": "福津市" }, "geometry": { "type": "Point", "coordinates": [ 130.478076731194307, 33.758272105430876 ] } },
{ "type": "Feature", "properties": { "fid": 756, "P29_001": "40224", "P29_002": "C140222400038", "P29_003": "16002", "P29_004": "福津市立津屋崎中学校", "P29_005": "福岡県福津市津屋崎1-5-16", "city": "福津市" }, "geometry": { "type": "Point", "coordinates": [ 130.471922284167903, 33.785244998847489 ] } },
{ "type": "Feature", "properties": { "fid": 757, "P29_001": "40225", "P29_002": "C140222500019", "P29_003": "16002", "P29_004": "うきは市立浮羽中学校", "P29_005": "福岡県うきは市浮羽町東隈上344-1", "city": "うきは市" }, "geometry": { "type": "Point", "coordinates": [ 130.802162975959305, 33.336855755274989 ] } },
{ "type": "Feature", "properties": { "fid": 758, "P29_001": "40225", "P29_002": "C140222500028", "P29_003": "16002", "P29_004": "うきは市立吉井中学校", "P29_005": "福岡県うきは市吉井町福永58", "city": "うきは市" }, "geometry": { "type": "Point", "coordinates": [ 130.762434705313609, 33.346272880649188 ] } },
{ "type": "Feature", "properties": { "fid": 759, "P29_001": "40226", "P29_002": "C140222600027", "P29_003": "16002", "P29_004": "宮若市立宮若西中学校", "P29_005": "福岡県宮若市金丸417-1", "city": "宮若市" }, "geometry": { "type": "Point", "coordinates": [ 130.627907353614631, 33.732884658472138 ] } },
{ "type": "Feature", "properties": { "fid": 760, "P29_001": "40227", "P29_002": "C140222700017", "P29_003": "16002", "P29_004": "嘉麻市立山田中学校", "P29_005": "福岡県嘉麻市下山田2", "city": "嘉麻市" }, "geometry": { "type": "Point", "coordinates": [ 130.760111104684512, 33.56526568180162 ] } },
{ "type": "Feature", "properties": { "fid": 761, "P29_001": "40227", "P29_002": "C140222700035", "P29_003": "16002", "P29_004": "嘉麻市立嘉穂中学校", "P29_005": "福岡県嘉麻市上西郷376", "city": "嘉麻市" }, "geometry": { "type": "Point", "coordinates": [ 130.735806404821517, 33.543873572655677 ] } },
{ "type": "Feature", "properties": { "fid": 762, "P29_001": "40228", "P29_002": "C140222800016", "P29_003": "16002", "P29_004": "朝倉市立十文字中学校", "P29_005": "福岡県朝倉市三奈木3710", "city": "朝倉市" }, "geometry": { "type": "Point", "coordinates": [ 130.70091907026935, 33.406872956862706 ] } },
{ "type": "Feature", "properties": { "fid": 763, "P29_001": "40228", "P29_002": "C140222800025", "P29_003": "16002", "P29_004": "朝倉市立南陵中学校", "P29_005": "福岡県朝倉市平塚1519", "city": "朝倉市" }, "geometry": { "type": "Point", "coordinates": [ 130.655681517822899, 33.391044989019555 ] } },
{ "type": "Feature", "properties": { "fid": 764, "P29_001": "40228", "P29_002": "C140222800043", "P29_003": "16002", "P29_004": "朝倉市立甘木中学校", "P29_005": "福岡県朝倉市堤1430-1", "city": "朝倉市" }, "geometry": { "type": "Point", "coordinates": [ 130.668993334270994, 33.425477338660897 ] } },
{ "type": "Feature", "properties": { "fid": 765, "P29_001": "40228", "P29_002": "C140222800052", "P29_003": "16002", "P29_004": "朝倉市立杷木中学校", "P29_005": "福岡県朝倉市杷木池田822-1", "city": "朝倉市" }, "geometry": { "type": "Point", "coordinates": [ 130.810032725402607, 33.365340212108862 ] } },
{ "type": "Feature", "properties": { "fid": 766, "P29_001": "40228", "P29_002": "C140222800061", "P29_003": "16002", "P29_004": "朝倉市立比良松中学校", "P29_005": "福岡県朝倉市宮野2030", "city": "朝倉市" }, "geometry": { "type": "Point", "coordinates": [ 130.722337715303382, 33.384547980142329 ] } },
{ "type": "Feature", "properties": { "fid": 767, "P29_001": "40229", "P29_002": "C140222900015", "P29_003": "16002", "P29_004": "みやま市立山川中学校", "P29_005": "福岡県みやま市山川町尾野1690", "city": "みやま市" }, "geometry": { "type": "Point", "coordinates": [ 130.515540118458432, 33.123820368468927 ] } },
{ "type": "Feature", "properties": { "fid": 768, "P29_001": "40229", "P29_002": "C140222900024", "P29_003": "16002", "P29_004": "みやま市立瀬高中学校", "P29_005": "福岡県みやま市瀬高町下庄1885", "city": "みやま市" }, "geometry": { "type": "Point", "coordinates": [ 130.478927864249385, 33.154168137749764 ] } },
{ "type": "Feature", "properties": { "fid": 769, "P29_001": "40229", "P29_002": "C140222900042", "P29_003": "16002", "P29_004": "みやま市立高田中学校", "P29_005": "福岡県みやま市高田町岩津326", "city": "みやま市" }, "geometry": { "type": "Point", "coordinates": [ 130.468159346655824, 33.113861331447161 ] } },
{ "type": "Feature", "properties": { "fid": 770, "P29_001": "40230", "P29_002": "C140223000012", "P29_003": "16002", "P29_004": "糸島市立前原中学校", "P29_005": "福岡県糸島市篠原西2-2-1", "city": "糸島市" }, "geometry": { "type": "Point", "coordinates": [ 130.20761074967686, 33.551346806411942 ] } },
{ "type": "Feature", "properties": { "fid": 771, "P29_001": "40230", "P29_002": "C140223000030", "P29_003": "16002", "P29_004": "糸島市立前原西中学校", "P29_005": "福岡県糸島市荻浦3-4-1", "city": "糸島市" }, "geometry": { "type": "Point", "coordinates": [ 130.189032094332902, 33.554642551759891 ] } },
{ "type": "Feature", "properties": { "fid": 772, "P29_001": "40230", "P29_002": "C140223000058", "P29_003": "16002", "P29_004": "糸島市立福吉中学校", "P29_005": "福岡県糸島市二丈福井5918-1", "city": "糸島市" }, "geometry": { "type": "Point", "coordinates": [ 130.085243911024179, 33.501612186417148 ] } },
{ "type": "Feature", "properties": { "fid": 773, "P29_001": "40230", "P29_002": "C140223000067", "P29_003": "16002", "P29_004": "糸島市立志摩中学校", "P29_005": "福岡県糸島市志摩小金丸1836-1", "city": "糸島市" }, "geometry": { "type": "Point", "coordinates": [ 130.145203860193135, 33.590567456308918 ] } },
{ "type": "Feature", "properties": { "fid": 774, "P29_001": "40231", "P29_002": "C140223100011", "P29_003": "16002", "P29_004": "那珂川中学校", "P29_005": "福岡県那珂川市仲3-19-1", "city": "那珂川市" }, "geometry": { "type": "Point", "coordinates": [ 130.424063534046013, 33.508283577387509 ] } },
{ "type": "Feature", "properties": { "fid": 775, "P29_001": "40231", "P29_002": "C140223100020", "P29_003": "16002", "P29_004": "那珂川中学校後野分校", "P29_005": "福岡県那珂川市後野279-2", "city": "那珂川市" }, "geometry": { "type": "Point", "coordinates": [ 130.415331432721814, 33.511948492562233 ] } },
{ "type": "Feature", "properties": { "fid": 776, "P29_001": "40231", "P29_002": "C140223100039", "P29_003": "16002", "P29_004": "那珂川南中学校", "P29_005": "福岡県那珂川市上梶原1-2-1", "city": "那珂川市" }, "geometry": { "type": "Point", "coordinates": [ 130.433799099923419, 33.494767987226666 ] } },
{ "type": "Feature", "properties": { "fid": 777, "P29_001": "40231", "P29_002": "C140223100048", "P29_003": "16002", "P29_004": "那珂川北中学校", "P29_005": "福岡県那珂川市片縄西3-26-1", "city": "那珂川市" }, "geometry": { "type": "Point", "coordinates": [ 130.411739510785651, 33.512496330106394 ] } },
{ "type": "Feature", "properties": { "fid": 778, "P29_001": "40341", "P29_002": "C140234100018", "P29_003": "16002", "P29_004": "宇美町立宇美中学校", "P29_005": "福岡県糟屋郡宇美町宇美5-4-1", "city": "宇美町" }, "geometry": { "type": "Point", "coordinates": [ 130.511371889989107, 33.565642617984309 ] } },
{ "type": "Feature", "properties": { "fid": 779, "P29_001": "40341", "P29_002": "C140234100027", "P29_003": "16002", "P29_004": "宇美町立宇美東中学校", "P29_005": "福岡県糟屋郡宇美町若草2-1-1", "city": "宇美町" }, "geometry": { "type": "Point", "coordinates": [ 130.524924398018726, 33.568023952796565 ] } },
{ "type": "Feature", "properties": { "fid": 780, "P29_001": "40341", "P29_002": "C140234100036", "P29_003": "16002", "P29_004": "宇美町立宇美南中学校", "P29_005": "福岡県糟屋郡宇美町ゆりが丘1-1-1", "city": "宇美町" }, "geometry": { "type": "Point", "coordinates": [ 130.526796862386249, 33.557916276280288 ] } },
{ "type": "Feature", "properties": { "fid": 781, "P29_001": "40342", "P29_002": "C140234200017", "P29_003": "16002", "P29_004": "篠栗町立篠栗中学校", "P29_005": "福岡県糟屋郡篠栗町大字篠栗4727", "city": "篠栗町" }, "geometry": { "type": "Point", "coordinates": [ 130.529184456339692, 33.622668139285551 ] } },
{ "type": "Feature", "properties": { "fid": 782, "P29_001": "40342", "P29_002": "C140234200026", "P29_003": "16002", "P29_004": "篠栗町立篠栗北中学校", "P29_005": "福岡県糟屋郡篠栗町大字津波黒498", "city": "篠栗町" }, "geometry": { "type": "Point", "coordinates": [ 130.513776240520116, 33.630874368581523 ] } },
{ "type": "Feature", "properties": { "fid": 783, "P29_001": "40343", "P29_002": "C140234300016", "P29_003": "16002", "P29_004": "志免町立志免中学校", "P29_005": "福岡県糟屋郡志免町片峰4-3-1", "city": "志免町" }, "geometry": { "type": "Point", "coordinates": [ 130.473159737231015, 33.589317250248833 ] } },
{ "type": "Feature", "properties": { "fid": 784, "P29_001": "40343", "P29_002": "C140234300025", "P29_003": "16002", "P29_004": "志免町立志免東中学校", "P29_005": "福岡県糟屋郡志免町志免東4-4-1", "city": "志免町" }, "geometry": { "type": "Point", "coordinates": [ 130.494293089746776, 33.58229962887674 ] } },
{ "type": "Feature", "properties": { "fid": 785, "P29_001": "40344", "P29_002": "C140234400015", "P29_003": "16002", "P29_004": "須恵町立須恵中学校", "P29_005": "福岡県糟屋郡須恵町大字上須恵1167-1", "city": "須恵町" }, "geometry": { "type": "Point", "coordinates": [ 130.510972610813923, 33.586028654336971 ] } },
{ "type": "Feature", "properties": { "fid": 786, "P29_001": "40344", "P29_002": "C140234400024", "P29_003": "16002", "P29_004": "須恵町立須恵東中学校", "P29_005": "福岡県糟屋郡須恵町大字植木1-20", "city": "須恵町" }, "geometry": { "type": "Point", "coordinates": [ 130.511364666985259, 33.602224837105908 ] } },
{ "type": "Feature", "properties": { "fid": 787, "P29_001": "40345", "P29_002": "C140234500014", "P29_003": "16002", "P29_004": "新宮町立新宮中学校", "P29_005": "福岡県糟屋郡新宮町下府2-1-1", "city": "新宮町" }, "geometry": { "type": "Point", "coordinates": [ 130.444193791986436, 33.710322091957629 ] } },
{ "type": "Feature", "properties": { "fid": 788, "P29_001": "40345", "P29_002": "C140234500023", "P29_003": "16002", "P29_004": "新宮町立新宮中学校相島分校", "P29_005": "福岡県糟屋郡新宮町相島735", "city": "新宮町" }, "geometry": { "type": "Point", "coordinates": [ 130.367349339830099, 33.761672383321105 ] } },
{ "type": "Feature", "properties": { "fid": 789, "P29_001": "40345", "P29_002": "C140234500032", "P29_003": "16002", "P29_004": "新宮東中学校", "P29_005": "福岡県糟屋郡新宮町大字三代1028", "city": "新宮町" }, "geometry": { "type": "Point", "coordinates": [ 130.456281306080655, 33.701654250333092 ] } },
{ "type": "Feature", "properties": { "fid": 790, "P29_001": "40348", "P29_002": "C140234800011", "P29_003": "16002", "P29_004": "久山町立久山中学校", "P29_005": "福岡県糟屋郡久山町大字久原3553-3", "city": "久山町" }, "geometry": { "type": "Point", "coordinates": [ 130.499868123991632, 33.652567805993037 ] } },
{ "type": "Feature", "properties": { "fid": 791, "P29_001": "40349", "P29_002": "C140234900010", "P29_003": "16002", "P29_004": "粕屋町立粕屋中学校", "P29_005": "福岡県糟屋郡粕屋町仲原1707", "city": "粕屋町" }, "geometry": { "type": "Point", "coordinates": [ 130.467178215068884, 33.602884076226069 ] } },
{ "type": "Feature", "properties": { "fid": 792, "P29_001": "40349", "P29_002": "C140234900029", "P29_003": "16002", "P29_004": "粕屋町立粕屋東中学校", "P29_005": "福岡県糟屋郡粕屋町大字江辻430", "city": "粕屋町" }, "geometry": { "type": "Point", "coordinates": [ 130.478628592827334, 33.623311186854281 ] } },
{ "type": "Feature", "properties": { "fid": 793, "P29_001": "40381", "P29_002": "C140238100019", "P29_003": "16002", "P29_004": "芦屋町立芦屋中学校", "P29_005": "福岡県遠賀郡芦屋町中ノ浜10-74", "city": "芦屋町" }, "geometry": { "type": "Point", "coordinates": [ 130.665849049650802, 33.892356706182348 ] } },
{ "type": "Feature", "properties": { "fid": 794, "P29_001": "40382", "P29_002": "C140238200018", "P29_003": "16002", "P29_004": "水巻町立水巻中学校", "P29_005": "福岡県遠賀郡水巻町中央17-1", "city": "水巻町" }, "geometry": { "type": "Point", "coordinates": [ 130.694006648944082, 33.864273284500868 ] } },
{ "type": "Feature", "properties": { "fid": 795, "P29_001": "40382", "P29_002": "C140238200027", "P29_003": "16002", "P29_004": "水巻町立水巻南中学校", "P29_005": "福岡県遠賀郡水巻町下二東3-14-1", "city": "水巻町" }, "geometry": { "type": "Point", "coordinates": [ 130.699125122410521, 33.843861825383946 ] } },
{ "type": "Feature", "properties": { "fid": 796, "P29_001": "40383", "P29_002": "C140238300017", "P29_003": "16002", "P29_004": "岡垣町立岡垣中学校", "P29_005": "福岡県遠賀郡岡垣町野間3-1-1", "city": "岡垣町" }, "geometry": { "type": "Point", "coordinates": [ 130.612522632527572, 33.854651086968488 ] } },
{ "type": "Feature", "properties": { "fid": 797, "P29_001": "40383", "P29_002": "C140238300026", "P29_003": "16002", "P29_004": "岡垣町立岡垣東中学校", "P29_005": "福岡県遠賀郡岡垣町山田峠2-5-1", "city": "岡垣町" }, "geometry": { "type": "Point", "coordinates": [ 130.635514580526603, 33.852791046499206 ] } },
{ "type": "Feature", "properties": { "fid": 798, "P29_001": "40421", "P29_002": "C140242100011", "P29_003": "16002", "P29_004": "桂川町立桂川中学校", "P29_005": "福岡県嘉穂郡桂川町土居524", "city": "桂川町" }, "geometry": { "type": "Point", "coordinates": [ 130.67644914645706, 33.57870968889339 ] } },
{ "type": "Feature", "properties": { "fid": 799, "P29_001": "40447", "P29_002": "C140244700011", "P29_003": "16002", "P29_004": "筑前町立三輪中学校", "P29_005": "福岡県朝倉郡筑前町久光1600", "city": "筑前町" }, "geometry": { "type": "Point", "coordinates": [ 130.627830536716573, 33.436912691296726 ] } },
{ "type": "Feature", "properties": { "fid": 800, "P29_001": "40448", "P29_002": "C140244800010", "P29_003": "16002", "P29_004": "東峰村立東峰中学校", "P29_005": "福岡県朝倉郡東峰村福井2296-4", "city": "東峰村" }, "geometry": { "type": "Point", "coordinates": [ 130.866459797448044, 33.398640395871141 ] } },
{ "type": "Feature", "properties": { "fid": 801, "P29_001": "40503", "P29_002": "C140250300012", "P29_003": "16002", "P29_004": "大刀洗町立大刀洗中学校", "P29_005": "福岡県三井郡大刀洗町本郷515", "city": "大刀洗町" }, "geometry": { "type": "Point", "coordinates": [ 130.616855428004641, 33.378646978603953 ] } },
{ "type": "Feature", "properties": { "fid": 802, "P29_001": "40522", "P29_002": "C140252200019", "P29_003": "16002", "P29_004": "大木町立大木中学校", "P29_005": "福岡県三潴郡大木町上八院1234", "city": "大木町" }, "geometry": { "type": "Point", "coordinates": [ 130.436642764867798, 33.214299897361464 ] } },
{ "type": "Feature", "properties": { "fid": 803, "P29_001": "40602", "P29_002": "C140260200012", "P29_003": "16002", "P29_004": "添田町立添田中学校", "P29_005": "福岡県田川郡添田町大字添田1605", "city": "添田町" }, "geometry": { "type": "Point", "coordinates": [ 130.861469603644338, 33.569996683036614 ] } },
{ "type": "Feature", "properties": { "fid": 804, "P29_001": "40604", "P29_002": "C140260400010", "P29_003": "16002", "P29_004": "糸田町立糸田中学校", "P29_005": "福岡県田川郡糸田町3349", "city": "糸田町" }, "geometry": { "type": "Point", "coordinates": [ 130.782068538015068, 33.653748337205926 ] } },
{ "type": "Feature", "properties": { "fid": 805, "P29_001": "40608", "P29_002": "C140260800016", "P29_003": "16002", "P29_004": "大任町立大任中学校", "P29_005": "福岡県田川郡大任町大字今任原30", "city": "大任町" }, "geometry": { "type": "Point", "coordinates": [ 130.85860352197821, 33.612087151970726 ] } },
{ "type": "Feature", "properties": { "fid": 806, "P29_001": "40609", "P29_002": "C140260900015", "P29_003": "16002", "P29_004": "赤村立赤中学校", "P29_005": "福岡県田川郡赤村大字赤4577", "city": "赤村" }, "geometry": { "type": "Point", "coordinates": [ 130.875088983841806, 33.612037032185675 ] } },
{ "type": "Feature", "properties": { "fid": 807, "P29_001": "40610", "P29_002": "C140261000012", "P29_003": "16002", "P29_004": "福智町立赤池中学校", "P29_005": "福岡県田川郡福智町市場336", "city": "福智町" }, "geometry": { "type": "Point", "coordinates": [ 130.764325255579308, 33.703969903066593 ] } },
{ "type": "Feature", "properties": { "fid": 808, "P29_001": "40610", "P29_002": "C140261000021", "P29_003": "16002", "P29_004": "福智町立方城中学校", "P29_005": "福岡県田川郡福智町伊方3862", "city": "福智町" }, "geometry": { "type": "Point", "coordinates": [ 130.79415514043157, 33.680358758290964 ] } },
{ "type": "Feature", "properties": { "fid": 809, "P29_001": "40621", "P29_002": "C140262100028", "P29_003": "16002", "P29_004": "苅田町立新津中学校", "P29_005": "福岡県京都郡苅田町新津1-6-1", "city": "苅田町" }, "geometry": { "type": "Point", "coordinates": [ 130.976152977907873, 33.754028943891271 ] } },
{ "type": "Feature", "properties": { "fid": 810, "P29_001": "40625", "P29_002": "C140262500015", "P29_003": "16002", "P29_004": "みやこ町立勝山中学校", "P29_005": "福岡県京都郡みやこ町勝山黒田1177", "city": "みやこ町" }, "geometry": { "type": "Point", "coordinates": [ 130.917320325637917, 33.701370472863999 ] } },
{ "type": "Feature", "properties": { "fid": 811, "P29_001": "40625", "P29_002": "C140262500024", "P29_003": "16002", "P29_004": "みやこ町立豊津中学校", "P29_005": "福岡県京都郡みやこ町豊津429-2", "city": "みやこ町" }, "geometry": { "type": "Point", "coordinates": [ 130.973178443070225, 33.682992505572642 ] } },
{ "type": "Feature", "properties": { "fid": 812, "P29_001": "40625", "P29_002": "C140262500033", "P29_003": "16002", "P29_004": "みやこ町立犀川中学校", "P29_005": "福岡県京都郡みやこ町犀川本庄763", "city": "みやこ町" }, "geometry": { "type": "Point", "coordinates": [ 130.943200995158577, 33.646236356282905 ] } },
{ "type": "Feature", "properties": { "fid": 813, "P29_001": "40625", "P29_002": "C140262500042", "P29_003": "16002", "P29_004": "みやこ町立伊良原中学校", "P29_005": "福岡県京都郡みやこ町犀川上伊良原178-2", "city": "みやこ町" }, "geometry": { "type": "Point", "coordinates": [ 130.953186647978583, 33.562969332119543 ] } },
{ "type": "Feature", "properties": { "fid": 814, "P29_001": "40646", "P29_002": "C140264600010", "P29_003": "16002", "P29_004": "上毛町立上毛中学校", "P29_005": "福岡県築上郡上毛町下唐原2141-1", "city": "上毛町" }, "geometry": { "type": "Point", "coordinates": [ 131.164689275746355, 33.569471526331313 ] } },
{ "type": "Feature", "properties": { "fid": 815, "P29_001": "40647", "P29_002": "C140264700019", "P29_003": "16002", "P29_004": "築上町立築城中学校", "P29_005": "福岡県築上郡築上町大字築城388", "city": "築上町" }, "geometry": { "type": "Point", "coordinates": [ 131.037845790386086, 33.667450110598125 ] } },
{ "type": "Feature", "properties": { "fid": 816, "P29_001": "40105", "P29_002": "C140310000026", "P29_003": "16002", "P29_004": "明治学園中学校", "P29_005": "福岡県北九州市戸畑区仙水町5-1", "city": "北九州市戸畑区" }, "geometry": { "type": "Point", "coordinates": [ 130.839429328264202, 33.888873293931027 ] } },
{ "type": "Feature", "properties": { "fid": 817, "P29_001": "40106", "P29_002": "C140310000035", "P29_003": "16002", "P29_004": "西南女学院中学校", "P29_005": "福岡県北九州市小倉北区上到津1-10-1", "city": "北九州市小倉北区" }, "geometry": { "type": "Point", "coordinates": [ 130.851741069143486, 33.879893526258797 ] } },
{ "type": "Feature", "properties": { "fid": 818, "P29_001": "40106", "P29_002": "C140310000044", "P29_003": "16002", "P29_004": "照曜館中学校", "P29_005": "福岡県北九州市小倉北区清水4-10-1", "city": "北九州市小倉北区" }, "geometry": { "type": "Point", "coordinates": [ 130.85794424378966, 33.870890632280869 ] } },
{ "type": "Feature", "properties": { "fid": 819, "P29_001": "40107", "P29_002": "C140310000062", "P29_003": "16002", "P29_004": "北九州子どもの村中学校", "P29_005": "福岡県北九州市小倉南区平尾台2-5-24", "city": "北九州市小倉南区" }, "geometry": { "type": "Point", "coordinates": [ 130.895708183413859, 33.757618186560947 ] } },
{ "type": "Feature", "properties": { "fid": 820, "P29_001": "40108", "P29_002": "C140310000071", "P29_003": "16002", "P29_004": "九州国際大学付属中学校", "P29_005": "福岡県北九州市八幡東区枝光5-9-1", "city": "北九州市八幡東区" }, "geometry": { "type": "Point", "coordinates": [ 130.820782615475139, 33.881191999492017 ] } },
{ "type": "Feature", "properties": { "fid": 821, "P29_001": "40109", "P29_002": "C140310000080", "P29_003": "16002", "P29_004": "折尾愛真中学校", "P29_005": "福岡県北九州市八幡西区堀川町12-10", "city": "北九州市八幡西区" }, "geometry": { "type": "Point", "coordinates": [ 130.711150484427804, 33.860364212141064 ] } },
{ "type": "Feature", "properties": { "fid": 822, "P29_001": "40131", "P29_002": "C140313000011", "P29_003": "16002", "P29_004": "博多女子中学校", "P29_005": "福岡県福岡市東区馬出1-12-65", "city": "福岡市東区" }, "geometry": { "type": "Point", "coordinates": [ 130.421705077775613, 33.608443880546382 ] } },
{ "type": "Feature", "properties": { "fid": 823, "P29_001": "40132", "P29_002": "C140313000039", "P29_003": "16002", "P29_004": "東福岡自彊館中学校", "P29_005": "福岡県福岡市博多区東比恵2-24-1", "city": "福岡市博多区" }, "geometry": { "type": "Point", "coordinates": [ 130.430799258325749, 33.594349929906841 ] } },
{ "type": "Feature", "properties": { "fid": 824, "P29_001": "40133", "P29_002": "C140313000066", "P29_003": "16002", "P29_004": "上智福岡中学校", "P29_005": "福岡県福岡市中央区輝国1-10-10", "city": "福岡市中央区" }, "geometry": { "type": "Point", "coordinates": [ 130.386441844129138, 33.571802062305075 ] } },
{ "type": "Feature", "properties": { "fid": 825, "P29_001": "40134", "P29_002": "C140313000084", "P29_003": "16002", "P29_004": "福岡女学院中学校", "P29_005": "福岡県福岡市南区曰佐3-42-1", "city": "福岡市南区" }, "geometry": { "type": "Point", "coordinates": [ 130.441273903202813, 33.534335169995011 ] } },
{ "type": "Feature", "properties": { "fid": 826, "P29_001": "40135", "P29_002": "C140313000100", "P29_003": "16002", "P29_004": "福岡舞鶴誠和中学校", "P29_005": "福岡県福岡市西区北原2-17-42", "city": "福岡市西区" }, "geometry": { "type": "Point", "coordinates": [ 130.2575174072322, 33.582505531823514 ] } },
{ "type": "Feature", "properties": { "fid": 827, "P29_001": "40136", "P29_002": "C140313000119", "P29_003": "16002", "P29_004": "中村学園女子中学校", "P29_005": "福岡県福岡市城南区鳥飼7-10-38", "city": "福岡市城南区" }, "geometry": { "type": "Point", "coordinates": [ 130.364972183863301, 33.576146738853687 ] } },
{ "type": "Feature", "properties": { "fid": 828, "P29_001": "40137", "P29_002": "C140313000128", "P29_003": "16002", "P29_004": "西南学院中学校", "P29_005": "福岡県福岡市早良区百道浜1-1-1", "city": "福岡市早良区" }, "geometry": { "type": "Point", "coordinates": [ 130.358759706315738, 33.589609674071632 ] } },
{ "type": "Feature", "properties": { "fid": 829, "P29_001": "40202", "P29_002": "C140320200014", "P29_003": "16002", "P29_004": "明光学園中学校", "P29_005": "福岡県大牟田市倉永170", "city": "大牟田市" }, "geometry": { "type": "Point", "coordinates": [ 130.465690123803142, 33.074359842611656 ] } },
{ "type": "Feature", "properties": { "fid": 830, "P29_001": "40202", "P29_002": "C140320200023", "P29_003": "16002", "P29_004": "大牟田中学校", "P29_005": "福岡県大牟田市大字田隈436-1", "city": "大牟田市" }, "geometry": { "type": "Point", "coordinates": [ 130.469201475970635, 33.053308834192009 ] } },
{ "type": "Feature", "properties": { "fid": 831, "P29_001": "40203", "P29_002": "C140320300022", "P29_003": "16002", "P29_004": "久留米信愛中学校", "P29_005": "福岡県久留米市御井町2278-1", "city": "久留米市" }, "geometry": { "type": "Point", "coordinates": [ 130.551081358885568, 33.297434026982323 ] } },
{ "type": "Feature", "properties": { "fid": 832, "P29_001": "40210", "P29_002": "C240221000015", "P29_003": "16014", "P29_004": "八女市立上陽北ぜい学園", "P29_005": "福岡県八女市上陽町北川内910", "city": "八女市" }, "geometry": { "type": "Point", "coordinates": [ 130.646051620005153, 33.238280774086292 ] } },
{ "type": "Feature", "properties": { "fid": 833, "P29_001": "40210", "P29_002": "C240221000024", "P29_003": "16014", "P29_004": "矢部清流学園", "P29_005": "福岡県八女市矢部村北矢部11047-2", "city": "八女市" }, "geometry": { "type": "Point", "coordinates": [ 130.816014373661545, 33.153929199778823 ] } },
{ "type": "Feature", "properties": { "fid": 834, "P29_001": "40220", "P29_002": "C240222000013", "P29_003": "16014", "P29_004": "宗像市立大島学園", "P29_005": "福岡県宗像市大島1163-1", "city": "宗像市" }, "geometry": { "type": "Point", "coordinates": [ 130.432828111220971, 33.902490504174757 ] } },
{ "type": "Feature", "properties": { "fid": 835, "P29_001": "40601", "P29_002": "C240260100012", "P29_003": "16014", "P29_004": "香春思永館", "P29_005": "福岡県田川郡香春町大字高野1431", "city": "香春町" }, "geometry": { "type": "Point", "coordinates": [ 130.852503447373749, 33.663694203222896 ] } },
{ "type": "Feature", "properties": { "fid": 836, "P29_001": "40610", "P29_002": "C240261000011", "P29_003": "16014", "P29_004": "金田義務教育学校", "P29_005": "福岡県田川郡福智町金田1283", "city": "福智町" }, "geometry": { "type": "Point", "coordinates": [ 130.772278075475697, 33.684080714506841 ] } },
{ "type": "Feature", "properties": { "fid": 837, "P29_001": "40101", "P29_002": "D140210000017", "P29_003": "16004", "P29_004": "福岡県立門司大翔館高等学校", "P29_005": "福岡県北九州市門司区藤松2-7-1", "city": "北九州市門司区" }, "geometry": { "type": "Point", "coordinates": [ 130.92595915333564, 33.885065328179223 ] } },
{ "type": "Feature", "properties": { "fid": 838, "P29_001": "40105", "P29_002": "D140210000053", "P29_003": "16004", "P29_004": "福岡県立戸畑高等学校", "P29_005": "福岡県北九州市戸畑区夜宮3-1-1", "city": "北九州市戸畑区" }, "geometry": { "type": "Point", "coordinates": [ 130.83393147447768, 33.885176968138929 ] } },
{ "type": "Feature", "properties": { "fid": 839, "P29_001": "40105", "P29_002": "D140210000062", "P29_003": "16004", "P29_004": "福岡県立ひびき高等学校", "P29_005": "福岡県北九州市戸畑区天籟寺1-2-1", "city": "北九州市戸畑区" }, "geometry": { "type": "Point", "coordinates": [ 130.832240763110406, 33.890125652235533 ] } },
{ "type": "Feature", "properties": { "fid": 840, "P29_001": "40105", "P29_002": "D140210000080", "P29_003": "16004", "P29_004": "北九州市立高等学校", "P29_005": "福岡県北九州市戸畑区浅生1-10-1", "city": "北九州市戸畑区" }, "geometry": { "type": "Point", "coordinates": [ 130.827544424780768, 33.89117698721369 ] } },
{ "type": "Feature", "properties": { "fid": 841, "P29_001": "40106", "P29_002": "D140210000099", "P29_003": "16004", "P29_004": "福岡県立小倉高等学校", "P29_005": "福岡県北九州市小倉北区愛宕2-8-1", "city": "北九州市小倉北区" }, "geometry": { "type": "Point", "coordinates": [ 130.863183775894043, 33.886731221053189 ] } },
{ "type": "Feature", "properties": { "fid": 842, "P29_001": "40106", "P29_002": "D140210000106", "P29_003": "16004", "P29_004": "福岡県立小倉工業高等学校", "P29_005": "福岡県北九州市小倉北区白萩町6-1", "city": "北九州市小倉北区" }, "geometry": { "type": "Point", "coordinates": [ 130.855275237023989, 33.883516742559621 ] } },
{ "type": "Feature", "properties": { "fid": 843, "P29_001": "40106", "P29_002": "D140210000115", "P29_003": "16004", "P29_004": "福岡県立小倉西高等学校", "P29_005": "福岡県北九州市小倉北区下到津5-7-1", "city": "北九州市小倉北区" }, "geometry": { "type": "Point", "coordinates": [ 130.856677469032604, 33.875043391719018 ] } },
{ "type": "Feature", "properties": { "fid": 844, "P29_001": "40107", "P29_002": "D140210000124", "P29_003": "16004", "P29_004": "福岡県立小倉南高等学校", "P29_005": "福岡県北九州市小倉南区富士見1-9-1", "city": "北九州市小倉南区" }, "geometry": { "type": "Point", "coordinates": [ 130.882234155398834, 33.857163274286755 ] } },
{ "type": "Feature", "properties": { "fid": 845, "P29_001": "40107", "P29_002": "D140210000133", "P29_003": "16004", "P29_004": "福岡県立小倉商業高等学校", "P29_005": "福岡県北九州市小倉南区富士見3-5-1", "city": "北九州市小倉南区" }, "geometry": { "type": "Point", "coordinates": [ 130.8787537218723, 33.860468190406984 ] } },
{ "type": "Feature", "properties": { "fid": 846, "P29_001": "40107", "P29_002": "D140210000142", "P29_003": "16004", "P29_004": "福岡県立北九州高等学校", "P29_005": "福岡県北九州市小倉南区若園5-1-1", "city": "北九州市小倉南区" }, "geometry": { "type": "Point", "coordinates": [ 130.882872317741203, 33.847087909891769 ] } },
{ "type": "Feature", "properties": { "fid": 847, "P29_001": "40107", "P29_002": "D140210000151", "P29_003": "16004", "P29_004": "福岡県立小倉東高等学校", "P29_005": "福岡県北九州市小倉南区田原5-2-1", "city": "北九州市小倉南区" }, "geometry": { "type": "Point", "coordinates": [ 130.931091503695029, 33.821556789279903 ] } },
{ "type": "Feature", "properties": { "fid": 848, "P29_001": "40108", "P29_002": "D140210000160", "P29_003": "16004", "P29_004": "福岡県立八幡高等学校", "P29_005": "福岡県北九州市八幡東区清田3-1-1", "city": "北九州市八幡東区" }, "geometry": { "type": "Point", "coordinates": [ 130.84043196999275, 33.857950511945759 ] } },
{ "type": "Feature", "properties": { "fid": 849, "P29_001": "40109", "P29_002": "D140210000179", "P29_003": "16004", "P29_004": "福岡県立八幡中央高等学校", "P29_005": "福岡県北九州市八幡西区元城町1-1", "city": "北九州市八幡西区" }, "geometry": { "type": "Point", "coordinates": [ 130.78531328782779, 33.855296250578284 ] } },
{ "type": "Feature", "properties": { "fid": 850, "P29_001": "40109", "P29_002": "D140210000188", "P29_003": "16004", "P29_004": "福岡県立八幡工業高等学校", "P29_005": "福岡県北九州市八幡西区別所町1-1", "city": "北九州市八幡西区" }, "geometry": { "type": "Point", "coordinates": [ 130.760143983293716, 33.845937793537509 ] } },
{ "type": "Feature", "properties": { "fid": 851, "P29_001": "40109", "P29_002": "D140210000197", "P29_003": "16004", "P29_004": "福岡県立八幡南高等学校", "P29_005": "福岡県北九州市八幡西区的場町6-1", "city": "北九州市八幡西区" }, "geometry": { "type": "Point", "coordinates": [ 130.744311967584935, 33.840684124777681 ] } },
{ "type": "Feature", "properties": { "fid": 852, "P29_001": "40109", "P29_002": "D140210000204", "P29_003": "16004", "P29_004": "福岡県立東筑高等学校", "P29_005": "福岡県北九州市八幡西区東筑1-1-1", "city": "北九州市八幡西区" }, "geometry": { "type": "Point", "coordinates": [ 130.715293122530056, 33.859448237703042 ] } },
{ "type": "Feature", "properties": { "fid": 853, "P29_001": "40109", "P29_002": "D140210000213", "P29_003": "16004", "P29_004": "福岡県立折尾高等学校", "P29_005": "福岡県北九州市八幡西区大膳2-23-1", "city": "北九州市八幡西区" }, "geometry": { "type": "Point", "coordinates": [ 130.707814743047095, 33.853182999054837 ] } },
{ "type": "Feature", "properties": { "fid": 854, "P29_001": "40109", "P29_002": "D140210000222", "P29_003": "16004", "P29_004": "福岡県立北筑高等学校", "P29_005": "福岡県北九州市八幡西区北筑1-1-1", "city": "北九州市八幡西区" }, "geometry": { "type": "Point", "coordinates": [ 130.734443828183231, 33.848711452997442 ] } },
{ "type": "Feature", "properties": { "fid": 855, "P29_001": "40131", "P29_002": "D140213000011", "P29_003": "16004", "P29_004": "福岡県立香椎高等学校", "P29_005": "福岡県福岡市東区香椎2-9-1", "city": "福岡市東区" }, "geometry": { "type": "Point", "coordinates": [ 130.446977538692551, 33.657617138477413 ] } },
{ "type": "Feature", "properties": { "fid": 856, "P29_001": "40131", "P29_002": "D140213000020", "P29_003": "16004", "P29_004": "福岡県立香椎工業高等学校", "P29_005": "福岡県福岡市東区香椎駅東2-23-1", "city": "福岡市東区" }, "geometry": { "type": "Point", "coordinates": [ 130.448021050970738, 33.661618499347696 ] } },
{ "type": "Feature", "properties": { "fid": 857, "P29_001": "40132", "P29_002": "D140213000048", "P29_003": "16004", "P29_004": "福岡県立福岡高等学校", "P29_005": "福岡県福岡市博多区堅粕1-29-1", "city": "福岡市博多区" }, "geometry": { "type": "Point", "coordinates": [ 130.418100308297653, 33.599046591969213 ] } },
{ "type": "Feature", "properties": { "fid": 858, "P29_001": "40132", "P29_002": "D140213000057", "P29_003": "16004", "P29_004": "福岡県立博多青松高等学校", "P29_005": "福岡県福岡市博多区千代1-2-21", "city": "福岡市博多区" }, "geometry": { "type": "Point", "coordinates": [ 130.419238673205996, 33.600440000263994 ] } },
{ "type": "Feature", "properties": { "fid": 859, "P29_001": "40133", "P29_002": "D140213000066", "P29_003": "16004", "P29_004": "福岡県立福岡中央高等学校", "P29_005": "福岡県福岡市中央区平尾3-20-57", "city": "福岡市中央区" }, "geometry": { "type": "Point", "coordinates": [ 130.397695007759268, 33.5762895550629 ] } },
{ "type": "Feature", "properties": { "fid": 860, "P29_001": "40134", "P29_002": "D140213000075", "P29_003": "16004", "P29_004": "福岡県立筑紫丘高等学校", "P29_005": "福岡県福岡市南区野間2-13-1", "city": "福岡市南区" }, "geometry": { "type": "Point", "coordinates": [ 130.419274971100293, 33.560503432317169 ] } },
{ "type": "Feature", "properties": { "fid": 861, "P29_001": "40134", "P29_002": "D140213000093", "P29_003": "16004", "P29_004": "福岡市立福翔高等学校", "P29_005": "福岡県福岡市南区野多目5-31-1", "city": "福岡市南区" }, "geometry": { "type": "Point", "coordinates": [ 130.415686666873455, 33.539887582710804 ] } },
{ "type": "Feature", "properties": { "fid": 862, "P29_001": "40135", "P29_002": "D140213000100", "P29_003": "16004", "P29_004": "福岡県立筑前高等学校", "P29_005": "福岡県福岡市西区千里111-1", "city": "福岡市西区" }, "geometry": { "type": "Point", "coordinates": [ 130.246789354873897, 33.560913187716608 ] } },
{ "type": "Feature", "properties": { "fid": 863, "P29_001": "40135", "P29_002": "D140213000119", "P29_003": "16004", "P29_004": "福岡県立玄洋高等学校", "P29_005": "福岡県福岡市西区田尻東2-2490", "city": "福岡市西区" }, "geometry": { "type": "Point", "coordinates": [ 130.252973619210849, 33.588387998137478 ] } },
{ "type": "Feature", "properties": { "fid": 864, "P29_001": "40135", "P29_002": "D140213000137", "P29_003": "16004", "P29_004": "福岡市立福岡西陵高等学校", "P29_005": "福岡県福岡市西区大字拾六町字広石", "city": "福岡市西区" }, "geometry": { "type": "Point", "coordinates": [ 130.296869723726957, 33.562744072381115 ] } },
{ "type": "Feature", "properties": { "fid": 865, "P29_001": "40136", "P29_002": "D140213000146", "P29_003": "16004", "P29_004": "福岡県立城南高等学校", "P29_005": "福岡県福岡市城南区茶山6-21-1", "city": "福岡市城南区" }, "geometry": { "type": "Point", "coordinates": [ 130.360672044741307, 33.564913086485475 ] } },
{ "type": "Feature", "properties": { "fid": 866, "P29_001": "40202", "P29_002": "D140220200014", "P29_003": "16004", "P29_004": "福岡県立三池高等学校", "P29_005": "福岡県大牟田市大字草木245", "city": "大牟田市" }, "geometry": { "type": "Point", "coordinates": [ 130.462468545066315, 33.052420084358516 ] } },
{ "type": "Feature", "properties": { "fid": 867, "P29_001": "40202", "P29_002": "D140220200023", "P29_003": "16004", "P29_004": "福岡県立三池工業高等学校", "P29_005": "福岡県大牟田市上官町4-77", "city": "大牟田市" }, "geometry": { "type": "Point", "coordinates": [ 130.453724157042444, 33.019661515952066 ] } },
{ "type": "Feature", "properties": { "fid": 868, "P29_001": "40202", "P29_002": "D140220200041", "P29_003": "16004", "P29_004": "福岡県立ありあけ新世高等学校", "P29_005": "福岡県大牟田市大字吉野1389-1", "city": "大牟田市" }, "geometry": { "type": "Point", "coordinates": [ 130.46768412932775, 33.073348221338769 ] } },
{ "type": "Feature", "properties": { "fid": 869, "P29_001": "40203", "P29_002": "D140220300013", "P29_003": "16004", "P29_004": "福岡県立久留米筑水高等学校", "P29_005": "福岡県久留米市山川町1493", "city": "久留米市" }, "geometry": { "type": "Point", "coordinates": [ 130.57092646939364, 33.313397762062785 ] } },
{ "type": "Feature", "properties": { "fid": 870, "P29_001": "40203", "P29_002": "D140220300022", "P29_003": "16004", "P29_004": "福岡県立明善高等学校", "P29_005": "福岡県久留米市城南町9-1", "city": "久留米市" }, "geometry": { "type": "Point", "coordinates": [ 130.505335677610162, 33.321739994332958 ] } },
{ "type": "Feature", "properties": { "fid": 871, "P29_001": "40203", "P29_002": "D140220300031", "P29_003": "16004", "P29_004": "福岡県立久留米高等学校", "P29_005": "福岡県久留米市西町鞍打482", "city": "久留米市" }, "geometry": { "type": "Point", "coordinates": [ 130.51476008620088, 33.299988991448139 ] } },
{ "type": "Feature", "properties": { "fid": 872, "P29_001": "40203", "P29_002": "D140220300040", "P29_003": "16004", "P29_004": "福岡県立三潴高等学校", "P29_005": "福岡県久留米市城島町城島59-1", "city": "久留米市" }, "geometry": { "type": "Point", "coordinates": [ 130.430851337409877, 33.254744930838378 ] } },
{ "type": "Feature", "properties": { "fid": 873, "P29_001": "40203", "P29_002": "D140220300059", "P29_003": "16004", "P29_004": "福岡県立浮羽工業高等学校", "P29_005": "福岡県久留米市田主丸町田主丸395-2", "city": "久留米市" }, "geometry": { "type": "Point", "coordinates": [ 130.696638821579057, 33.343370161249602 ] } },
{ "type": "Feature", "properties": { "fid": 874, "P29_001": "40203", "P29_002": "D140220300086", "P29_003": "16004", "P29_004": "福岡県公立三井中央高等学校", "P29_005": "福岡県久留米市北野町中3050-1", "city": "久留米市" }, "geometry": { "type": "Point", "coordinates": [ 130.589055508615843, 33.34773623890834 ] } },
{ "type": "Feature", "properties": { "fid": 875, "P29_001": "40204", "P29_002": "D140220400030", "P29_003": "16004", "P29_004": "福岡県立筑豊高等学校", "P29_005": "福岡県直方市大字頓野4019-2", "city": "直方市" }, "geometry": { "type": "Point", "coordinates": [ 130.744928578234948, 33.753757425452605 ] } },
{ "type": "Feature", "properties": { "fid": 876, "P29_001": "40205", "P29_002": "D140220500020", "P29_003": "16004", "P29_004": "福岡県立嘉穂東高等学校", "P29_005": "福岡県飯塚市立岩1730-5", "city": "飯塚市" }, "geometry": { "type": "Point", "coordinates": [ 130.690546966826901, 33.650859525126442 ] } },
{ "type": "Feature", "properties": { "fid": 877, "P29_001": "40206", "P29_002": "D140220600029", "P29_003": "16004", "P29_004": "福岡県立西田川高等学校", "P29_005": "福岡県田川市上本町7-11", "city": "田川市" }, "geometry": { "type": "Point", "coordinates": [ 130.799812703210279, 33.625286566886828 ] } },
{ "type": "Feature", "properties": { "fid": 878, "P29_001": "40206", "P29_002": "D140220600038", "P29_003": "16004", "P29_004": "福岡県立田川科学技術高等学校", "P29_005": "福岡県田川市糒1900", "city": "田川市" }, "geometry": { "type": "Point", "coordinates": [ 130.798479522395041, 33.652652826596736 ] } },
{ "type": "Feature", "properties": { "fid": 879, "P29_001": "40207", "P29_002": "D140220700019", "P29_003": "16004", "P29_004": "福岡県立伝習館高等学校", "P29_005": "福岡県柳川市本町142", "city": "柳川市" }, "geometry": { "type": "Point", "coordinates": [ 130.406125659200598, 33.165763009415819 ] } },
{ "type": "Feature", "properties": { "fid": 880, "P29_001": "40210", "P29_002": "D140221000014", "P29_003": "16004", "P29_004": "福岡県立福島高等学校", "P29_005": "福岡県八女市吉田1581-2", "city": "八女市" }, "geometry": { "type": "Point", "coordinates": [ 130.559159082998207, 33.232047519998609 ] } },
{ "type": "Feature", "properties": { "fid": 881, "P29_001": "40211", "P29_002": "D140221100013", "P29_003": "16004", "P29_004": "福岡県立八女高等学校", "P29_005": "福岡県筑後市和泉251", "city": "筑後市" }, "geometry": { "type": "Point", "coordinates": [ 130.500924478201142, 33.205481183090541 ] } },
{ "type": "Feature", "properties": { "fid": 882, "P29_001": "40212", "P29_002": "D140221200012", "P29_003": "16004", "P29_004": "福岡県立大川樟風高等学校", "P29_005": "福岡県大川市大字向島1382", "city": "大川市" }, "geometry": { "type": "Point", "coordinates": [ 130.377279412001542, 33.210627927622284 ] } },
{ "type": "Feature", "properties": { "fid": 883, "P29_001": "40213", "P29_002": "D140221300011", "P29_003": "16004", "P29_004": "福岡県立京都高等学校", "P29_005": "福岡県行橋市南大橋4-5-1", "city": "行橋市" }, "geometry": { "type": "Point", "coordinates": [ 130.977659579297011, 33.721146185997078 ] } },
{ "type": "Feature", "properties": { "fid": 884, "P29_001": "40214", "P29_002": "D140221400010", "P29_003": "16004", "P29_004": "福岡県立青豊高等学校", "P29_005": "福岡県豊前市青豊3-1", "city": "豊前市" }, "geometry": { "type": "Point", "coordinates": [ 131.131490197632985, 33.615143216358732 ] } },
{ "type": "Feature", "properties": { "fid": 885, "P29_001": "40216", "P29_002": "D140221600018", "P29_003": "16004", "P29_004": "福岡県立三井高等学校", "P29_005": "福岡県小郡市松崎650", "city": "小郡市" }, "geometry": { "type": "Point", "coordinates": [ 130.58089839047642, 33.39618979084409 ] } },
{ "type": "Feature", "properties": { "fid": 886, "P29_001": "40216", "P29_002": "D140221600027", "P29_003": "16004", "P29_004": "福岡県立小郡高等学校", "P29_005": "福岡県小郡市三沢5128-1", "city": "小郡市" }, "geometry": { "type": "Point", "coordinates": [ 130.561279438214171, 33.434300517028326 ] } },
{ "type": "Feature", "properties": { "fid": 887, "P29_001": "40217", "P29_002": "D140221700026", "P29_003": "16004", "P29_004": "福岡県立武蔵台高等学校", "P29_005": "福岡県筑紫野市天拝坂5-2-1", "city": "筑紫野市" }, "geometry": { "type": "Point", "coordinates": [ 130.500574191909209, 33.496570740309053 ] } },
{ "type": "Feature", "properties": { "fid": 888, "P29_001": "40218", "P29_002": "D140221800016", "P29_003": "16004", "P29_004": "福岡県立春日高等学校", "P29_005": "福岡県春日市春日公園5-17", "city": "春日市" }, "geometry": { "type": "Point", "coordinates": [ 130.477382282181225, 33.525424107813571 ] } },
{ "type": "Feature", "properties": { "fid": 889, "P29_001": "40219", "P29_002": "D140221900015", "P29_003": "16004", "P29_004": "福岡県立筑紫中央高等学校", "P29_005": "福岡県大野城市中央2-12-1", "city": "大野城市" }, "geometry": { "type": "Point", "coordinates": [ 130.486302145612598, 33.524394989455907 ] } },
{ "type": "Feature", "properties": { "fid": 890, "P29_001": "40220", "P29_002": "D140222000012", "P29_003": "16004", "P29_004": "福岡県立宗像高等学校", "P29_005": "福岡県宗像市東郷6-7-1", "city": "宗像市" }, "geometry": { "type": "Point", "coordinates": [ 130.541204252102744, 33.801906015960029 ] } },
{ "type": "Feature", "properties": { "fid": 891, "P29_001": "40223", "P29_002": "D140222300019", "P29_003": "16004", "P29_004": "福岡県立玄界高等学校", "P29_005": "福岡県古賀市舞の里3-6-1", "city": "古賀市" }, "geometry": { "type": "Point", "coordinates": [ 130.482759595082371, 33.744150119765557 ] } },
{ "type": "Feature", "properties": { "fid": 892, "P29_001": "40224", "P29_002": "D140222400018", "P29_003": "16004", "P29_004": "福岡県立水産高等学校", "P29_005": "福岡県福津市津屋崎4-46-14", "city": "福津市" }, "geometry": { "type": "Point", "coordinates": [ 130.458688047829128, 33.78731458039514 ] } },
{ "type": "Feature", "properties": { "fid": 893, "P29_001": "40224", "P29_002": "D140222400027", "P29_003": "16004", "P29_004": "福岡県立光陵高等学校", "P29_005": "福岡県福津市光陽台5", "city": "福津市" }, "geometry": { "type": "Point", "coordinates": [ 130.500504073783816, 33.773219005939033 ] } },
{ "type": "Feature", "properties": { "fid": 894, "P29_001": "40225", "P29_002": "D140222500017", "P29_003": "16004", "P29_004": "福岡県立浮羽究真館高等学校", "P29_005": "福岡県うきは市吉井町大字生葉658", "city": "うきは市" }, "geometry": { "type": "Point", "coordinates": [ 130.732673145375657, 33.341780661156456 ] } },
{ "type": "Feature", "properties": { "fid": 895, "P29_001": "40227", "P29_002": "D140222700015", "P29_003": "16004", "P29_004": "福岡県立稲築志耕館高等学校", "P29_005": "福岡県嘉麻市岩崎1318-1", "city": "嘉麻市" }, "geometry": { "type": "Point", "coordinates": [ 130.712168699732842, 33.597905128054173 ] } },
{ "type": "Feature", "properties": { "fid": 896, "P29_001": "40227", "P29_002": "D140222700024", "P29_003": "16004", "P29_004": "福岡県立嘉穂総合高等学校嘉麻市立大隈城山校", "P29_005": "福岡県嘉麻市大隈町725", "city": "嘉麻市" }, "geometry": { "type": "Point", "coordinates": [ 130.743738119013045, 33.550313434370835 ] } },
{ "type": "Feature", "properties": { "fid": 897, "P29_001": "40228", "P29_002": "D140222800014", "P29_003": "16004", "P29_004": "福岡県立朝倉高等学校", "P29_005": "福岡県朝倉市甘木876", "city": "朝倉市" }, "geometry": { "type": "Point", "coordinates": [ 130.661283995204315, 33.422917609687786 ] } },
{ "type": "Feature", "properties": { "fid": 898, "P29_001": "40228", "P29_002": "D140222800023", "P29_003": "16004", "P29_004": "福岡県立朝倉東高等学校", "P29_005": "福岡県朝倉市甘木116-2", "city": "朝倉市" }, "geometry": { "type": "Point", "coordinates": [ 130.662001695917866, 33.417469407812767 ] } },
{ "type": "Feature", "properties": { "fid": 899, "P29_001": "40228", "P29_002": "D140222800032", "P29_003": "16004", "P29_004": "福岡県立朝倉光陽高等学校", "P29_005": "福岡県朝倉市杷木古賀1765", "city": "朝倉市" }, "geometry": { "type": "Point", "coordinates": [ 130.805074722733679, 33.3623562948626 ] } },
{ "type": "Feature", "properties": { "fid": 900, "P29_001": "40229", "P29_002": "D140222900013", "P29_003": "16004", "P29_004": "福岡県立山門高等学校", "P29_005": "福岡県みやま市瀬高町上庄1730-1", "city": "みやま市" }, "geometry": { "type": "Point", "coordinates": [ 130.467382420458591, 33.160761939542759 ] } },
{ "type": "Feature", "properties": { "fid": 901, "P29_001": "40230", "P29_002": "D140223000010", "P29_003": "16004", "P29_004": "福岡県立糸島高等学校", "P29_005": "福岡県糸島市前原南2-21-1", "city": "糸島市" }, "geometry": { "type": "Point", "coordinates": [ 130.210336168660604, 33.557058051530653 ] } },
{ "type": "Feature", "properties": { "fid": 902, "P29_001": "40230", "P29_002": "D140223000029", "P29_003": "16004", "P29_004": "福岡県立糸島農業高等学校", "P29_005": "福岡県糸島市前原西3-2-1", "city": "糸島市" }, "geometry": { "type": "Point", "coordinates": [ 130.192724045807012, 33.56015526393881 ] } },
{ "type": "Feature", "properties": { "fid": 903, "P29_001": "40341", "P29_002": "D140234100016", "P29_003": "16004", "P29_004": "福岡県立宇美商業高等学校", "P29_005": "福岡県糟屋郡宇美町大字井野52-1", "city": "宇美町" }, "geometry": { "type": "Point", "coordinates": [ 130.502755745231696, 33.567941653771811 ] } },
{ "type": "Feature", "properties": { "fid": 904, "P29_001": "40344", "P29_002": "D140234400013", "P29_003": "16004", "P29_004": "福岡県立須恵高等学校", "P29_005": "福岡県糟屋郡須恵町大字旅石72-3", "city": "須恵町" }, "geometry": { "type": "Point", "coordinates": [ 130.500905603590809, 33.581751983599787 ] } },
{ "type": "Feature", "properties": { "fid": 905, "P29_001": "40345", "P29_002": "D140234500012", "P29_003": "16004", "P29_004": "福岡県立新宮高等学校", "P29_005": "福岡県糟屋郡新宮町緑ケ浜1-12-1", "city": "新宮町" }, "geometry": { "type": "Point", "coordinates": [ 130.445077554736827, 33.716013576138394 ] } },
{ "type": "Feature", "properties": { "fid": 906, "P29_001": "40349", "P29_002": "D140234900018", "P29_003": "16004", "P29_004": "福岡県立福岡魁誠高等学校", "P29_005": "福岡県糟屋郡粕屋町長者原東5-5-1", "city": "粕屋町" }, "geometry": { "type": "Point", "coordinates": [ 130.482197566828404, 33.619045899707245 ] } },
{ "type": "Feature", "properties": { "fid": 907, "P29_001": "40384", "P29_002": "D140238400014", "P29_003": "16004", "P29_004": "福岡県立遠賀高等学校", "P29_005": "福岡県遠賀郡遠賀町大字上別府2110", "city": "遠賀町" }, "geometry": { "type": "Point", "coordinates": [ 130.648993066815677, 33.837094251762814 ] } },
{ "type": "Feature", "properties": { "fid": 908, "P29_001": "40421", "P29_002": "D140242100019", "P29_003": "16004", "P29_004": "福岡県立嘉穂総合高等学校", "P29_005": "福岡県嘉穂郡桂川町大字土師1117-1", "city": "桂川町" }, "geometry": { "type": "Point", "coordinates": [ 130.687738794326464, 33.580315898565495 ] } },
{ "type": "Feature", "properties": { "fid": 909, "P29_001": "40601", "P29_002": "D140260100011", "P29_003": "16004", "P29_004": "福岡県立田川高等学校", "P29_005": "福岡県田川郡香春町中津原2055-1", "city": "香春町" }, "geometry": { "type": "Point", "coordinates": [ 130.837287278525451, 33.651433342445301 ] } },
{ "type": "Feature", "properties": { "fid": 910, "P29_001": "40647", "P29_002": "D140264700017", "P29_003": "16004", "P29_004": "福岡県立築上西高等学校", "P29_005": "福岡県築上郡築上町大字椎田764", "city": "築上町" }, "geometry": { "type": "Point", "coordinates": [ 131.05551466315211, 33.65288676026686 ] } },
{ "type": "Feature", "properties": { "fid": 911, "P29_001": "40101", "P29_002": "D140310000015", "P29_003": "16004", "P29_004": "豊國学園高等学校", "P29_005": "福岡県北九州市門司区柳町4-5-1", "city": "北九州市門司区" }, "geometry": { "type": "Point", "coordinates": [ 130.94227415259661, 33.900996805318556 ] } },
{ "type": "Feature", "properties": { "fid": 912, "P29_001": "40103", "P29_002": "D140310000033", "P29_003": "16004", "P29_004": "高稜高等学校", "P29_005": "福岡県北九州市若松区二島1-3-60", "city": "北九州市若松区" }, "geometry": { "type": "Point", "coordinates": [ 130.745591950462853, 33.891213535385404 ] } },
{ "type": "Feature", "properties": { "fid": 913, "P29_001": "40105", "P29_002": "D140310000042", "P29_003": "16004", "P29_004": "明治学園高等学校", "P29_005": "福岡県北九州市戸畑区仙水町5-1", "city": "北九州市戸畑区" }, "geometry": { "type": "Point", "coordinates": [ 130.840205688404524, 33.888781243019999 ] } },
{ "type": "Feature", "properties": { "fid": 914, "P29_001": "40106", "P29_002": "D140310000079", "P29_003": "16004", "P29_004": "東筑紫学園高等学校", "P29_005": "福岡県北九州市小倉北区清水4-10-1", "city": "北九州市小倉北区" }, "geometry": { "type": "Point", "coordinates": [ 130.858443496033289, 33.871210892742148 ] } },
{ "type": "Feature", "properties": { "fid": 915, "P29_001": "40106", "P29_002": "D140310000088", "P29_003": "16004", "P29_004": "真颯館高等学校", "P29_005": "福岡県北九州市小倉北区中井口5-1", "city": "北九州市小倉北区" }, "geometry": { "type": "Point", "coordinates": [ 130.852427761905943, 33.896947694415012 ] } },
{ "type": "Feature", "properties": { "fid": 916, "P29_001": "40106", "P29_002": "D140310000097", "P29_003": "16004", "P29_004": "慶成高等学校", "P29_005": "福岡県北九州市小倉北区皿山町15-1", "city": "北九州市小倉北区" }, "geometry": { "type": "Point", "coordinates": [ 130.857252367503861, 33.867865638751475 ] } },
{ "type": "Feature", "properties": { "fid": 917, "P29_001": "40107", "P29_002": "D140310000104", "P29_003": "16004", "P29_004": "常磐高等学校", "P29_005": "福岡県北九州市小倉南区大字志井1937", "city": "北九州市小倉南区" }, "geometry": { "type": "Point", "coordinates": [ 130.879619963063448, 33.814589392562326 ] } },
{ "type": "Feature", "properties": { "fid": 918, "P29_001": "40108", "P29_002": "D140310000113", "P29_003": "16004", "P29_004": "九州国際大学付属高等学校", "P29_005": "福岡県北九州市八幡東区枝光5-9-1", "city": "北九州市八幡東区" }, "geometry": { "type": "Point", "coordinates": [ 130.819943848804371, 33.881405826087423 ] } },
{ "type": "Feature", "properties": { "fid": 919, "P29_001": "40109", "P29_002": "D140310000122", "P29_003": "16004", "P29_004": "折尾愛真高等学校", "P29_005": "福岡県北九州市八幡西区堀川町12-10", "city": "北九州市八幡西区" }, "geometry": { "type": "Point", "coordinates": [ 130.710741120489473, 33.86060296919154 ] } },
{ "type": "Feature", "properties": { "fid": 920, "P29_001": "40109", "P29_002": "D140310000131", "P29_003": "16004", "P29_004": "星琳高等学校", "P29_005": "福岡県北九州市八幡西区青山3-3-1", "city": "北九州市八幡西区" }, "geometry": { "type": "Point", "coordinates": [ 130.753184307747347, 33.85756216303627 ] } },
{ "type": "Feature", "properties": { "fid": 921, "P29_001": "40109", "P29_002": "D140310000159", "P29_003": "16004", "P29_004": "仰星学園高等学校", "P29_005": "福岡県北九州市八幡西区平尾町1-1", "city": "北九州市八幡西区" }, "geometry": { "type": "Point", "coordinates": [ 130.778250081110741, 33.859634642058275 ] } },
{ "type": "Feature", "properties": { "fid": 922, "P29_001": "40131", "P29_002": "D140313000019", "P29_003": "16004", "P29_004": "博多高等学校", "P29_005": "福岡県福岡市東区水谷1-21-1", "city": "福岡市東区" }, "geometry": { "type": "Point", "coordinates": [ 130.443384395179322, 33.648600679877234 ] } },
{ "type": "Feature", "properties": { "fid": 923, "P29_001": "40131", "P29_002": "D140313000028", "P29_003": "16004", "P29_004": "博多女子高等学校", "P29_005": "福岡県福岡市東区馬出1-14-18", "city": "福岡市東区" }, "geometry": { "type": "Point", "coordinates": [ 130.420946856615444, 33.61016108711771 ] } },
{ "type": "Feature", "properties": { "fid": 924, "P29_001": "40131", "P29_002": "D140313000037", "P29_003": "16004", "P29_004": "立花高等学校", "P29_005": "福岡県福岡市東区和白丘2-24-43", "city": "福岡市東区" }, "geometry": { "type": "Point", "coordinates": [ 130.432155108130104, 33.695873827878266 ] } },
{ "type": "Feature", "properties": { "fid": 925, "P29_001": "40131", "P29_002": "D140313000046", "P29_003": "16004", "P29_004": "福岡工業大学附属城東高等学校", "P29_005": "福岡県福岡市東区和白東3-30-1", "city": "福岡市東区" }, "geometry": { "type": "Point", "coordinates": [ 130.441821321442944, 33.696213570999667 ] } },
{ "type": "Feature", "properties": { "fid": 926, "P29_001": "40131", "P29_002": "D140313000055", "P29_003": "16004", "P29_004": "九州産業大学付属九州高等学校", "P29_005": "福岡県福岡市東区香椎駅東2-22-1", "city": "福岡市東区" }, "geometry": { "type": "Point", "coordinates": [ 130.446536550881007, 33.662622638587855 ] } },
{ "type": "Feature", "properties": { "fid": 927, "P29_001": "40132", "P29_002": "D140313000064", "P29_003": "16004", "P29_004": "精華女子高等学校", "P29_005": "福岡県福岡市博多区住吉4-19-1", "city": "福岡市博多区" }, "geometry": { "type": "Point", "coordinates": [ 130.413363551169596, 33.582420889880957 ] } },
{ "type": "Feature", "properties": { "fid": 928, "P29_001": "40132", "P29_002": "D140313000073", "P29_003": "16004", "P29_004": "東福岡高等学校", "P29_005": "福岡県福岡市博多区東比恵2-24-1", "city": "福岡市博多区" }, "geometry": { "type": "Point", "coordinates": [ 130.431257287907073, 33.593837896714255 ] } },
{ "type": "Feature", "properties": { "fid": 929, "P29_001": "40132", "P29_002": "D140313000082", "P29_003": "16004", "P29_004": "沖学園高等学校", "P29_005": "福岡県福岡市博多区竹下2-1-33", "city": "福岡市博多区" }, "geometry": { "type": "Point", "coordinates": [ 130.430266181869797, 33.574200337968854 ] } },
{ "type": "Feature", "properties": { "fid": 930, "P29_001": "40133", "P29_002": "D140313000091", "P29_003": "16004", "P29_004": "上智福岡高等学校", "P29_005": "福岡県福岡市中央区輝国1-10-10", "city": "福岡市中央区" }, "geometry": { "type": "Point", "coordinates": [ 130.38575708990507, 33.57165631502928 ] } },
{ "type": "Feature", "properties": { "fid": 931, "P29_001": "40133", "P29_002": "D140313000108", "P29_003": "16004", "P29_004": "筑紫女学園高等学校", "P29_005": "福岡県福岡市中央区警固2-8-1", "city": "福岡市中央区" }, "geometry": { "type": "Point", "coordinates": [ 130.38888947266372, 33.581947101844499 ] } },
{ "type": "Feature", "properties": { "fid": 932, "P29_001": "40133", "P29_002": "D140313000117", "P29_003": "16004", "P29_004": "福岡大学附属若葉高等学校", "P29_005": "福岡県福岡市中央区荒戸3-4-62", "city": "福岡市中央区" }, "geometry": { "type": "Point", "coordinates": [ 130.374491376248216, 33.593758556137573 ] } },
{ "type": "Feature", "properties": { "fid": 933, "P29_001": "40133", "P29_002": "D140313000135", "P29_003": "16004", "P29_004": "福岡大学付属大濠高等学校", "P29_005": "福岡県福岡市中央区六本松1-12-1", "city": "福岡市中央区" }, "geometry": { "type": "Point", "coordinates": [ 130.377542896391731, 33.581590772062555 ] } },
{ "type": "Feature", "properties": { "fid": 934, "P29_001": "40133", "P29_002": "D140313000144", "P29_003": "16004", "P29_004": "つくば開成福岡高等学校", "P29_005": "福岡県福岡市中央区天神5-3-1", "city": "福岡市中央区" }, "geometry": { "type": "Point", "coordinates": [ 130.397677026502379, 33.596156869313205 ] } },
{ "type": "Feature", "properties": { "fid": 935, "P29_001": "40134", "P29_002": "D140313000153", "P29_003": "16004", "P29_004": "福岡女学院高等学校", "P29_005": "福岡県福岡市南区曰佐3-42-1", "city": "福岡市南区" }, "geometry": { "type": "Point", "coordinates": [ 130.441763994854824, 33.534319828176507 ] } },
{ "type": "Feature", "properties": { "fid": 936, "P29_001": "40134", "P29_002": "D140313000162", "P29_003": "16004", "P29_004": "福岡第一高等学校", "P29_005": "福岡県福岡市南区玉川町22-1", "city": "福岡市南区" }, "geometry": { "type": "Point", "coordinates": [ 130.417406876088137, 33.565561083462335 ] } },
{ "type": "Feature", "properties": { "fid": 937, "P29_001": "40134", "P29_002": "D140313000171", "P29_003": "16004", "P29_004": "純真高等学校", "P29_005": "福岡県福岡市南区筑紫丘1-1-1", "city": "福岡市南区" }, "geometry": { "type": "Point", "coordinates": [ 130.419796836363133, 33.558557884563328 ] } },
{ "type": "Feature", "properties": { "fid": 938, "P29_001": "40134", "P29_002": "D140313000199", "P29_003": "16004", "P29_004": "福岡海星女子学院高等学校", "P29_005": "福岡県福岡市南区老司5-29-3", "city": "福岡市南区" }, "geometry": { "type": "Point", "coordinates": [ 130.415333818741431, 33.526256518813625 ] } },
{ "type": "Feature", "properties": { "fid": 939, "P29_001": "40135", "P29_002": "D140313000206", "P29_003": "16004", "P29_004": "福岡舞鶴高等学校", "P29_005": "福岡県福岡市西区北原2-17-42", "city": "福岡市西区" }, "geometry": { "type": "Point", "coordinates": [ 130.258041851102803, 33.58294852683283 ] } },
{ "type": "Feature", "properties": { "fid": 940, "P29_001": "40136", "P29_002": "D140313000224", "P29_003": "16004", "P29_004": "中村学園女子高等学校", "P29_005": "福岡県福岡市城南区鳥飼7-10-38", "city": "福岡市城南区" }, "geometry": { "type": "Point", "coordinates": [ 130.364152310912772, 33.576137150217122 ] } },
{ "type": "Feature", "properties": { "fid": 941, "P29_001": "40137", "P29_002": "D140313000233", "P29_003": "16004", "P29_004": "西南学院高等学校", "P29_005": "福岡県福岡市早良区百道浜1-1-1", "city": "福岡市早良区" }, "geometry": { "type": "Point", "coordinates": [ 130.358324578213484, 33.589425572249574 ] } },
{ "type": "Feature", "properties": { "fid": 942, "P29_001": "40202", "P29_002": "D140320200012", "P29_003": "16004", "P29_004": "大牟田高等学校", "P29_005": "福岡県大牟田市大字草木字羽山852", "city": "大牟田市" }, "geometry": { "type": "Point", "coordinates": [ 130.467572523347854, 33.053171984038734 ] } },
{ "type": "Feature", "properties": { "fid": 943, "P29_001": "40202", "P29_002": "D140320200030", "P29_003": "16004", "P29_004": "明光学園高等学校", "P29_005": "福岡県大牟田市倉永170", "city": "大牟田市" }, "geometry": { "type": "Point", "coordinates": [ 130.465220643482297, 33.074231354881682 ] } },
{ "type": "Feature", "properties": { "fid": 944, "P29_001": "40203", "P29_002": "D140320300011", "P29_003": "16004", "P29_004": "久留米学園高等学校", "P29_005": "福岡県久留米市東町272-4", "city": "久留米市" }, "geometry": { "type": "Point", "coordinates": [ 130.521111769814325, 33.309160382762521 ] } },
{ "type": "Feature", "properties": { "fid": 945, "P29_001": "40203", "P29_002": "D140320300039", "P29_003": "16004", "P29_004": "久留米信愛高等学校", "P29_005": "福岡県久留米市御井町2278-1", "city": "久留米市" }, "geometry": { "type": "Point", "coordinates": [ 130.550561495310774, 33.29721157061401 ] } },
{ "type": "Feature", "properties": { "fid": 946, "P29_001": "40204", "P29_002": "D140320400010", "P29_003": "16004", "P29_004": "学校法人大和学園大和青藍高等学校", "P29_005": "福岡県直方市日吉町10-12", "city": "直方市" }, "geometry": { "type": "Point", "coordinates": [ 130.728168979955228, 33.751759797178487 ] } },
{ "type": "Feature", "properties": { "fid": 947, "P29_001": "40207", "P29_002": "D140320700017", "P29_003": "16004", "P29_004": "柳川高等学校", "P29_005": "福岡県柳川市本城町125", "city": "柳川市" }, "geometry": { "type": "Point", "coordinates": [ 130.402865133885427, 33.160501980156447 ] } },
{ "type": "Feature", "properties": { "fid": 948, "P29_001": "40207", "P29_002": "D140320700026", "P29_003": "16004", "P29_004": "杉森高等学校", "P29_005": "福岡県柳川市奥州町3", "city": "柳川市" }, "geometry": { "type": "Point", "coordinates": [ 130.407317987871807, 33.15764571169619 ] } },
{ "type": "Feature", "properties": { "fid": 949, "P29_001": "40210", "P29_002": "D140321000021", "P29_003": "16004", "P29_004": "西日本短期大学附属高等学校", "P29_005": "福岡県八女市大字亀甲61", "city": "八女市" }, "geometry": { "type": "Point", "coordinates": [ 130.534356067608059, 33.217873384124317 ] } },
{ "type": "Feature", "properties": { "fid": 950, "P29_001": "40215", "P29_002": "D140321500017", "P29_003": "16004", "P29_004": "希望が丘高等学校", "P29_005": "福岡県中間市土手の内3-19-1", "city": "中間市" }, "geometry": { "type": "Point", "coordinates": [ 130.715130088143582, 33.808123695976967 ] } },
{ "type": "Feature", "properties": { "fid": 951, "P29_001": "40217", "P29_002": "D140321700015", "P29_003": "16004", "P29_004": "九州産業大学付属九州産業高等学校", "P29_005": "福岡県筑紫野市紫2-5-1", "city": "筑紫野市" }, "geometry": { "type": "Point", "coordinates": [ 130.525584797768147, 33.496641081936978 ] } },
{ "type": "Feature", "properties": { "fid": 952, "P29_001": "40231", "P29_002": "D140323100017", "P29_003": "16004", "P29_004": "福岡女子商業高等学校", "P29_005": "福岡県那珂川市片縄北1-4-1", "city": "那珂川市" }, "geometry": { "type": "Point", "coordinates": [ 130.416428933386754, 33.519369614718791 ] } },
{ "type": "Feature", "properties": { "fid": 953, "P29_001": "40605", "P29_002": "D140360500015", "P29_003": "16004", "P29_004": "川崎特区明蓬館高等学校", "P29_005": "福岡県田川郡川崎町大字安眞木1373", "city": "川崎町" }, "geometry": { "type": "Point", "coordinates": [ 130.823064384784715, 33.548839692011988 ] } },
{ "type": "Feature", "properties": { "fid": 954, "P29_001": "40210", "P29_002": "D240221000013", "P29_003": "16003", "P29_004": "福岡県立輝翔館中等教育学校", "P29_005": "福岡県八女市黒木町桑原10-2", "city": "八女市" }, "geometry": { "type": "Point", "coordinates": [ 130.666082969607942, 33.213284633685944 ] } },
{ "type": "Feature", "properties": { "fid": 955, "P29_001": "40217", "P29_002": "D240321700014", "P29_003": "16003", "P29_004": "リンデンホールスクール中高学部", "P29_005": "福岡県筑紫野市二日市北3-10-1", "city": "筑紫野市" }, "geometry": { "type": "Point", "coordinates": [ 130.528880876265674, 33.505574829172382 ] } },
{ "type": "Feature", "properties": { "fid": 956, "P29_001": "40108", "P29_002": "E140210000014", "P29_003": "16012", "P29_004": "福岡県立北九州視覚特別支援学校", "P29_005": "福岡県北九州市八幡東区高見5-1-12", "city": "北九州市八幡東区" }, "geometry": { "type": "Point", "coordinates": [ 130.835786825252114, 33.870791664865692 ] } },
{ "type": "Feature", "properties": { "fid": 957, "P29_001": "40106", "P29_002": "E140210000023", "P29_003": "16012", "P29_004": "福岡県立小倉聴覚特別支援学校", "P29_005": "福岡県北九州市小倉北区三郎丸2-9-1", "city": "北九州市小倉北区" }, "geometry": { "type": "Point", "coordinates": [ 130.890890811820242, 33.864561406544624 ] } },
{ "type": "Feature", "properties": { "fid": 958, "P29_001": "40105", "P29_002": "E140210000050", "P29_003": "16012", "P29_004": "北九州市立特別支援学校北九州中央高等学園", "P29_005": "福岡県北九州市戸畑区沢見1-3-47", "city": "北九州市戸畑区" }, "geometry": { "type": "Point", "coordinates": [ 130.836912670876018, 33.889963899685725 ] } },
{ "type": "Feature", "properties": { "fid": 959, "P29_001": "40106", "P29_002": "E140210000069", "P29_003": "16012", "P29_004": "北九州市立小倉北特別支援学校", "P29_005": "福岡県北九州市小倉北区下到津4-3-1", "city": "北九州市小倉北区" }, "geometry": { "type": "Point", "coordinates": [ 130.856680195005964, 33.879098462173758 ] } },
{ "type": "Feature", "properties": { "fid": 960, "P29_001": "40107", "P29_002": "E140210000078", "P29_003": "16012", "P29_004": "北九州市立小倉南特別支援学校", "P29_005": "福岡県北九州市小倉南区若園4-1-1", "city": "北九州市小倉南区" }, "geometry": { "type": "Point", "coordinates": [ 130.885751432203278, 33.84797393748606 ] } },
{ "type": "Feature", "properties": { "fid": 961, "P29_001": "40107", "P29_002": "E140210000087", "P29_003": "16012", "P29_004": "北九州市立小倉総合特別支援学校", "P29_005": "福岡県北九州市小倉南区春ケ丘10-3", "city": "北九州市小倉南区" }, "geometry": { "type": "Point", "coordinates": [ 130.884870105480303, 33.850566832824661 ] } },
{ "type": "Feature", "properties": { "fid": 962, "P29_001": "40109", "P29_002": "E140210000096", "P29_003": "16012", "P29_004": "北九州市立八幡特別支援学校", "P29_005": "福岡県北九州市八幡西区鷹の巣3-7-1", "city": "北九州市八幡西区" }, "geometry": { "type": "Point", "coordinates": [ 130.744049866940315, 33.854407208067578 ] } },
{ "type": "Feature", "properties": { "fid": 963, "P29_001": "40131", "P29_002": "E140213000036", "P29_003": "16012", "P29_004": "福岡市立東福岡特別支援学校", "P29_005": "福岡県福岡市東区青葉3-8-1", "city": "福岡市東区" }, "geometry": { "type": "Point", "coordinates": [ 130.461906856285566, 33.644894655681689 ] } },
{ "type": "Feature", "properties": { "fid": 964, "P29_001": "40132", "P29_002": "E140213000045", "P29_003": "16012", "P29_004": "福岡市立南福岡特別支援学校", "P29_005": "福岡県福岡市博多区西月隈5-6-1", "city": "福岡市博多区" }, "geometry": { "type": "Point", "coordinates": [ 130.456231954583643, 33.565591430254088 ] } },
{ "type": "Feature", "properties": { "fid": 965, "P29_001": "40133", "P29_002": "E140213000063", "P29_003": "16012", "P29_004": "福岡市立福岡中央特別支援学校", "P29_005": "福岡県福岡市中央区地行浜2-1-18", "city": "福岡市中央区" }, "geometry": { "type": "Point", "coordinates": [ 130.365727499265347, 33.593802220256258 ] } },
{ "type": "Feature", "properties": { "fid": 966, "P29_001": "40134", "P29_002": "E140213000072", "P29_003": "16012", "P29_004": "福岡市立屋形原特別支援学校", "P29_005": "福岡県福岡市南区屋形原2-31-1", "city": "福岡市南区" }, "geometry": { "type": "Point", "coordinates": [ 130.410003812933468, 33.536866743326911 ] } },
{ "type": "Feature", "properties": { "fid": 967, "P29_001": "40134", "P29_002": "E140213000081", "P29_003": "16012", "P29_004": "福岡市立若久特別支援学校", "P29_005": "福岡県福岡市南区若久2-3-13", "city": "福岡市南区" }, "geometry": { "type": "Point", "coordinates": [ 130.416651634147399, 33.554457629375314 ] } },
{ "type": "Feature", "properties": { "fid": 968, "P29_001": "40202", "P29_002": "E140220200011", "P29_003": "16012", "P29_004": "大牟田市立大牟田特別支援学校", "P29_005": "福岡県大牟田市天道町24", "city": "大牟田市" }, "geometry": { "type": "Point", "coordinates": [ 130.464071637814442, 33.01466715036571 ] } },
{ "type": "Feature", "properties": { "fid": 969, "P29_001": "40203", "P29_002": "E140220300010", "P29_003": "16012", "P29_004": "福岡県立久留米聴覚特別支援学校", "P29_005": "福岡県久留米市高良内町2935", "city": "久留米市" }, "geometry": { "type": "Point", "coordinates": [ 130.546653421274243, 33.290379552500987 ] } },
{ "type": "Feature", "properties": { "fid": 970, "P29_001": "40203", "P29_002": "E140220300029", "P29_003": "16012", "P29_004": "福岡県立田主丸特別支援学校", "P29_005": "福岡県久留米市田主丸町石垣1190-1", "city": "久留米市" }, "geometry": { "type": "Point", "coordinates": [ 130.699013099020618, 33.323834812321685 ] } },
{ "type": "Feature", "properties": { "fid": 971, "P29_001": "40203", "P29_002": "E140220300038", "P29_003": "16012", "P29_004": "久留米市立久留米特別支援学校", "P29_005": "福岡県久留米市南1-2-1", "city": "久留米市" }, "geometry": { "type": "Point", "coordinates": [ 130.513537571956078, 33.292285109140977 ] } },
{ "type": "Feature", "properties": { "fid": 972, "P29_001": "40211", "P29_002": "E140221100010", "P29_003": "16012", "P29_004": "福岡県立筑後特別支援学校", "P29_005": "福岡県筑後市下北島318", "city": "筑後市" }, "geometry": { "type": "Point", "coordinates": [ 130.488877719986476, 33.201945904333307 ] } },
{ "type": "Feature", "properties": { "fid": 973, "P29_001": "40215", "P29_002": "E140221500016", "P29_003": "16012", "P29_004": "福岡県立特別支援学校「北九州高等学園」", "P29_005": "福岡県中間市大辻町18-1", "city": "中間市" }, "geometry": { "type": "Point", "coordinates": [ 130.727437680691139, 33.808021237780501 ] } },
{ "type": "Feature", "properties": { "fid": 974, "P29_001": "40217", "P29_002": "E140221700014", "P29_003": "16012", "P29_004": "福岡県立福岡視覚特別支援学校", "P29_005": "福岡県筑紫野市牛島114", "city": "筑紫野市" }, "geometry": { "type": "Point", "coordinates": [ 130.546841644809518, 33.485595388744649 ] } },
{ "type": "Feature", "properties": { "fid": 975, "P29_001": "40217", "P29_002": "E140221700032", "P29_003": "16012", "P29_004": "福岡県立特別支援学校「福岡高等学園」", "P29_005": "福岡県筑紫野市古賀304", "city": "筑紫野市" }, "geometry": { "type": "Point", "coordinates": [ 130.512569110593773, 33.471213941546026 ] } },
{ "type": "Feature", "properties": { "fid": 976, "P29_001": "40221", "P29_002": "E140222100018", "P29_003": "16012", "P29_004": "福岡県立太宰府特別支援学校", "P29_005": "福岡県太宰府市大佐野557-1", "city": "太宰府市" }, "geometry": { "type": "Point", "coordinates": [ 130.492695621804472, 33.493945183201106 ] } },
{ "type": "Feature", "properties": { "fid": 977, "P29_001": "40223", "P29_002": "E140222300016", "P29_003": "16012", "P29_004": "福岡県立古賀特別支援学校", "P29_005": "福岡県古賀市千鳥4-3-1", "city": "古賀市" }, "geometry": { "type": "Point", "coordinates": [ 130.479961439486971, 33.747339772243109 ] } },
{ "type": "Feature", "properties": { "fid": 978, "P29_001": "40227", "P29_002": "E140222700012", "P29_003": "16012", "P29_004": "福岡県立嘉穂特別支援学校", "P29_005": "福岡県嘉麻市大字鴨生328-1", "city": "嘉麻市" }, "geometry": { "type": "Point", "coordinates": [ 130.728767857427158, 33.603515829713672 ] } },
{ "type": "Feature", "properties": { "fid": 979, "P29_001": "40345", "P29_002": "E140234500019", "P29_003": "16012", "P29_004": "福岡県立福岡特別支援学校", "P29_005": "福岡県糟屋郡新宮町緑ヶ浜4-1-1", "city": "新宮町" }, "geometry": { "type": "Point", "coordinates": [ 130.445338013747431, 33.71228290904768 ] } },
{ "type": "Feature", "properties": { "fid": 980, "P29_001": "40647", "P29_002": "E140264700014", "P29_003": "16012", "P29_004": "福岡県立築城特別支援学校", "P29_005": "福岡県築上郡築上町築城1561", "city": "築上町" }, "geometry": { "type": "Point", "coordinates": [ 131.039305055208445, 33.662580245928879 ] } },
{ "type": "Feature", "properties": { "fid": 981, "P29_001": "40203", "P29_002": "G140110111107", "P29_003": "16005", "P29_004": "久留米工業高等専門学校", "P29_005": "福岡県久留米市小森野1-1-1", "city": "久留米市" }, "geometry": { "type": "Point", "coordinates": [ 130.5094617173811, 33.335448371570251 ] } },
{ "type": "Feature", "properties": { "fid": 982, "P29_001": "40202", "P29_002": "G140110111116", "P29_003": "16005", "P29_004": "有明工業高等専門学校", "P29_005": "福岡県大牟田市東萩尾町150", "city": "大牟田市" }, "geometry": { "type": "Point", "coordinates": [ 130.473916755994338, 33.004301097540576 ] } },
{ "type": "Feature", "properties": { "fid": 983, "P29_001": "40107", "P29_002": "G140110111125", "P29_003": "16005", "P29_004": "北九州工業高等専門学校", "P29_005": "福岡県北九州市小倉南区志井5-20-1", "city": "北九州市小倉南区" }, "geometry": { "type": "Point", "coordinates": [ 130.871718285872817, 33.816593173589467 ] } },
{ "type": "Feature", "properties": { "fid": 984, "P29_001": "40203", "P29_002": "B140110000031", "P29_003": "16001", "P29_004": "福岡教育大学附属久留米小学校", "P29_005": "福岡県久留米市南1-3-1", "city": "久留米市" }, "geometry": { "type": "Point", "coordinates": [ 130.517881470227366, 33.294999380355577 ] } },
{ "type": "Feature", "properties": { "fid": 985, "P29_001": "40101", "P29_002": "B140210000039", "P29_003": "16001", "P29_004": "北九州市立大里柳小学校", "P29_005": "福岡県北九州市門司区不老町2-1-1", "city": "北九州市門司区" }, "geometry": { "type": "Point", "coordinates": [ 130.940692245683721, 33.899692791961677 ] } },
{ "type": "Feature", "properties": { "fid": 986, "P29_001": "40101", "P29_002": "B140210000075", "P29_003": "16001", "P29_004": "北九州市立柄杓田小学校", "P29_005": "福岡県北九州市門司区大字柄杓田1002-1", "city": "北九州市門司区" }, "geometry": { "type": "Point", "coordinates": [ 130.991855403390218, 33.908251669790907 ] } },
{ "type": "Feature", "properties": { "fid": 987, "P29_001": "40101", "P29_002": "B140210000084", "P29_003": "16001", "P29_004": "北九州市立大積小学校", "P29_005": "福岡県北九州市門司区大字大積974-3", "city": "北九州市門司区" }, "geometry": { "type": "Point", "coordinates": [ 130.987549176268431, 33.929373113181924 ] } },
{ "type": "Feature", "properties": { "fid": 988, "P29_001": "40101", "P29_002": "B140210000119", "P29_003": "16001", "P29_004": "北九州市立松ヶ江北小学校", "P29_005": "福岡県北九州市門司区大字畑518", "city": "北九州市門司区" }, "geometry": { "type": "Point", "coordinates": [ 130.979945734139562, 33.88384524748875 ] } },
{ "type": "Feature", "properties": { "fid": 989, "P29_001": "40103", "P29_002": "B140210000235", "P29_003": "16001", "P29_004": "北九州市立二島小学校", "P29_005": "福岡県北九州市若松区東二島5-13-1", "city": "北九州市若松区" }, "geometry": { "type": "Point", "coordinates": [ 130.748390809131308, 33.893896565233817 ] } },
{ "type": "Feature", "properties": { "fid": 990, "P29_001": "40103", "P29_002": "B140210000244", "P29_003": "16001", "P29_004": "北九州市立花房小学校", "P29_005": "福岡県北九州市若松区小竹2227", "city": "北九州市若松区" }, "geometry": { "type": "Point", "coordinates": [ 130.741458537929901, 33.908300428652595 ] } },
{ "type": "Feature", "properties": { "fid": 991, "P29_001": "40103", "P29_002": "B140210000253", "P29_003": "16001", "P29_004": "北九州市立江川小学校", "P29_005": "福岡県北九州市若松区乙丸5", "city": "北九州市若松区" }, "geometry": { "type": "Point", "coordinates": [ 130.697919111791123, 33.906821563828423 ] } },
{ "type": "Feature", "properties": { "fid": 992, "P29_001": "40105", "P29_002": "B140210000351", "P29_003": "16001", "P29_004": "北九州市立鞘ヶ谷小学校", "P29_005": "福岡県北九州市戸畑区東鞘ヶ谷町4-1", "city": "北九州市戸畑区" }, "geometry": { "type": "Point", "coordinates": [ 130.836513341301384, 33.8777078992387 ] } },
{ "type": "Feature", "properties": { "fid": 993, "P29_001": "40105", "P29_002": "B140210000379", "P29_003": "16001", "P29_004": "北九州市立大谷小学校", "P29_005": "福岡県北九州市戸畑区菅原4-6-1", "city": "北九州市戸畑区" }, "geometry": { "type": "Point", "coordinates": [ 130.827651199488713, 33.883324930110625 ] } },
{ "type": "Feature", "properties": { "fid": 994, "P29_001": "40105", "P29_002": "B140210000397", "P29_003": "16001", "P29_004": "北九州市立戸畑中央小学校", "P29_005": "福岡県北九州市戸畑区新池2-1-12", "city": "北九州市戸畑区" }, "geometry": { "type": "Point", "coordinates": [ 130.828548206390934, 33.898090297963378 ] } },
{ "type": "Feature", "properties": { "fid": 995, "P29_001": "40106", "P29_002": "B140210000468", "P29_003": "16001", "P29_004": "北九州市立藍島小学校", "P29_005": "福岡県北九州市小倉北区大字藍島246-3", "city": "北九州市小倉北区" }, "geometry": { "type": "Point", "coordinates": [ 130.818071331336142, 33.992819294041936 ] } },
{ "type": "Feature", "properties": { "fid": 996, "P29_001": "40106", "P29_002": "B140210000609", "P29_003": "16001", "P29_004": "北九州市立小倉中央小学校", "P29_005": "福岡県北九州市小倉北区堺町2-4-1", "city": "北九州市小倉北区" }, "geometry": { "type": "Point", "coordinates": [ 130.886750127201935, 33.881686813350441 ] } },
{ "type": "Feature", "properties": { "fid": 997, "P29_001": "40107", "P29_002": "B140210000636", "P29_003": "16001", "P29_004": "北九州市立徳力小学校", "P29_005": "福岡県北九州市小倉南区徳力新町2-2-1", "city": "北九州市小倉南区" }, "geometry": { "type": "Point", "coordinates": [ 130.867847747730423, 33.835614913829247 ] } },
{ "type": "Feature", "properties": { "fid": 998, "P29_001": "40107", "P29_002": "B140210000725", "P29_003": "16001", "P29_004": "北九州市立市丸小学校", "P29_005": "福岡県北九州市小倉南区大字市丸472-2", "city": "北九州市小倉南区" }, "geometry": { "type": "Point", "coordinates": [ 130.867817897950346, 33.762897784710425 ] } },
{ "type": "Feature", "properties": { "fid": 999, "P29_001": "40107", "P29_002": "B140210000752", "P29_003": "16001", "P29_004": "北九州市立若園小学校", "P29_005": "福岡県北九州市小倉南区若園3-14-22", "city": "北九州市小倉南区" }, "geometry": { "type": "Point", "coordinates": [ 130.89020851093332, 33.846459005830013 ] } },
{ "type": "Feature", "properties": { "fid": 1000, "P29_001": "40108", "P29_002": "B140210000903", "P29_003": "16001", "P29_004": "北九州市立祝町小学校", "P29_005": "福岡県北九州市八幡東区祝町1-23-12", "city": "北九州市八幡東区" }, "geometry": { "type": "Point", "coordinates": [ 130.827571024118754, 33.861756457226221 ] } },
{ "type": "Feature", "properties": { "fid": 1001, "P29_001": "40108", "P29_002": "B140210000976", "P29_003": "16001", "P29_004": "北九州市立花尾小学校", "P29_005": "福岡県北九州市八幡東区祇園1-6-1", "city": "北九州市八幡東区" }, "geometry": { "type": "Point", "coordinates": [ 130.788778244100115, 33.865150032239313 ] } },
{ "type": "Feature", "properties": { "fid": 1002, "P29_001": "40109", "P29_002": "B140210001038", "P29_003": "16001", "P29_004": "北九州市立黒畑小学校", "P29_005": "福岡県北九州市八幡西区西鳴水2-4-1", "city": "北九州市八幡西区" }, "geometry": { "type": "Point", "coordinates": [ 130.767723530340874, 33.852895505380559 ] } },
{ "type": "Feature", "properties": { "fid": 1003, "P29_001": "40109", "P29_002": "B140210001047", "P29_003": "16001", "P29_004": "北九州市立熊西小学校", "P29_005": "福岡県北九州市八幡西区西曲里町7-1", "city": "北九州市八幡西区" }, "geometry": { "type": "Point", "coordinates": [ 130.76025646650524, 33.857936616211518 ] } },
{ "type": "Feature", "properties": { "fid": 1004, "P29_001": "40109", "P29_002": "B140210001056", "P29_003": "16001", "P29_004": "北九州市立筒井小学校", "P29_005": "福岡県北九州市八幡西区筒井町3-1", "city": "北九州市八幡西区" }, "geometry": { "type": "Point", "coordinates": [ 130.759862443043204, 33.863602159561793 ] } },
{ "type": "Feature", "properties": { "fid": 1005, "P29_001": "40109", "P29_002": "B140210001127", "P29_003": "16001", "P29_004": "北九州市立永犬丸小学校", "P29_005": "福岡県北九州市八幡西区美原町9-1", "city": "北九州市八幡西区" }, "geometry": { "type": "Point", "coordinates": [ 130.741029230858601, 33.839637957281795 ] } },
{ "type": "Feature", "properties": { "fid": 1006, "P29_001": "40109", "P29_002": "B140210001172", "P29_003": "16001", "P29_004": "北九州市立楠橋小学校", "P29_005": "福岡県北九州市八幡西区楠橋上方1-3-1", "city": "北九州市八幡西区" }, "geometry": { "type": "Point", "coordinates": [ 130.732682787017296, 33.79468189130025 ] } },
{ "type": "Feature", "properties": { "fid": 1007, "P29_001": "40109", "P29_002": "B140210001234", "P29_003": "16001", "P29_004": "北九州市立青山小学校", "P29_005": "福岡県北九州市八幡西区青山1-7-1", "city": "北九州市八幡西区" }, "geometry": { "type": "Point", "coordinates": [ 130.752357048356686, 33.862168354659453 ] } },
{ "type": "Feature", "properties": { "fid": 1008, "P29_001": "40103", "P29_002": "B140210001305", "P29_003": "16001", "P29_004": "北九州市立くきのうみ小学校", "P29_005": "福岡県北九州市若松区古前2-19-36", "city": "北九州市若松区" }, "geometry": { "type": "Point", "coordinates": [ 130.801981679042626, 33.901085445345963 ] } },
{ "type": "Feature", "properties": { "fid": 1009, "P29_001": "40101", "P29_002": "B140210001314", "P29_003": "16001", "P29_004": "北九州市立小森江小学校", "P29_005": "福岡県北九州市門司区羽山1-12-1", "city": "北九州市門司区" }, "geometry": { "type": "Point", "coordinates": [ 130.944816586343677, 33.920327206228222 ] } },
{ "type": "Feature", "properties": { "fid": 1010, "P29_001": "40131", "P29_002": "B140213000186", "P29_003": "16001", "P29_004": "福岡市立香椎東小学校", "P29_005": "福岡県福岡市東区香椎台1-9-1", "city": "福岡市東区" }, "geometry": { "type": "Point", "coordinates": [ 130.456405178551393, 33.652639461111768 ] } },
{ "type": "Feature", "properties": { "fid": 1011, "P29_001": "40131", "P29_002": "B140213000195", "P29_003": "16001", "P29_004": "福岡市立青葉小学校", "P29_005": "福岡県福岡市東区青葉3-9-1", "city": "福岡市東区" }, "geometry": { "type": "Point", "coordinates": [ 130.462790241365951, 33.645582675057973 ] } },
{ "type": "Feature", "properties": { "fid": 1012, "P29_001": "40131", "P29_002": "B140213000211", "P29_003": "16001", "P29_004": "福岡市立香椎浜小学校", "P29_005": "福岡県福岡市東区香椎浜2-2-2", "city": "福岡市東区" }, "geometry": { "type": "Point", "coordinates": [ 130.427621828589253, 33.653232418047281 ] } },
{ "type": "Feature", "properties": { "fid": 1013, "P29_001": "40131", "P29_002": "B140213000239", "P29_003": "16001", "P29_004": "福岡市立香陵小学校", "P29_005": "福岡県福岡市東区香椎浜4-3-2", "city": "福岡市東区" }, "geometry": { "type": "Point", "coordinates": [ 130.433456252934576, 33.655475474059124 ] } },
{ "type": "Feature", "properties": { "fid": 1014, "P29_001": "40131", "P29_002": "B140213000293", "P29_003": "16001", "P29_004": "福岡市立志賀島小学校", "P29_005": "福岡県福岡市東区大字志賀島1566-1", "city": "福岡市東区" }, "geometry": { "type": "Point", "coordinates": [ 130.30786526194774, 33.661780357407075 ] } },
{ "type": "Feature", "properties": { "fid": 1015, "P29_001": "40131", "P29_002": "B140213000300", "P29_003": "16001", "P29_004": "福岡市立勝馬小学校", "P29_005": "福岡県福岡市東区勝馬1786", "city": "福岡市東区" }, "geometry": { "type": "Point", "coordinates": [ 130.291449118234709, 33.68643046705774 ] } },
{ "type": "Feature", "properties": { "fid": 1016, "P29_001": "40132", "P29_002": "B140213000319", "P29_003": "16001", "P29_004": "福岡市立住吉小学校", "P29_005": "福岡県福岡市博多区美野島3-22-7", "city": "福岡市博多区" }, "geometry": { "type": "Point", "coordinates": [ 130.417166182821404, 33.576758979817562 ] } },
{ "type": "Feature", "properties": { "fid": 1017, "P29_001": "40132", "P29_002": "B140213000337", "P29_003": "16001", "P29_004": "福岡市立千代小学校", "P29_005": "福岡県福岡市博多区東公園8-1", "city": "福岡市博多区" }, "geometry": { "type": "Point", "coordinates": [ 130.417815691242623, 33.604158333686321 ] } },
{ "type": "Feature", "properties": { "fid": 1018, "P29_001": "40132", "P29_002": "B140213000480", "P29_003": "16001", "P29_004": "福岡市立博多小学校", "P29_005": "福岡県福岡市博多区奈良屋町1-38", "city": "福岡市博多区" }, "geometry": { "type": "Point", "coordinates": [ 130.406373145088281, 33.599306351577859 ] } },
{ "type": "Feature", "properties": { "fid": 1019, "P29_001": "40133", "P29_002": "B140213000578", "P29_003": "16001", "P29_004": "福岡市立笹丘小学校", "P29_005": "福岡県福岡市中央区笹丘2-25-1", "city": "福岡市中央区" }, "geometry": { "type": "Point", "coordinates": [ 130.380736755626202, 33.566533725302584 ] } },
{ "type": "Feature", "properties": { "fid": 1020, "P29_001": "40133", "P29_002": "B140213000603", "P29_003": "16001", "P29_004": "福岡市立舞鶴小学校", "P29_005": "福岡県福岡市中央区舞鶴2-6-1", "city": "福岡市中央区" }, "geometry": { "type": "Point", "coordinates": [ 130.390931215386388, 33.592996218867491 ] } },
{ "type": "Feature", "properties": { "fid": 1021, "P29_001": "40134", "P29_002": "B140213000836", "P29_003": "16001", "P29_004": "福岡市立塩原小学校", "P29_005": "福岡県福岡市南区塩原1-27-1", "city": "福岡市南区" }, "geometry": { "type": "Point", "coordinates": [ 130.431937605383752, 33.564364381704621 ] } },
{ "type": "Feature", "properties": { "fid": 1022, "P29_001": "40135", "P29_002": "B140213000881", "P29_003": "16001", "P29_004": "福岡市立能古小学校", "P29_005": "福岡県福岡市西区能古357", "city": "福岡市西区" }, "geometry": { "type": "Point", "coordinates": [ 130.308483629736713, 33.615593583445488 ] } },
{ "type": "Feature", "properties": { "fid": 1023, "P29_001": "40135", "P29_002": "B140213000907", "P29_003": "16001", "P29_004": "福岡市立今津小学校", "P29_005": "福岡県福岡市西区今津4808", "city": "福岡市西区" }, "geometry": { "type": "Point", "coordinates": [ 130.2532869751291, 33.60782896101324 ] } },
{ "type": "Feature", "properties": { "fid": 1024, "P29_001": "40135", "P29_002": "B140213000916", "P29_003": "16001", "P29_004": "福岡市立内浜小学校", "P29_005": "福岡県福岡市西区姪の浜5-8-8", "city": "福岡市西区" }, "geometry": { "type": "Point", "coordinates": [ 130.322684219300612, 33.585143264008842 ] } },
{ "type": "Feature", "properties": { "fid": 1025, "P29_001": "40135", "P29_002": "B140213000961", "P29_003": "16001", "P29_004": "福岡市立玄界小学校", "P29_005": "福岡県福岡市西区大字玄界島239", "city": "福岡市西区" }, "geometry": { "type": "Point", "coordinates": [ 130.235289132011218, 33.685659634562874 ] } },
{ "type": "Feature", "properties": { "fid": 1026, "P29_001": "40135", "P29_002": "B140213000970", "P29_003": "16001", "P29_004": "福岡市立小呂小学校", "P29_005": "福岡県福岡市西区大字小呂島285", "city": "福岡市西区" }, "geometry": { "type": "Point", "coordinates": [ 130.036257414397397, 33.869610128260817 ] } },
{ "type": "Feature", "properties": { "fid": 1027, "P29_001": "40135", "P29_002": "B140213001005", "P29_003": "16001", "P29_004": "福岡市立西陵小学校", "P29_005": "福岡県福岡市西区生の松原3-9-2", "city": "福岡市西区" }, "geometry": { "type": "Point", "coordinates": [ 130.296934406613872, 33.574342072588401 ] } },
{ "type": "Feature", "properties": { "fid": 1028, "P29_001": "40135", "P29_002": "B140213001087", "P29_003": "16001", "P29_004": "福岡市立姪北小学校", "P29_005": "福岡県福岡市西区姪の浜2-20-23", "city": "福岡市西区" }, "geometry": { "type": "Point", "coordinates": [ 130.328202027468478, 33.590844285258449 ] } },
{ "type": "Feature", "properties": { "fid": 1029, "P29_001": "40136", "P29_002": "B140213001112", "P29_003": "16001", "P29_004": "福岡市立鳥飼小学校", "P29_005": "福岡県福岡市城南区鳥飼4-13-2", "city": "福岡市城南区" }, "geometry": { "type": "Point", "coordinates": [ 130.365708104277786, 33.579731234453654 ] } },
{ "type": "Feature", "properties": { "fid": 1030, "P29_001": "40137", "P29_002": "B140213001265", "P29_003": "16001", "P29_004": "福岡市立室見小学校", "P29_005": "福岡県福岡市早良区室見3-3-1", "city": "福岡市早良区" }, "geometry": { "type": "Point", "coordinates": [ 130.344206739878786, 33.575209899017473 ] } },
{ "type": "Feature", "properties": { "fid": 1031, "P29_001": "40137", "P29_002": "B140213001336", "P29_003": "16001", "P29_004": "福岡市立大原小学校", "P29_005": "福岡県福岡市早良区原3-8-10", "city": "福岡市早良区" }, "geometry": { "type": "Point", "coordinates": [ 130.344216183622279, 33.570634999694136 ] } },
{ "type": "Feature", "properties": { "fid": 1032, "P29_001": "40137", "P29_002": "B140213001416", "P29_003": "16001", "P29_004": "福岡市立百道浜小学校", "P29_005": "福岡県福岡市早良区百道浜4-24-1", "city": "福岡市早良区" }, "geometry": { "type": "Point", "coordinates": [ 130.349294191666957, 33.592369173278954 ] } },
{ "type": "Feature", "properties": { "fid": 1033, "P29_001": "40137", "P29_002": "B140213001434", "P29_003": "16001", "P29_004": "福岡市立脇山小学校", "P29_005": "福岡県福岡市早良区大字脇山2558", "city": "福岡市早良区" }, "geometry": { "type": "Point", "coordinates": [ 130.352794726871906, 33.489409532005745 ] } },
{ "type": "Feature", "properties": { "fid": 1034, "P29_001": "40137", "P29_002": "B140213001452", "P29_003": "16001", "P29_004": "福岡市立曲渕小学校", "P29_005": "福岡県福岡市早良区大字曲渕713-1", "city": "福岡市早良区" }, "geometry": { "type": "Point", "coordinates": [ 130.298331144877977, 33.497905233595375 ] } },
{ "type": "Feature", "properties": { "fid": 1035, "P29_001": "40135", "P29_002": "B140213001461", "P29_003": "16001", "P29_004": "福岡市立西都北小学校", "P29_005": "福岡県福岡市西区北原2-40-1", "city": "福岡市西区" }, "geometry": { "type": "Point", "coordinates": [ 130.255702684291379, 33.585938428610106 ] } },
{ "type": "Feature", "properties": { "fid": 1036, "P29_001": "40202", "P29_002": "B140220200018", "P29_003": "16001", "P29_004": "大牟田市立玉川小学校", "P29_005": "福岡県大牟田市大字櫟野2710-1", "city": "大牟田市" }, "geometry": { "type": "Point", "coordinates": [ 130.491705936279942, 33.007987776465995 ] } },
{ "type": "Feature", "properties": { "fid": 1037, "P29_001": "40202", "P29_002": "B140220200054", "P29_003": "16001", "P29_004": "大牟田市立白川小学校", "P29_005": "福岡県大牟田市中白川町1-183", "city": "大牟田市" }, "geometry": { "type": "Point", "coordinates": [ 130.459710455366348, 33.044116972743858 ] } },
{ "type": "Feature", "properties": { "fid": 1038, "P29_001": "40202", "P29_002": "B140220200072", "P29_003": "16001", "P29_004": "大牟田市立高取小学校", "P29_005": "福岡県大牟田市大字歴木1807-58", "city": "大牟田市" }, "geometry": { "type": "Point", "coordinates": [ 130.483496133880635, 33.031531356133065 ] } },
{ "type": "Feature", "properties": { "fid": 1039, "P29_001": "40202", "P29_002": "B140220200107", "P29_003": "16001", "P29_004": "大牟田市立上内小学校", "P29_005": "福岡県大牟田市上内1575-1", "city": "大牟田市" }, "geometry": { "type": "Point", "coordinates": [ 130.504258456944569, 33.073422189915071 ] } },
{ "type": "Feature", "properties": { "fid": 1040, "P29_001": "40202", "P29_002": "B140220200170", "P29_003": "16001", "P29_004": "大牟田市立天の原小学校", "P29_005": "福岡県大牟田市笹原町3-116", "city": "大牟田市" }, "geometry": { "type": "Point", "coordinates": [ 130.467584469037718, 33.009100247159402 ] } },
{ "type": "Feature", "properties": { "fid": 1041, "P29_001": "40203", "P29_002": "B140220300160", "P29_003": "16001", "P29_004": "久留米市立上津小学校", "P29_005": "福岡県久留米市上津町1923-3-1", "city": "久留米市" }, "geometry": { "type": "Point", "coordinates": [ 130.534580400145217, 33.279749584930798 ] } },
{ "type": "Feature", "properties": { "fid": 1042, "P29_001": "40203", "P29_002": "B140220300259", "P29_003": "16001", "P29_004": "久留米市立大橋小学校", "P29_005": "福岡県久留米市大橋町合楽1081", "city": "久留米市" }, "geometry": { "type": "Point", "coordinates": [ 130.635280610792677, 33.33852134560469 ] } },
{ "type": "Feature", "properties": { "fid": 1043, "P29_001": "40203", "P29_002": "B140220300277", "P29_003": "16001", "P29_004": "久留米市立津福小学校", "P29_005": "福岡県久留米市津福今町472-31", "city": "久留米市" }, "geometry": { "type": "Point", "coordinates": [ 130.502342329085479, 33.28988275275649 ] } },
{ "type": "Feature", "properties": { "fid": 1044, "P29_001": "40204", "P29_002": "B140220400043", "P29_003": "16001", "P29_004": "直方市立新入小学校", "P29_005": "福岡県直方市上新入2081", "city": "直方市" }, "geometry": { "type": "Point", "coordinates": [ 130.709824448388872, 33.753692076610221 ] } },
{ "type": "Feature", "properties": { "fid": 1045, "P29_001": "40204", "P29_002": "B140220400070", "P29_003": "16001", "P29_004": "直方市立下境小学校", "P29_005": "福岡県直方市大字下境1820", "city": "直方市" }, "geometry": { "type": "Point", "coordinates": [ 130.739700660115091, 33.728542725385516 ] } },
{ "type": "Feature", "properties": { "fid": 1046, "P29_001": "40204", "P29_002": "B140220400089", "P29_003": "16001", "P29_004": "直方市立福地小学校", "P29_005": "福岡県直方市永満寺2427", "city": "直方市" }, "geometry": { "type": "Point", "coordinates": [ 130.761663442220168, 33.729615012875271 ] } },
{ "type": "Feature", "properties": { "fid": 1047, "P29_001": "40204", "P29_002": "B140220400098", "P29_003": "16001", "P29_004": "直方市立中泉小学校", "P29_005": "福岡県直方市中泉848-3", "city": "直方市" }, "geometry": { "type": "Point", "coordinates": [ 130.739561541244797, 33.718810647026331 ] } },
{ "type": "Feature", "properties": { "fid": 1048, "P29_001": "40204", "P29_002": "B140220400114", "P29_003": "16001", "P29_004": "直方市立直方東小学校", "P29_005": "福岡県直方市大字頓野2095-1", "city": "直方市" }, "geometry": { "type": "Point", "coordinates": [ 130.747215572139567, 33.748373077604768 ] } },
{ "type": "Feature", "properties": { "fid": 1049, "P29_001": "40205", "P29_002": "B140220500104", "P29_003": "16001", "P29_004": "飯塚市立庄内小学校", "P29_005": "福岡県飯塚市有安1-22", "city": "飯塚市" }, "geometry": { "type": "Point", "coordinates": [ 130.733697735221398, 33.639391123586535 ] } },
{ "type": "Feature", "properties": { "fid": 1050, "P29_001": "40205", "P29_002": "B140220500113", "P29_003": "16001", "P29_004": "飯塚市立頴田小学校", "P29_005": "福岡県飯塚市鹿毛馬1667-2", "city": "飯塚市" }, "geometry": { "type": "Point", "coordinates": [ 130.728082645370847, 33.683971756840265 ] } },
{ "type": "Feature", "properties": { "fid": 1051, "P29_001": "40205", "P29_002": "B140220500122", "P29_003": "16001", "P29_004": "飯塚市立若菜小学校", "P29_005": "福岡県飯塚市小正249-2", "city": "飯塚市" }, "geometry": { "type": "Point", "coordinates": [ 130.666719973022822, 33.627305964691303 ] } },
{ "type": "Feature", "properties": { "fid": 1052, "P29_001": "40205", "P29_002": "B140220500140", "P29_003": "16001", "P29_004": "飯塚市立高田小学校", "P29_005": "福岡県飯塚市高田701", "city": "飯塚市" }, "geometry": { "type": "Point", "coordinates": [ 130.639899908129507, 33.606888735629951 ] } },
{ "type": "Feature", "properties": { "fid": 1053, "P29_001": "40205", "P29_002": "B140220500186", "P29_003": "16001", "P29_004": "飯塚市立穂波東小学校", "P29_005": "福岡県飯塚市平恒1021", "city": "飯塚市" }, "geometry": { "type": "Point", "coordinates": [ 130.68468656361145, 33.610991913429643 ] } },
{ "type": "Feature", "properties": { "fid": 1054, "P29_001": "40206", "P29_002": "B140220600014", "P29_003": "16001", "P29_004": "田川市立猪位金小学校", "P29_005": "福岡県田川市位登509", "city": "田川市" }, "geometry": { "type": "Point", "coordinates": [ 130.792782968975899, 33.60522361329307 ] } },
{ "type": "Feature", "properties": { "fid": 1055, "P29_001": "40206", "P29_002": "B140220600087", "P29_003": "16001", "P29_004": "田川市立伊田小学校", "P29_005": "福岡県田川市伊田4390", "city": "田川市" }, "geometry": { "type": "Point", "coordinates": [ 130.815898666959328, 33.649606292349603 ] } },
{ "type": "Feature", "properties": { "fid": 1056, "P29_001": "40207", "P29_002": "B140220700040", "P29_003": "16001", "P29_004": "柳川市立東宮永小学校", "P29_005": "福岡県柳川市下宮永町374", "city": "柳川市" }, "geometry": { "type": "Point", "coordinates": [ 130.405523017766768, 33.143672130004255 ] } },
{ "type": "Feature", "properties": { "fid": 1057, "P29_001": "40207", "P29_002": "B140220700059", "P29_003": "16001", "P29_004": "柳川市立両開小学校", "P29_005": "福岡県柳川市有明町1750", "city": "柳川市" }, "geometry": { "type": "Point", "coordinates": [ 130.392556813051272, 33.13017237677078 ] } },
{ "type": "Feature", "properties": { "fid": 1058, "P29_001": "40207", "P29_002": "B140220700068", "P29_003": "16001", "P29_004": "柳川市立昭代第一小学校", "P29_005": "福岡県柳川市田脇810", "city": "柳川市" }, "geometry": { "type": "Point", "coordinates": [ 130.379338163827867, 33.171758927746453 ] } },
{ "type": "Feature", "properties": { "fid": 1059, "P29_001": "40207", "P29_002": "B140220700086", "P29_003": "16001", "P29_004": "柳川市立蒲池小学校", "P29_005": "福岡県柳川市金納455", "city": "柳川市" }, "geometry": { "type": "Point", "coordinates": [ 130.416761856130933, 33.18749175160967 ] } },
{ "type": "Feature", "properties": { "fid": 1060, "P29_001": "40210", "P29_002": "B140221000018", "P29_003": "16001", "P29_004": "八女市立福島小学校", "P29_005": "福岡県八女市本町657", "city": "八女市" }, "geometry": { "type": "Point", "coordinates": [ 130.559204099701134, 33.211936050491524 ] } },
{ "type": "Feature", "properties": { "fid": 1061, "P29_001": "40210", "P29_002": "B140221000027", "P29_003": "16001", "P29_004": "八女市立長峰小学校", "P29_005": "福岡県八女市吉田654-1", "city": "八女市" }, "geometry": { "type": "Point", "coordinates": [ 130.560696500697304, 33.226042589433995 ] } },
{ "type": "Feature", "properties": { "fid": 1062, "P29_001": "40210", "P29_002": "B140221000063", "P29_003": "16001", "P29_004": "八女市立忠見小学校", "P29_005": "福岡県八女市忠見980", "city": "八女市" }, "geometry": { "type": "Point", "coordinates": [ 130.593119619964085, 33.22453445156939 ] } },
{ "type": "Feature", "properties": { "fid": 1063, "P29_001": "40210", "P29_002": "B140221000072", "P29_003": "16001", "P29_004": "八女市立川崎小学校", "P29_005": "福岡県八女市山内769", "city": "八女市" }, "geometry": { "type": "Point", "coordinates": [ 130.614105314574545, 33.221036575531627 ] } },
{ "type": "Feature", "properties": { "fid": 1064, "P29_001": "40210", "P29_002": "B140221000090", "P29_003": "16001", "P29_004": "八女市立立花小学校", "P29_005": "福岡県八女市立花町谷川1058", "city": "八女市" }, "geometry": { "type": "Point", "coordinates": [ 130.590349755105194, 33.204023439656169 ] } },
{ "type": "Feature", "properties": { "fid": 1065, "P29_001": "40210", "P29_002": "B140221000116", "P29_003": "16001", "P29_004": "八女市立黒木西小学校", "P29_005": "福岡県八女市黒木町本分38-1", "city": "八女市" }, "geometry": { "type": "Point", "coordinates": [ 130.649543750148183, 33.205832835773379 ] } },
{ "type": "Feature", "properties": { "fid": 1066, "P29_001": "40211", "P29_002": "B140221100044", "P29_003": "16001", "P29_004": "筑後市立水洗小学校", "P29_005": "福岡県筑後市志13", "city": "筑後市" }, "geometry": { "type": "Point", "coordinates": [ 130.500377665411463, 33.185746148520352 ] } },
{ "type": "Feature", "properties": { "fid": 1067, "P29_001": "40211", "P29_002": "B140221100062", "P29_003": "16001", "P29_004": "筑後市立下妻小学校", "P29_005": "福岡県筑後市下妻1317", "city": "筑後市" }, "geometry": { "type": "Point", "coordinates": [ 130.475042842750128, 33.181877179161965 ] } },
{ "type": "Feature", "properties": { "fid": 1068, "P29_001": "40211", "P29_002": "B140221100071", "P29_003": "16001", "P29_004": "筑後市立古島小学校", "P29_005": "福岡県筑後市古島233", "city": "筑後市" }, "geometry": { "type": "Point", "coordinates": [ 130.470001381333617, 33.196521822663101 ] } },
{ "type": "Feature", "properties": { "fid": 1069, "P29_001": "40211", "P29_002": "B140221100080", "P29_003": "16001", "P29_004": "筑後市立二川小学校", "P29_005": "福岡県筑後市若菜433", "city": "筑後市" }, "geometry": { "type": "Point", "coordinates": [ 130.475453968530616, 33.213516161004044 ] } },
{ "type": "Feature", "properties": { "fid": 1070, "P29_001": "40211", "P29_002": "B140221100115", "P29_003": "16001", "P29_004": "筑後市立筑後北小学校", "P29_005": "福岡県筑後市西牟田6044", "city": "筑後市" }, "geometry": { "type": "Point", "coordinates": [ 130.50676749416607, 33.243002274053772 ] } },
{ "type": "Feature", "properties": { "fid": 1071, "P29_001": "40212", "P29_002": "B140221200043", "P29_003": "16001", "P29_004": "大川市立道海島小学校", "P29_005": "福岡県大川市大字道海島91-1", "city": "大川市" }, "geometry": { "type": "Point", "coordinates": [ 130.380779805551839, 33.240568047889461 ] } },
{ "type": "Feature", "properties": { "fid": 1072, "P29_001": "40213", "P29_002": "B140221300024", "P29_003": "16001", "P29_004": "行橋市立椿市小学校", "P29_005": "福岡県行橋市大字長尾530", "city": "行橋市" }, "geometry": { "type": "Point", "coordinates": [ 130.921079497101715, 33.736220482535806 ] } },
{ "type": "Feature", "properties": { "fid": 1073, "P29_001": "40213", "P29_002": "B140221300033", "P29_003": "16001", "P29_004": "行橋市立稗田小学校", "P29_005": "福岡県行橋市大字下稗田967", "city": "行橋市" }, "geometry": { "type": "Point", "coordinates": [ 130.942707275458417, 33.702366225338778 ] } },
{ "type": "Feature", "properties": { "fid": 1074, "P29_001": "40213", "P29_002": "B140221300097", "P29_003": "16001", "P29_004": "行橋市立仲津小学校", "P29_005": "福岡県行橋市道場寺1439", "city": "行橋市" }, "geometry": { "type": "Point", "coordinates": [ 131.014208851119008, 33.696364967480648 ] } },
{ "type": "Feature", "properties": { "fid": 1075, "P29_001": "40213", "P29_002": "B140221300104", "P29_003": "16001", "P29_004": "行橋市立行橋南小学校", "P29_005": "福岡県行橋市南大橋2-5-1", "city": "行橋市" }, "geometry": { "type": "Point", "coordinates": [ 130.983857072194184, 33.724716087679795 ] } },
{ "type": "Feature", "properties": { "fid": 1076, "P29_001": "40214", "P29_002": "B140221400041", "P29_003": "16001", "P29_004": "豊前市立角田小学校", "P29_005": "福岡県豊前市中村943-1", "city": "豊前市" }, "geometry": { "type": "Point", "coordinates": [ 131.085654592302205, 33.623583254681648 ] } },
{ "type": "Feature", "properties": { "fid": 1077, "P29_001": "40216", "P29_002": "B140221600076", "P29_003": "16001", "P29_004": "小郡市立東野小学校", "P29_005": "福岡県小郡市小郡2409-4", "city": "小郡市" }, "geometry": { "type": "Point", "coordinates": [ 130.549778480807987, 33.409704301982806 ] } },
{ "type": "Feature", "properties": { "fid": 1078, "P29_001": "40217", "P29_002": "B140221700039", "P29_003": "16001", "P29_004": "筑紫野市立吉木小学校", "P29_005": "福岡県筑紫野市大字吉木2526-2", "city": "筑紫野市" }, "geometry": { "type": "Point", "coordinates": [ 130.556524826158153, 33.513807731013152 ] } },
{ "type": "Feature", "properties": { "fid": 1079, "P29_001": "40218", "P29_002": "B140221800038", "P29_003": "16001", "P29_004": "春日市立春日東小学校", "P29_005": "福岡県春日市若葉台東1-51", "city": "春日市" }, "geometry": { "type": "Point", "coordinates": [ 130.463066529271003, 33.528075251111197 ] } },
{ "type": "Feature", "properties": { "fid": 1080, "P29_001": "40218", "P29_002": "B140221800047", "P29_003": "16001", "P29_004": "春日市立春日原小学校", "P29_005": "福岡県春日市春日原南町4-37-1", "city": "春日市" }, "geometry": { "type": "Point", "coordinates": [ 130.472672472496583, 33.533601483526432 ] } },
{ "type": "Feature", "properties": { "fid": 1081, "P29_001": "40218", "P29_002": "B140221800083", "P29_003": "16001", "P29_004": "春日市立大谷小学校", "P29_005": "福岡県春日市大谷4-1", "city": "春日市" }, "geometry": { "type": "Point", "coordinates": [ 130.453195522207977, 33.527413500899257 ] } },
{ "type": "Feature", "properties": { "fid": 1082, "P29_001": "40220", "P29_002": "B140222000105", "P29_003": "16001", "P29_004": "宗像市立自由ヶ丘南小学校", "P29_005": "福岡県宗像市朝町1124-2", "city": "宗像市" }, "geometry": { "type": "Point", "coordinates": [ 130.581398358835628, 33.779835435787291 ] } },
{ "type": "Feature", "properties": { "fid": 1083, "P29_001": "40220", "P29_002": "B140222000114", "P29_003": "16001", "P29_004": "宗像市立玄海小学校", "P29_005": "福岡県宗像市江口965", "city": "宗像市" }, "geometry": { "type": "Point", "coordinates": [ 130.509296036944988, 33.841510234802563 ] } },
{ "type": "Feature", "properties": { "fid": 1084, "P29_001": "40220", "P29_002": "B140222000123", "P29_003": "16001", "P29_004": "宗像市立地島小学校", "P29_005": "福岡県宗像市地島428-1", "city": "宗像市" }, "geometry": { "type": "Point", "coordinates": [ 130.5001594591605, 33.900313285584737 ] } },
{ "type": "Feature", "properties": { "fid": 1085, "P29_001": "40220", "P29_002": "B140222000132", "P29_003": "16001", "P29_004": "宗像市立玄海東小学校", "P29_005": "福岡県宗像市田野1382", "city": "宗像市" }, "geometry": { "type": "Point", "coordinates": [ 130.526179536981971, 33.86462808486651 ] } },
{ "type": "Feature", "properties": { "fid": 1086, "P29_001": "40223", "P29_002": "B140222300022", "P29_003": "16001", "P29_004": "古賀市立小野小学校", "P29_005": "福岡県古賀市米多比1390-2", "city": "古賀市" }, "geometry": { "type": "Point", "coordinates": [ 130.512831426420036, 33.726767299860718 ] } },
{ "type": "Feature", "properties": { "fid": 1087, "P29_001": "40223", "P29_002": "B140222300068", "P29_003": "16001", "P29_004": "古賀市立千鳥小学校", "P29_005": "福岡県古賀市千鳥4-1-1", "city": "古賀市" }, "geometry": { "type": "Point", "coordinates": [ 130.477377956180618, 33.746280922282573 ] } },
{ "type": "Feature", "properties": { "fid": 1088, "P29_001": "40224", "P29_002": "B140222400021", "P29_003": "16001", "P29_004": "福津市立上西郷小学校", "P29_005": "福岡県福津市内殿591-4", "city": "福津市" }, "geometry": { "type": "Point", "coordinates": [ 130.517940889813588, 33.756129869557732 ] } },
{ "type": "Feature", "properties": { "fid": 1089, "P29_001": "40224", "P29_002": "B140222400076", "P29_003": "16001", "P29_004": "福津市立勝浦小学校", "P29_005": "福岡県福津市勝浦2255", "city": "福津市" }, "geometry": { "type": "Point", "coordinates": [ 130.487255851443393, 33.82723052909585 ] } },
{ "type": "Feature", "properties": { "fid": 1090, "P29_001": "40226", "P29_002": "B140222600010", "P29_003": "16001", "P29_004": "宮若市立宮田南小学校", "P29_005": "福岡県宮若市宮田3461", "city": "宮若市" }, "geometry": { "type": "Point", "coordinates": [ 130.658556934173873, 33.722044179245415 ] } },
{ "type": "Feature", "properties": { "fid": 1091, "P29_001": "40226", "P29_002": "B140222600065", "P29_003": "16001", "P29_004": "宮若市立光陵小学校", "P29_005": "福岡県宮若市磯光1317-1", "city": "宮若市" }, "geometry": { "type": "Point", "coordinates": [ 130.686705986582467, 33.710264736883438 ] } },
{ "type": "Feature", "properties": { "fid": 1092, "P29_001": "40228", "P29_002": "B140222800045", "P29_003": "16001", "P29_004": "朝倉市立福田小学校", "P29_005": "福岡県朝倉市小田450", "city": "朝倉市" }, "geometry": { "type": "Point", "coordinates": [ 130.663761526989447, 33.385746276127698 ] } },
{ "type": "Feature", "properties": { "fid": 1093, "P29_001": "40229", "P29_002": "B140222900115", "P29_003": "16001", "P29_004": "みやま市立高田小学校", "P29_005": "福岡県みやま市高田町下楠田1443", "city": "みやま市" }, "geometry": { "type": "Point", "coordinates": [ 130.464048903556943, 33.095658157559505 ] } },
{ "type": "Feature", "properties": { "fid": 1094, "P29_001": "40230", "P29_002": "B140223000112", "P29_003": "16001", "P29_004": "糸島市立福吉小学校", "P29_005": "福岡県糸島市二丈吉井4118", "city": "糸島市" }, "geometry": { "type": "Point", "coordinates": [ 130.078838043773317, 33.502725831773802 ] } },
{ "type": "Feature", "properties": { "fid": 1095, "P29_001": "40230", "P29_002": "B140223000130", "P29_003": "16001", "P29_004": "糸島市立桜野小学校", "P29_005": "福岡県糸島市志摩桜井5921", "city": "糸島市" }, "geometry": { "type": "Point", "coordinates": [ 130.178401119605553, 33.619354261703471 ] } },
{ "type": "Feature", "properties": { "fid": 1096, "P29_001": "40230", "P29_002": "B140223000158", "P29_003": "16001", "P29_004": "糸島市立姫島小学校", "P29_005": "福岡県糸島市志摩姫島976-3", "city": "糸島市" }, "geometry": { "type": "Point", "coordinates": [ 130.046080744054677, 33.568521859674604 ] } },
{ "type": "Feature", "properties": { "fid": 1097, "P29_001": "40382", "P29_002": "B140238200010", "P29_003": "16001", "P29_004": "水巻町立頃末小学校", "P29_005": "福岡県遠賀郡水巻町頃末北4-13-1", "city": "水巻町" }, "geometry": { "type": "Point", "coordinates": [ 130.698611431196895, 33.85870560938271 ] } },
{ "type": "Feature", "properties": { "fid": 1098, "P29_001": "40382", "P29_002": "B140238200029", "P29_003": "16001", "P29_004": "水巻町立杁小学校", "P29_005": "福岡県遠賀郡水巻町杁2-3-1", "city": "水巻町" }, "geometry": { "type": "Point", "coordinates": [ 130.684919088715361, 33.86022844649812 ] } },
{ "type": "Feature", "properties": { "fid": 1099, "P29_001": "40383", "P29_002": "B140238300037", "P29_003": "16001", "P29_004": "岡垣町立戸切小学校", "P29_005": "福岡県遠賀郡岡垣町戸切1181-9", "city": "岡垣町" }, "geometry": { "type": "Point", "coordinates": [ 130.634927563987873, 33.839831257540226 ] } },
{ "type": "Feature", "properties": { "fid": 1100, "P29_001": "40383", "P29_002": "B140238300046", "P29_003": "16001", "P29_004": "岡垣町立内浦小学校", "P29_005": "福岡県遠賀郡岡垣町大字原865", "city": "岡垣町" }, "geometry": { "type": "Point", "coordinates": [ 130.574132781674081, 33.876290399600727 ] } },
{ "type": "Feature", "properties": { "fid": 1101, "P29_001": "40384", "P29_002": "B140238400018", "P29_003": "16001", "P29_004": "遠賀町立島門小学校", "P29_005": "福岡県遠賀郡遠賀町大字鬼津1058", "city": "遠賀町" }, "geometry": { "type": "Point", "coordinates": [ 130.666008001489985, 33.859645691142909 ] } },
{ "type": "Feature", "properties": { "fid": 1102, "P29_001": "40401", "P29_002": "B140240100017", "P29_003": "16001", "P29_004": "小竹町立小竹南小学校", "P29_005": "福岡県鞍手郡小竹町勝野3540", "city": "小竹町" }, "geometry": { "type": "Point", "coordinates": [ 130.710105235769078, 33.690409729763452 ] } },
{ "type": "Feature", "properties": { "fid": 1103, "P29_001": "40401", "P29_002": "B140240100035", "P29_003": "16001", "P29_004": "小竹町立小竹西小学校", "P29_005": "福岡県鞍手郡小竹町大字新多466-1", "city": "小竹町" }, "geometry": { "type": "Point", "coordinates": [ 130.688133615986061, 33.693505959803495 ] } },
{ "type": "Feature", "properties": { "fid": 1104, "P29_001": "40402", "P29_002": "B140240200016", "P29_003": "16001", "P29_004": "鞍手町立剣南小学校", "P29_005": "福岡県鞍手郡鞍手町大字中山2213-1", "city": "鞍手町" }, "geometry": { "type": "Point", "coordinates": [ 130.691999153982522, 33.78797968375877 ] } },
{ "type": "Feature", "properties": { "fid": 1105, "P29_001": "40402", "P29_002": "B140240200025", "P29_003": "16001", "P29_004": "鞍手町立剣北小学校", "P29_005": "福岡県鞍手郡鞍手町大字中山3266", "city": "鞍手町" }, "geometry": { "type": "Point", "coordinates": [ 130.678711624561743, 33.79088026271566 ] } },
{ "type": "Feature", "properties": { "fid": 1106, "P29_001": "40402", "P29_002": "B140240200043", "P29_003": "16001", "P29_004": "鞍手町立西川小学校", "P29_005": "福岡県鞍手郡鞍手町大字新北1081", "city": "鞍手町" }, "geometry": { "type": "Point", "coordinates": [ 130.669912742838761, 33.77092636704851 ] } },
{ "type": "Feature", "properties": { "fid": 1107, "P29_001": "40402", "P29_002": "B140240200052", "P29_003": "16001", "P29_004": "鞍手町立新延小学校", "P29_005": "福岡県鞍手郡鞍手町大字新延1511", "city": "鞍手町" }, "geometry": { "type": "Point", "coordinates": [ 130.659066423460445, 33.790723970668886 ] } },
{ "type": "Feature", "properties": { "fid": 1108, "P29_001": "40421", "P29_002": "B140242100013", "P29_003": "16001", "P29_004": "桂川町立桂川小学校", "P29_005": "福岡県嘉穂郡桂川町大字土居552", "city": "桂川町" }, "geometry": { "type": "Point", "coordinates": [ 130.675375226985494, 33.580642584919914 ] } },
{ "type": "Feature", "properties": { "fid": 1109, "P29_001": "40421", "P29_002": "B140242100022", "P29_003": "16001", "P29_004": "桂川町立桂川東小学校", "P29_005": "福岡県嘉穂郡桂川町土師28", "city": "桂川町" }, "geometry": { "type": "Point", "coordinates": [ 130.698731176115444, 33.576078224938001 ] } },
{ "type": "Feature", "properties": { "fid": 1110, "P29_001": "40447", "P29_002": "B140244700022", "P29_003": "16001", "P29_004": "筑前町立東小田小学校", "P29_005": "福岡県朝倉郡筑前町東小田436-1", "city": "筑前町" }, "geometry": { "type": "Point", "coordinates": [ 130.591454656898208, 33.446295712233258 ] } },
{ "type": "Feature", "properties": { "fid": 1111, "P29_001": "40447", "P29_002": "B140244700031", "P29_003": "16001", "P29_004": "筑前町立中牟田小学校", "P29_005": "福岡県朝倉郡筑前町中牟田145-1", "city": "筑前町" }, "geometry": { "type": "Point", "coordinates": [ 130.582662794083376, 33.468212961225021 ] } },
{ "type": "Feature", "properties": { "fid": 1112, "P29_001": "40544", "P29_002": "B140254400015", "P29_003": "16001", "P29_004": "広川町立上広川小学校", "P29_005": "福岡県八女郡広川町大字水原949", "city": "広川町" }, "geometry": { "type": "Point", "coordinates": [ 130.578116131951532, 33.243850163335637 ] } },
{ "type": "Feature", "properties": { "fid": 1113, "P29_001": "40602", "P29_002": "B140260200032", "P29_003": "16001", "P29_004": "添田町立中元寺小学校", "P29_005": "福岡県田川郡添田町大字中元寺2164", "city": "添田町" }, "geometry": { "type": "Point", "coordinates": [ 130.845561748043338, 33.547585262446532 ] } },
{ "type": "Feature", "properties": { "fid": 1114, "P29_001": "40602", "P29_002": "B140260200041", "P29_003": "16001", "P29_004": "添田町立落合小学校", "P29_005": "福岡県田川郡添田町大字落合1113", "city": "添田町" }, "geometry": { "type": "Point", "coordinates": [ 130.863256931692746, 33.507756239726334 ] } },
{ "type": "Feature", "properties": { "fid": 1115, "P29_001": "40602", "P29_002": "B140260200050", "P29_003": "16001", "P29_004": "添田町立真木小学校", "P29_005": "福岡県田川郡添田町庄2414", "city": "添田町" }, "geometry": { "type": "Point", "coordinates": [ 130.839007994460559, 33.585173237230542 ] } },
{ "type": "Feature", "properties": { "fid": 1116, "P29_001": "40605", "P29_002": "B140260500011", "P29_003": "16001", "P29_004": "川崎町立川崎小学校", "P29_005": "福岡県田川郡川崎町大字田原714", "city": "川崎町" }, "geometry": { "type": "Point", "coordinates": [ 130.813863205727642, 33.600966466699639 ] } },
{ "type": "Feature", "properties": { "fid": 1117, "P29_001": "40647", "P29_002": "B140264700057", "P29_003": "16001", "P29_004": "築上町立八津田小学校", "P29_005": "福岡県築上郡築上町大字宇留津322", "city": "築上町" }, "geometry": { "type": "Point", "coordinates": [ 131.051485871433954, 33.677408449304153 ] } },
{ "type": "Feature", "properties": { "fid": 1118, "P29_001": "40647", "P29_002": "B140264700075", "P29_003": "16001", "P29_004": "築上町立西角田小学校", "P29_005": "福岡県築上郡築上町上ノ河内933", "city": "築上町" }, "geometry": { "type": "Point", "coordinates": [ 131.07707750253752, 33.630636143758174 ] } },
{ "type": "Feature", "properties": { "fid": 1119, "P29_001": "40101", "P29_002": "B140310000019", "P29_003": "16001", "P29_004": "敬愛小学校", "P29_005": "福岡県北九州市門司区大里新町11-7", "city": "北九州市門司区" }, "geometry": { "type": "Point", "coordinates": [ 130.922771461601059, 33.894596344778499 ] } },
{ "type": "Feature", "properties": { "fid": 1120, "P29_001": "40133", "P29_002": "B140313000013", "P29_003": "16001", "P29_004": "福岡雙葉小学校", "P29_005": "福岡県福岡市中央区御所ヶ谷7-1", "city": "福岡市中央区" }, "geometry": { "type": "Point", "coordinates": [ 130.392532482496705, 33.574566797129044 ] } },
{ "type": "Feature", "properties": { "fid": 1121, "P29_001": "40134", "P29_002": "B140313000022", "P29_003": "16001", "P29_004": "福岡海星女子学院附属小学校", "P29_005": "福岡県福岡市南区老司5-29-2", "city": "福岡市南区" }, "geometry": { "type": "Point", "coordinates": [ 130.415676596828291, 33.524873026698202 ] } },
{ "type": "Feature", "properties": { "fid": 1122, "P29_001": "40137", "P29_002": "B140313000031", "P29_003": "16001", "P29_004": "西南学院小学校", "P29_005": "福岡県福岡市早良区百道浜1-1-2", "city": "福岡市早良区" }, "geometry": { "type": "Point", "coordinates": [ 130.356691329051415, 33.588924632248862 ] } },
{ "type": "Feature", "properties": { "fid": 1123, "P29_001": "40205", "P29_002": "B140320500013", "P29_003": "16001", "P29_004": "飯塚日新館小学校", "P29_005": "福岡県飯塚市柏の森56-9", "city": "飯塚市" }, "geometry": { "type": "Point", "coordinates": [ 130.704807764585894, 33.644882630131264 ] } },
{ "type": "Feature", "properties": { "fid": 1124, "P29_001": "40216", "P29_002": "B140321600010", "P29_003": "16001", "P29_004": "麻生学園小学校", "P29_005": "福岡県小郡市希みが丘3-1-2", "city": "小郡市" }, "geometry": { "type": "Point", "coordinates": [ 130.536237969909251, 33.437121258663254 ] } },
{ "type": "Feature", "properties": { "fid": 1125, "P29_001": "40221", "P29_002": "B140322100013", "P29_003": "16001", "P29_004": "リンデンホールスクール小学部", "P29_005": "福岡県太宰府市五条6-16-58", "city": "太宰府市" }, "geometry": { "type": "Point", "coordinates": [ 130.529257629436984, 33.506316214090113 ] } },
{ "type": "Feature", "properties": { "fid": 1126, "P29_001": "40203", "P29_002": "C140110000039", "P29_003": "16002", "P29_004": "福岡教育大学附属久留米中学校", "P29_005": "福岡県久留米市南1-3-1", "city": "久留米市" }, "geometry": { "type": "Point", "coordinates": [ 130.515981646816613, 33.294459829464579 ] } },
{ "type": "Feature", "properties": { "fid": 1127, "P29_001": "40101", "P29_002": "C140210000082", "P29_003": "16002", "P29_004": "福岡県立門司学園中学校", "P29_005": "福岡県北九州市門司区猿喰1462-2", "city": "北九州市門司区" }, "geometry": { "type": "Point", "coordinates": [ 130.985036960959775, 33.89569368916856 ] } },
{ "type": "Feature", "properties": { "fid": 1128, "P29_001": "40103", "P29_002": "C140210000108", "P29_003": "16002", "P29_004": "北九州市立石峯中学校", "P29_005": "福岡県北九州市若松区今光1-12-8", "city": "北九州市若松区" }, "geometry": { "type": "Point", "coordinates": [ 130.776280120766813, 33.894056921735853 ] } },
{ "type": "Feature", "properties": { "fid": 1129, "P29_001": "40103", "P29_002": "C140210000126", "P29_003": "16002", "P29_004": "北九州市立高須中学校", "P29_005": "福岡県北九州市若松区高須北1-1-1", "city": "北九州市若松区" }, "geometry": { "type": "Point", "coordinates": [ 130.692655547293782, 33.893376442787932 ] } },
{ "type": "Feature", "properties": { "fid": 1130, "P29_001": "40106", "P29_002": "C140210000199", "P29_003": "16002", "P29_004": "北九州市立足立中学校", "P29_005": "福岡県北九州市小倉北区萩崎町3-1", "city": "北九州市小倉北区" }, "geometry": { "type": "Point", "coordinates": [ 130.885567095305134, 33.875623893419636 ] } },
{ "type": "Feature", "properties": { "fid": 1131, "P29_001": "40107", "P29_002": "C140210000322", "P29_003": "16002", "P29_004": "北九州市立東谷中学校", "P29_005": "福岡県北九州市小倉南区木下499-1", "city": "北九州市小倉南区" }, "geometry": { "type": "Point", "coordinates": [ 130.864792496186794, 33.777665315327212 ] } },
{ "type": "Feature", "properties": { "fid": 1132, "P29_001": "40107", "P29_002": "C140210000340", "P29_003": "16002", "P29_004": "北九州市立沼中学校", "P29_005": "福岡県北九州市小倉南区沼緑町1-1-1", "city": "北九州市小倉南区" }, "geometry": { "type": "Point", "coordinates": [ 130.932068311646105, 33.842706420486103 ] } },
{ "type": "Feature", "properties": { "fid": 1133, "P29_001": "40107", "P29_002": "C140210000402", "P29_003": "16002", "P29_004": "北九州市立田原中学校", "P29_005": "福岡県北九州市小倉南区田原5-1-1", "city": "北九州市小倉南区" }, "geometry": { "type": "Point", "coordinates": [ 130.929879109207775, 33.822879711308815 ] } },
{ "type": "Feature", "properties": { "fid": 1134, "P29_001": "40109", "P29_002": "C140210000545", "P29_003": "16002", "P29_004": "北九州市立本城中学校", "P29_005": "福岡県北九州市八幡西区本城東6-14-1", "city": "北九州市八幡西区" }, "geometry": { "type": "Point", "coordinates": [ 130.729153584780704, 33.873928533325426 ] } },
{ "type": "Feature", "properties": { "fid": 1135, "P29_001": "40109", "P29_002": "C140210000554", "P29_003": "16002", "P29_004": "北九州市立上津役中学校", "P29_005": "福岡県北九州市八幡西区上上津役3-12-1", "city": "北九州市八幡西区" }, "geometry": { "type": "Point", "coordinates": [ 130.755768952795734, 33.828994907427067 ] } },
{ "type": "Feature", "properties": { "fid": 1136, "P29_001": "40109", "P29_002": "C140210000572", "P29_003": "16002", "P29_004": "北九州市立木屋瀬中学校", "P29_005": "福岡県北九州市八幡西区大字野面1942-5", "city": "北九州市八幡西区" }, "geometry": { "type": "Point", "coordinates": [ 130.747765187324717, 33.780024091792207 ] } },
{ "type": "Feature", "properties": { "fid": 1137, "P29_001": "40131", "P29_002": "C140213000102", "P29_003": "16002", "P29_004": "福岡市立城香中学校", "P29_005": "福岡県福岡市東区香椎浜2-2-1", "city": "福岡市東区" }, "geometry": { "type": "Point", "coordinates": [ 130.426127418350518, 33.653177079494363 ] } },
{ "type": "Feature", "properties": { "fid": 1138, "P29_001": "40131", "P29_002": "C140213000111", "P29_003": "16002", "P29_004": "福岡市立青葉中学校", "P29_005": "福岡県福岡市東区青葉3-7-1", "city": "福岡市東区" }, "geometry": { "type": "Point", "coordinates": [ 130.460119481568455, 33.645423631808761 ] } },
{ "type": "Feature", "properties": { "fid": 1139, "P29_001": "40131", "P29_002": "C140213000120", "P29_003": "16002", "P29_004": "福岡市立松崎中学校", "P29_005": "福岡県福岡市東区松崎1-52-1", "city": "福岡市東区" }, "geometry": { "type": "Point", "coordinates": [ 130.442693492746002, 33.637821775856253 ] } },
{ "type": "Feature", "properties": { "fid": 1140, "P29_001": "40132", "P29_002": "C140213000193", "P29_003": "16002", "P29_004": "福岡市立住吉中学校", "P29_005": "福岡県福岡市博多区美野島3-22-7", "city": "福岡市博多区" }, "geometry": { "type": "Point", "coordinates": [ 130.417514309349571, 33.576624322672117 ] } },
{ "type": "Feature", "properties": { "fid": 1141, "P29_001": "40132", "P29_002": "C140213000200", "P29_003": "16002", "P29_004": "福岡市立板付中学校", "P29_005": "福岡県福岡市博多区井相田2-1-20", "city": "福岡市博多区" }, "geometry": { "type": "Point", "coordinates": [ 130.462789936043066, 33.554793894748492 ] } },
{ "type": "Feature", "properties": { "fid": 1142, "P29_001": "40132", "P29_002": "C140213000219", "P29_003": "16002", "P29_004": "福岡市立三筑中学校", "P29_005": "福岡県福岡市博多区三筑1-10-1", "city": "福岡市博多区" }, "geometry": { "type": "Point", "coordinates": [ 130.454953224334389, 33.550845731248771 ] } },
{ "type": "Feature", "properties": { "fid": 1143, "P29_001": "40132", "P29_002": "C140213000255", "P29_003": "16002", "P29_004": "福岡市立博多中学校", "P29_005": "福岡県福岡市博多区対馬小路13-40", "city": "福岡市博多区" }, "geometry": { "type": "Point", "coordinates": [ 130.400951913410466, 33.59818686834209 ] } },
{ "type": "Feature", "properties": { "fid": 1144, "P29_001": "40133", "P29_002": "C140213000264", "P29_003": "16002", "P29_004": "福岡市立舞鶴中学校", "P29_005": "福岡県福岡市中央区舞鶴2-6-1", "city": "福岡市中央区" }, "geometry": { "type": "Point", "coordinates": [ 130.391466625173337, 33.593165923763117 ] } },
{ "type": "Feature", "properties": { "fid": 1145, "P29_001": "40133", "P29_002": "C140213000282", "P29_003": "16002", "P29_004": "福岡市立当仁中学校", "P29_005": "福岡県福岡市中央区福浜2-7-1", "city": "福岡市中央区" }, "geometry": { "type": "Point", "coordinates": [ 130.364482643757242, 33.597778355051275 ] } },
{ "type": "Feature", "properties": { "fid": 1146, "P29_001": "40133", "P29_002": "C140213000291", "P29_003": "16002", "P29_004": "福岡市立友泉中学校", "P29_005": "福岡県福岡市中央区笹丘1-22-1", "city": "福岡市中央区" }, "geometry": { "type": "Point", "coordinates": [ 130.37898858641438, 33.563710384370168 ] } },
{ "type": "Feature", "properties": { "fid": 1147, "P29_001": "40133", "P29_002": "C140213000308", "P29_003": "16002", "P29_004": "福岡市立平尾中学校", "P29_005": "福岡県福岡市中央区平和5-11-1", "city": "福岡市中央区" }, "geometry": { "type": "Point", "coordinates": [ 130.393805216209415, 33.565151823387936 ] } },
{ "type": "Feature", "properties": { "fid": 1148, "P29_001": "40134", "P29_002": "C140213000344", "P29_003": "16002", "P29_004": "福岡市立花畑中学校", "P29_005": "福岡県福岡市南区桧原2-21-1", "city": "福岡市南区" }, "geometry": { "type": "Point", "coordinates": [ 130.397312269730065, 33.539599155993315 ] } },
{ "type": "Feature", "properties": { "fid": 1149, "P29_001": "40134", "P29_002": "C140213000371", "P29_003": "16002", "P29_004": "福岡市立長丘中学校", "P29_005": "福岡県福岡市南区長丘2-26-1", "city": "福岡市南区" }, "geometry": { "type": "Point", "coordinates": [ 130.394708752824442, 33.55760212135764 ] } },
{ "type": "Feature", "properties": { "fid": 1150, "P29_001": "40134", "P29_002": "C140213000424", "P29_003": "16002", "P29_004": "福岡市立野間中学校", "P29_005": "福岡県福岡市南区筑紫丘2-2-1", "city": "福岡市南区" }, "geometry": { "type": "Point", "coordinates": [ 130.417996073667723, 33.558513668633559 ] } },
{ "type": "Feature", "properties": { "fid": 1151, "P29_001": "40135", "P29_002": "C140213000433", "P29_003": "16002", "P29_004": "福岡市立姪浜中学校", "P29_005": "福岡県福岡市西区愛宕浜1-32-1", "city": "福岡市西区" }, "geometry": { "type": "Point", "coordinates": [ 130.336129361867023, 33.59413364105913 ] } },
{ "type": "Feature", "properties": { "fid": 1152, "P29_001": "40135", "P29_002": "C140213000451", "P29_003": "16002", "P29_004": "福岡市立能古中学校", "P29_005": "福岡県福岡市西区能古357", "city": "福岡市西区" }, "geometry": { "type": "Point", "coordinates": [ 130.307915169962882, 33.615355627667917 ] } },
{ "type": "Feature", "properties": { "fid": 1153, "P29_001": "40135", "P29_002": "C140213000488", "P29_003": "16002", "P29_004": "福岡市立小呂中学校", "P29_005": "福岡県福岡市西区大字小呂島285", "city": "福岡市西区" }, "geometry": { "type": "Point", "coordinates": [ 130.035801599995438, 33.869590298612685 ] } },
{ "type": "Feature", "properties": { "fid": 1154, "P29_001": "40135", "P29_002": "C140213000497", "P29_003": "16002", "P29_004": "福岡市立玄界中学校", "P29_005": "福岡県福岡市西区大字玄界島239", "city": "福岡市西区" }, "geometry": { "type": "Point", "coordinates": [ 130.23535963864984, 33.685495463522535 ] } },
{ "type": "Feature", "properties": { "fid": 1155, "P29_001": "40135", "P29_002": "C140213000512", "P29_003": "16002", "P29_004": "福岡市立西陵中学校", "P29_005": "福岡県福岡市西区生の松原3-9-1", "city": "福岡市西区" }, "geometry": { "type": "Point", "coordinates": [ 130.29770612380679, 33.575460833666654 ] } },
{ "type": "Feature", "properties": { "fid": 1156, "P29_001": "40136", "P29_002": "C140213000558", "P29_003": "16002", "P29_004": "福岡市立城西中学校", "P29_005": "福岡県福岡市城南区鳥飼6-4-1", "city": "福岡市城南区" }, "geometry": { "type": "Point", "coordinates": [ 130.367149833017749, 33.576937608566503 ] } },
{ "type": "Feature", "properties": { "fid": 1157, "P29_001": "40137", "P29_002": "C140213000629", "P29_003": "16002", "P29_004": "福岡市立高取中学校", "P29_005": "福岡県福岡市早良区原3-3-1", "city": "福岡市早良区" }, "geometry": { "type": "Point", "coordinates": [ 130.344944117154796, 33.572882842529829 ] } },
{ "type": "Feature", "properties": { "fid": 1158, "P29_001": "40137", "P29_002": "C140213000656", "P29_003": "16002", "P29_004": "福岡市立原北中学校", "P29_005": "福岡県福岡市早良区小田部7-11-1", "city": "福岡市早良区" }, "geometry": { "type": "Point", "coordinates": [ 130.332004084545929, 33.571907277799568 ] } },
{ "type": "Feature", "properties": { "fid": 1159, "P29_001": "40137", "P29_002": "C140213000709", "P29_003": "16002", "P29_004": "福岡市立きぼう中学校", "P29_005": "福岡県福岡市早良区百道3-10-1", "city": "福岡市早良区" }, "geometry": { "type": "Point", "coordinates": [ 130.345749058468385, 33.584664541164784 ] } },
{ "type": "Feature", "properties": { "fid": 1160, "P29_001": "40202", "P29_002": "C140220200061", "P29_003": "16002", "P29_004": "大牟田市立甘木中学校", "P29_005": "福岡県大牟田市大字甘木613-1", "city": "大牟田市" }, "geometry": { "type": "Point", "coordinates": [ 130.464900234709035, 33.065630309508755 ] } },
{ "type": "Feature", "properties": { "fid": 1161, "P29_001": "40203", "P29_002": "C140220300033", "P29_003": "16002", "P29_004": "久留米市立櫛原中学校", "P29_005": "福岡県久留米市東櫛原町1286-1", "city": "久留米市" }, "geometry": { "type": "Point", "coordinates": [ 130.520887838421373, 33.321788938821925 ] } },
{ "type": "Feature", "properties": { "fid": 1162, "P29_001": "40203", "P29_002": "C140220300042", "P29_003": "16002", "P29_004": "久留米市立牟田山中学校", "P29_005": "福岡県久留米市南2-16-2", "city": "久留米市" }, "geometry": { "type": "Point", "coordinates": [ 130.525416083707057, 33.294872545269222 ] } },
{ "type": "Feature", "properties": { "fid": 1163, "P29_001": "40203", "P29_002": "C140220300051", "P29_003": "16002", "P29_004": "久留米市立諏訪中学校", "P29_005": "福岡県久留米市東町250-1", "city": "久留米市" }, "geometry": { "type": "Point", "coordinates": [ 130.520744046910409, 33.308494930060476 ] } },
{ "type": "Feature", "properties": { "fid": 1164, "P29_001": "40203", "P29_002": "C140220300060", "P29_003": "16002", "P29_004": "久留米市立良山中学校", "P29_005": "福岡県久留米市山川町37-2", "city": "久留米市" }, "geometry": { "type": "Point", "coordinates": [ 130.556960953177708, 33.309208765771928 ] } },
{ "type": "Feature", "properties": { "fid": 1165, "P29_001": "40203", "P29_002": "C140220300088", "P29_003": "16002", "P29_004": "久留米市立宮ノ陣中学校", "P29_005": "福岡県久留米市宮ノ陣町五郎丸1551-1", "city": "久留米市" }, "geometry": { "type": "Point", "coordinates": [ 130.544069560246982, 33.336649359225369 ] } },
{ "type": "Feature", "properties": { "fid": 1166, "P29_001": "40203", "P29_002": "C140220300097", "P29_003": "16002", "P29_004": "久留米市立荒木中学校", "P29_005": "福岡県久留米市荒木町荒木1918-1", "city": "久留米市" }, "geometry": { "type": "Point", "coordinates": [ 130.508762958029223, 33.264193386514712 ] } },
{ "type": "Feature", "properties": { "fid": 1167, "P29_001": "40203", "P29_002": "C140220300104", "P29_003": "16002", "P29_004": "久留米市立筑邦西中学校", "P29_005": "福岡県久留米市大善寺町宮本385-1", "city": "久留米市" }, "geometry": { "type": "Point", "coordinates": [ 130.478402357496861, 33.281587695991405 ] } },
{ "type": "Feature", "properties": { "fid": 1168, "P29_001": "40203", "P29_002": "C140220300131", "P29_003": "16002", "P29_004": "久留米市立高牟礼中学校", "P29_005": "福岡県久留米市高良内町3361", "city": "久留米市" }, "geometry": { "type": "Point", "coordinates": [ 130.559667653600314, 33.289012969114104 ] } },
{ "type": "Feature", "properties": { "fid": 1169, "P29_001": "40204", "P29_002": "C140220400023", "P29_003": "16002", "P29_004": "直方市立直方第二中学校", "P29_005": "福岡県直方市大字頓野4082", "city": "直方市" }, "geometry": { "type": "Point", "coordinates": [ 130.737743965468212, 33.753128589868282 ] } },
{ "type": "Feature", "properties": { "fid": 1170, "P29_001": "40204", "P29_002": "C140220400041", "P29_003": "16002", "P29_004": "直方市立植木中学校", "P29_005": "福岡県直方市大字植木261-2", "city": "直方市" }, "geometry": { "type": "Point", "coordinates": [ 130.707724569792646, 33.767258382687658 ] } },
{ "type": "Feature", "properties": { "fid": 1171, "P29_001": "40205", "P29_002": "C140220500013", "P29_003": "16002", "P29_004": "飯塚市立飯塚第一中学校", "P29_005": "福岡県飯塚市新立岩16-18", "city": "飯塚市" }, "geometry": { "type": "Point", "coordinates": [ 130.688191403945439, 33.647606993177384 ] } },
{ "type": "Feature", "properties": { "fid": 1172, "P29_001": "40205", "P29_002": "C140220500022", "P29_003": "16002", "P29_004": "飯塚市立飯塚第二中学校", "P29_005": "福岡県飯塚市柏の森483", "city": "飯塚市" }, "geometry": { "type": "Point", "coordinates": [ 130.70022195429587, 33.636176091688505 ] } },
{ "type": "Feature", "properties": { "fid": 1173, "P29_001": "40205", "P29_002": "C140220500077", "P29_003": "16002", "P29_004": "飯塚市立頴田中学校", "P29_005": "福岡県飯塚市鹿毛馬1667-2", "city": "飯塚市" }, "geometry": { "type": "Point", "coordinates": [ 130.728305181948969, 33.683676617891344 ] } },
{ "type": "Feature", "properties": { "fid": 1174, "P29_001": "40205", "P29_002": "C140220500086", "P29_003": "16002", "P29_004": "飯塚市立穂波東中学校", "P29_005": "福岡県飯塚市平恒1021-1", "city": "飯塚市" }, "geometry": { "type": "Point", "coordinates": [ 130.683911541419832, 33.610974389554549 ] } },
{ "type": "Feature", "properties": { "fid": 1175, "P29_001": "40205", "P29_002": "C140220500095", "P29_003": "16002", "P29_004": "飯塚市立穂波西中学校", "P29_005": "福岡県飯塚市椿250-1", "city": "飯塚市" }, "geometry": { "type": "Point", "coordinates": [ 130.661095667847661, 33.61617797783083 ] } },
{ "type": "Feature", "properties": { "fid": 1176, "P29_001": "40205", "P29_002": "C140220500111", "P29_003": "16002", "P29_004": "福岡県立嘉穂高等学校附属中学校", "P29_005": "福岡県飯塚市潤野8-12", "city": "飯塚市" }, "geometry": { "type": "Point", "coordinates": [ 130.664163093186431, 33.631517120382895 ] } },
{ "type": "Feature", "properties": { "fid": 1177, "P29_001": "40206", "P29_002": "C140220600012", "P29_003": "16002", "P29_004": "田川市立猪位金中学校", "P29_005": "福岡県田川市大字位登509", "city": "田川市" }, "geometry": { "type": "Point", "coordinates": [ 130.792762037317544, 33.604896193521604 ] } },
{ "type": "Feature", "properties": { "fid": 1178, "P29_001": "40206", "P29_002": "C140220600094", "P29_003": "16002", "P29_004": "田川市立田川東中学校", "P29_005": "福岡県田川市大字夏吉197-1", "city": "田川市" }, "geometry": { "type": "Point", "coordinates": [ 130.826891838722361, 33.652721590970124 ] } },
{ "type": "Feature", "properties": { "fid": 1179, "P29_001": "40206", "P29_002": "C140220600101", "P29_003": "16002", "P29_004": "田川市立田川西中学校", "P29_005": "福岡県田川市大黒町11-6", "city": "田川市" }, "geometry": { "type": "Point", "coordinates": [ 130.794266787168652, 33.628594902516696 ] } },
{ "type": "Feature", "properties": { "fid": 1180, "P29_001": "40207", "P29_002": "C140220700057", "P29_003": "16002", "P29_004": "柳川市立大和中学校", "P29_005": "福岡県柳川市大和町鷹ノ尾1", "city": "柳川市" }, "geometry": { "type": "Point", "coordinates": [ 130.432188212575284, 33.13545534313478 ] } },
{ "type": "Feature", "properties": { "fid": 1181, "P29_001": "40210", "P29_002": "C140221000043", "P29_003": "16002", "P29_004": "八女市立西中学校", "P29_005": "福岡県八女市前古賀132", "city": "八女市" }, "geometry": { "type": "Point", "coordinates": [ 130.534265635798533, 33.207130801460615 ] } },
{ "type": "Feature", "properties": { "fid": 1182, "P29_001": "40211", "P29_002": "C140221100024", "P29_003": "16002", "P29_004": "筑後市立筑後北中学校", "P29_005": "福岡県筑後市蔵数724", "city": "筑後市" }, "geometry": { "type": "Point", "coordinates": [ 130.494092589996882, 33.232953070221704 ] } },
{ "type": "Feature", "properties": { "fid": 1183, "P29_001": "40214", "P29_002": "C140221400021", "P29_003": "16002", "P29_004": "豊前市立角田中学校", "P29_005": "福岡県豊前市中村392", "city": "豊前市" }, "geometry": { "type": "Point", "coordinates": [ 131.086283545570353, 33.626151822286367 ] } },
{ "type": "Feature", "properties": { "fid": 1184, "P29_001": "40216", "P29_002": "C140221600047", "P29_003": "16002", "P29_004": "小郡市立小郡中学校", "P29_005": "福岡県小郡市寺福童668", "city": "小郡市" }, "geometry": { "type": "Point", "coordinates": [ 130.545161778008804, 33.38514216039556 ] } },
{ "type": "Feature", "properties": { "fid": 1185, "P29_001": "40216", "P29_002": "C140221600056", "P29_003": "16002", "P29_004": "小郡市立三国中学校", "P29_005": "福岡県小郡市美鈴が丘5-15-1", "city": "小郡市" }, "geometry": { "type": "Point", "coordinates": [ 130.551427966251509, 33.434955748191534 ] } },
{ "type": "Feature", "properties": { "fid": 1186, "P29_001": "40217", "P29_002": "C140221700055", "P29_003": "16002", "P29_004": "筑紫野市立筑紫野南中学校", "P29_005": "福岡県筑紫野市美しが丘南5-9-2", "city": "筑紫野市" }, "geometry": { "type": "Point", "coordinates": [ 130.5441902665344, 33.444494043847946 ] } },
{ "type": "Feature", "properties": { "fid": 1187, "P29_001": "40218", "P29_002": "C140221800018", "P29_003": "16002", "P29_004": "春日市立春日野中学校", "P29_005": "福岡県春日市春日公園5-19", "city": "春日市" }, "geometry": { "type": "Point", "coordinates": [ 130.47384019981439, 33.523368193503657 ] } },
{ "type": "Feature", "properties": { "fid": 1188, "P29_001": "40218", "P29_002": "C140221800054", "P29_003": "16002", "P29_004": "春日市立春日南中学校", "P29_005": "福岡県春日市大土居3-11-1", "city": "春日市" }, "geometry": { "type": "Point", "coordinates": [ 130.457440099125137, 33.511782942278259 ] } },
{ "type": "Feature", "properties": { "fid": 1189, "P29_001": "40220", "P29_002": "C140222000023", "P29_003": "16002", "P29_004": "宗像市立中央中学校", "P29_005": "福岡県宗像市久原244", "city": "宗像市" }, "geometry": { "type": "Point", "coordinates": [ 130.545971951080162, 33.796714453530733 ] } },
{ "type": "Feature", "properties": { "fid": 1190, "P29_001": "40223", "P29_002": "C140222300039", "P29_003": "16002", "P29_004": "古賀市立古賀東中学校", "P29_005": "福岡県古賀市筵内564-1", "city": "古賀市" }, "geometry": { "type": "Point", "coordinates": [ 130.496117717783818, 33.726329550138381 ] } },
{ "type": "Feature", "properties": { "fid": 1191, "P29_001": "40224", "P29_002": "C140222400029", "P29_003": "16002", "P29_004": "福津市立福間東中学校", "P29_005": "福岡県福津市津丸663", "city": "福津市" }, "geometry": { "type": "Point", "coordinates": [ 130.512054141645933, 33.764112339477506 ] } },
{ "type": "Feature", "properties": { "fid": 1192, "P29_001": "40226", "P29_002": "C140222600018", "P29_003": "16002", "P29_004": "宮若市立宮若東中学校", "P29_005": "福岡県宮若市宮田3410-2", "city": "宮若市" }, "geometry": { "type": "Point", "coordinates": [ 130.656449342889061, 33.721255055680253 ] } },
{ "type": "Feature", "properties": { "fid": 1193, "P29_001": "40228", "P29_002": "C140222800034", "P29_003": "16002", "P29_004": "朝倉市立秋月中学校", "P29_005": "福岡県朝倉市秋月野鳥663", "city": "朝倉市" }, "geometry": { "type": "Point", "coordinates": [ 130.695263639664034, 33.466782704989946 ] } },
{ "type": "Feature", "properties": { "fid": 1194, "P29_001": "40229", "P29_002": "C140222900033", "P29_003": "16002", "P29_004": "みやま市立東山中学校", "P29_005": "福岡県みやま市瀬高町長田3360", "city": "みやま市" }, "geometry": { "type": "Point", "coordinates": [ 130.509199240146529, 33.171143522055779 ] } },
{ "type": "Feature", "properties": { "fid": 1195, "P29_001": "40230", "P29_002": "C140223000021", "P29_003": "16002", "P29_004": "糸島市立前原東中学校", "P29_005": "福岡県糸島市大字井田658", "city": "糸島市" }, "geometry": { "type": "Point", "coordinates": [ 130.230384414156902, 33.546959123528552 ] } },
{ "type": "Feature", "properties": { "fid": 1196, "P29_001": "40230", "P29_002": "C140223000049", "P29_003": "16002", "P29_004": "糸島市立二丈中学校", "P29_005": "福岡県糸島市二丈深江1339-1", "city": "糸島市" }, "geometry": { "type": "Point", "coordinates": [ 130.144246598291886, 33.517556074902302 ] } },
{ "type": "Feature", "properties": { "fid": 1197, "P29_001": "40230", "P29_002": "C140223000076", "P29_003": "16002", "P29_004": "糸島市立志摩中学校姫島分校", "P29_005": "福岡県糸島市志摩姫島976-3", "city": "糸島市" }, "geometry": { "type": "Point", "coordinates": [ 130.046014644080969, 33.569040197453653 ] } },
{ "type": "Feature", "properties": { "fid": 1198, "P29_001": "40384", "P29_002": "C140238400016", "P29_003": "16002", "P29_004": "遠賀町立遠賀中学校", "P29_005": "福岡県遠賀郡遠賀町大字別府200", "city": "遠賀町" }, "geometry": { "type": "Point", "coordinates": [ 130.656102639385523, 33.847546914619372 ] } },
{ "type": "Feature", "properties": { "fid": 1199, "P29_001": "40384", "P29_002": "C140238400025", "P29_003": "16002", "P29_004": "遠賀町立遠賀南中学校", "P29_005": "福岡県遠賀郡遠賀町大字上別府652", "city": "遠賀町" }, "geometry": { "type": "Point", "coordinates": [ 130.661498113458322, 33.833520833125469 ] } },
{ "type": "Feature", "properties": { "fid": 1200, "P29_001": "40401", "P29_002": "C140240100015", "P29_003": "16002", "P29_004": "小竹町立小竹中学校", "P29_005": "福岡県鞍手郡小竹町大字御徳656", "city": "小竹町" }, "geometry": { "type": "Point", "coordinates": [ 130.711533409987311, 33.704698909914065 ] } },
{ "type": "Feature", "properties": { "fid": 1201, "P29_001": "40402", "P29_002": "C140240200014", "P29_003": "16002", "P29_004": "鞍手町立鞍手中学校", "P29_005": "福岡県鞍手郡鞍手町大字小牧2122-1", "city": "鞍手町" }, "geometry": { "type": "Point", "coordinates": [ 130.695850287754837, 33.78879829009459 ] } },
{ "type": "Feature", "properties": { "fid": 1202, "P29_001": "40447", "P29_002": "C140244700020", "P29_003": "16002", "P29_004": "筑前町立夜須中学校", "P29_005": "福岡県朝倉郡筑前町東小田3539-1", "city": "筑前町" }, "geometry": { "type": "Point", "coordinates": [ 130.591176796924032, 33.456044751239773 ] } },
{ "type": "Feature", "properties": { "fid": 1203, "P29_001": "40544", "P29_002": "C140254400013", "P29_003": "16002", "P29_004": "広川町立広川中学校", "P29_005": "福岡県八女郡広川町久泉837", "city": "広川町" }, "geometry": { "type": "Point", "coordinates": [ 130.556982478439124, 33.245048253856872 ] } },
{ "type": "Feature", "properties": { "fid": 1204, "P29_001": "40605", "P29_002": "C140260500019", "P29_003": "16002", "P29_004": "川崎中学校", "P29_005": "福岡県田川郡川崎町川崎3670", "city": "川崎町" }, "geometry": { "type": "Point", "coordinates": [ 130.805093994361812, 33.589586832537137 ] } },
{ "type": "Feature", "properties": { "fid": 1205, "P29_001": "40621", "P29_002": "C140262100019", "P29_003": "16002", "P29_004": "苅田町立苅田中学校", "P29_005": "福岡県京都郡苅田町提2975-1", "city": "苅田町" }, "geometry": { "type": "Point", "coordinates": [ 130.975033566307843, 33.787738558963326 ] } },
{ "type": "Feature", "properties": { "fid": 1206, "P29_001": "40625", "P29_002": "C140262500051", "P29_003": "16002", "P29_004": "福岡県立育徳館中学校", "P29_005": "福岡県京都郡みやこ町豊津973", "city": "みやこ町" }, "geometry": { "type": "Point", "coordinates": [ 130.975794556674458, 33.671746866359058 ] } },
{ "type": "Feature", "properties": { "fid": 1207, "P29_001": "40642", "P29_002": "C140264200014", "P29_003": "16002", "P29_004": "吉富町外一市中学校組合立吉富中学校", "P29_005": "福岡県築上郡吉富町直江612", "city": "吉富町" }, "geometry": { "type": "Point", "coordinates": [ 131.165243103523864, 33.609213976698484 ] } },
{ "type": "Feature", "properties": { "fid": 1208, "P29_001": "40647", "P29_002": "C140264700028", "P29_003": "16002", "P29_004": "築上町立椎田中学校", "P29_005": "福岡県築上郡築上町高塚158-2", "city": "築上町" }, "geometry": { "type": "Point", "coordinates": [ 131.05050457753191, 33.657924089357259 ] } },
{ "type": "Feature", "properties": { "fid": 1209, "P29_001": "40101", "P29_002": "C140310000017", "P29_003": "16002", "P29_004": "敬愛中学校", "P29_005": "福岡県北九州市門司区別院6-1", "city": "北九州市門司区" }, "geometry": { "type": "Point", "coordinates": [ 130.934988739118836, 33.894205651746041 ] } },
{ "type": "Feature", "properties": { "fid": 1210, "P29_001": "40106", "P29_002": "C140310000053", "P29_003": "16002", "P29_004": "小倉日新館中学校", "P29_005": "福岡県北九州市小倉北区片野新町1-3-1", "city": "北九州市小倉北区" }, "geometry": { "type": "Point", "coordinates": [ 130.885318312515068, 33.865051293671208 ] } },
{ "type": "Feature", "properties": { "fid": 1211, "P29_001": "40132", "P29_002": "C140313000020", "P29_003": "16002", "P29_004": "沖学園中学校", "P29_005": "福岡県福岡市博多区竹下2-1-33", "city": "福岡市博多区" }, "geometry": { "type": "Point", "coordinates": [ 130.430072598524617, 33.573327857400386 ] } },
{ "type": "Feature", "properties": { "fid": 1212, "P29_001": "40133", "P29_002": "C140313000048", "P29_003": "16002", "P29_004": "筑紫女学園中学校", "P29_005": "福岡県福岡市中央区警固2-8-1", "city": "福岡市中央区" }, "geometry": { "type": "Point", "coordinates": [ 130.388891703166337, 33.581961445418059 ] } },
{ "type": "Feature", "properties": { "fid": 1213, "P29_001": "40133", "P29_002": "C140313000057", "P29_003": "16002", "P29_004": "福岡雙葉中学校", "P29_005": "福岡県福岡市中央区御所ヶ谷7-1", "city": "福岡市中央区" }, "geometry": { "type": "Point", "coordinates": [ 130.392549862839076, 33.574400125109349 ] } },
{ "type": "Feature", "properties": { "fid": 1214, "P29_001": "40133", "P29_002": "C140313000075", "P29_003": "16002", "P29_004": "福岡大学附属大濠中学校", "P29_005": "福岡県福岡市中央区六本松1-12-1", "city": "福岡市中央区" }, "geometry": { "type": "Point", "coordinates": [ 130.37753088554075, 33.581602571896127 ] } },
{ "type": "Feature", "properties": { "fid": 1215, "P29_001": "40135", "P29_002": "C140313000093", "P29_003": "16002", "P29_004": "中村学園三陽中学校", "P29_005": "福岡県福岡市西区今宿青木1042-33", "city": "福岡市西区" }, "geometry": { "type": "Point", "coordinates": [ 130.289985918847066, 33.565849656413995 ] } },
{ "type": "Feature", "properties": { "fid": 1216, "P29_001": "40203", "P29_002": "C140320300013", "P29_003": "16002", "P29_004": "久留米大学附設中学校", "P29_005": "福岡県久留米市野中町20-2", "city": "久留米市" }, "geometry": { "type": "Point", "coordinates": [ 130.5425159855142, 33.304189410380971 ] } },
{ "type": "Feature", "properties": { "fid": 1217, "P29_001": "40205", "P29_002": "C140320500011", "P29_003": "16002", "P29_004": "飯塚日新館中学校", "P29_005": "福岡県飯塚市柏の森56-9", "city": "飯塚市" }, "geometry": { "type": "Point", "coordinates": [ 130.704547771356005, 33.645122430527266 ] } },
{ "type": "Feature", "properties": { "fid": 1218, "P29_001": "40210", "P29_002": "C140321000014", "P29_003": "16002", "P29_004": "八女学院中学校", "P29_005": "福岡県八女市大字本村425", "city": "八女市" }, "geometry": { "type": "Point", "coordinates": [ 130.555870064064436, 33.213876343873658 ] } },
{ "type": "Feature", "properties": { "fid": 1219, "P29_001": "40221", "P29_002": "C140322100011", "P29_003": "16002", "P29_004": "筑陽学園中学校", "P29_005": "福岡県太宰府市朱雀5-6-1", "city": "太宰府市" }, "geometry": { "type": "Point", "coordinates": [ 130.51671106552331, 33.509957986525926 ] } },
{ "type": "Feature", "properties": { "fid": 1220, "P29_001": "40227", "P29_002": "C240222700016", "P29_003": "16014", "P29_004": "嘉麻市立碓井義務教育学校", "P29_005": "福岡県嘉麻市上臼井868", "city": "嘉麻市" }, "geometry": { "type": "Point", "coordinates": [ 130.706798511348808, 33.557764853254845 ] } },
{ "type": "Feature", "properties": { "fid": 1221, "P29_001": "40227", "P29_002": "C240222700025", "P29_003": "16014", "P29_004": "嘉麻市立稲築東義務教育学校", "P29_005": "福岡県嘉麻市平1536", "city": "嘉麻市" }, "geometry": { "type": "Point", "coordinates": [ 130.731632086923582, 33.599092028671784 ] } },
{ "type": "Feature", "properties": { "fid": 1222, "P29_001": "40227", "P29_002": "C240222700034", "P29_003": "16014", "P29_004": "嘉麻市立稲築西義務教育学校", "P29_005": "福岡県嘉麻市口春629", "city": "嘉麻市" }, "geometry": { "type": "Point", "coordinates": [ 130.716693745488584, 33.602650462541988 ] } },
{ "type": "Feature", "properties": { "fid": 1223, "P29_001": "40101", "P29_002": "D140210000026", "P29_003": "16004", "P29_004": "福岡県立門司学園高等学校", "P29_005": "福岡県北九州市門司区猿喰1462-2", "city": "北九州市門司区" }, "geometry": { "type": "Point", "coordinates": [ 130.984776967729857, 33.895492625759616 ] } },
{ "type": "Feature", "properties": { "fid": 1224, "P29_001": "40103", "P29_002": "D140210000035", "P29_003": "16004", "P29_004": "福岡県立若松高等学校", "P29_005": "福岡県北九州市若松区上原町15-13", "city": "北九州市若松区" }, "geometry": { "type": "Point", "coordinates": [ 130.792691016532672, 33.913207736514849 ] } },
{ "type": "Feature", "properties": { "fid": 1225, "P29_001": "40103", "P29_002": "D140210000044", "P29_003": "16004", "P29_004": "福岡県立若松商業高等学校", "P29_005": "福岡県北九州市若松区片山3-2-1", "city": "北九州市若松区" }, "geometry": { "type": "Point", "coordinates": [ 130.746038377970336, 33.899043939045775 ] } },
{ "type": "Feature", "properties": { "fid": 1226, "P29_001": "40105", "P29_002": "D140210000071", "P29_003": "16004", "P29_004": "福岡県立戸畑工業高等学校", "P29_005": "福岡県北九州市戸畑区丸町3-10-1", "city": "北九州市戸畑区" }, "geometry": { "type": "Point", "coordinates": [ 130.817740109971737, 33.888905013749131 ] } },
{ "type": "Feature", "properties": { "fid": 1227, "P29_001": "40131", "P29_002": "D140213000039", "P29_003": "16004", "P29_004": "福岡県立香住丘高等学校", "P29_005": "福岡県福岡市東区香住ケ丘1-26-1", "city": "福岡市東区" }, "geometry": { "type": "Point", "coordinates": [ 130.436240366520565, 33.669177817146625 ] } },
{ "type": "Feature", "properties": { "fid": 1228, "P29_001": "40134", "P29_002": "D140213000084", "P29_003": "16004", "P29_004": "福岡県立柏陵高等学校", "P29_005": "福岡県福岡市南区柏原4-47-1", "city": "福岡市南区" }, "geometry": { "type": "Point", "coordinates": [ 130.394116908774606, 33.521524702210527 ] } },
{ "type": "Feature", "properties": { "fid": 1229, "P29_001": "40135", "P29_002": "D140213000128", "P29_003": "16004", "P29_004": "福岡市立福岡女子高等学校", "P29_005": "福岡県福岡市西区愛宕浜3-2-2", "city": "福岡市西区" }, "geometry": { "type": "Point", "coordinates": [ 130.32945572152866, 33.596751695019549 ] } },
{ "type": "Feature", "properties": { "fid": 1230, "P29_001": "40136", "P29_002": "D140213000155", "P29_003": "16004", "P29_004": "福岡市立博多工業高等学校", "P29_005": "福岡県福岡市城南区東油山4-20-1", "city": "福岡市城南区" }, "geometry": { "type": "Point", "coordinates": [ 130.375644531603086, 33.532242949258325 ] } },
{ "type": "Feature", "properties": { "fid": 1231, "P29_001": "40137", "P29_002": "D140213000164", "P29_003": "16004", "P29_004": "福岡県立修猷館高等学校", "P29_005": "福岡県福岡市早良区西新6-1-10", "city": "福岡市早良区" }, "geometry": { "type": "Point", "coordinates": [ 130.356018782904215, 33.584064855379324 ] } },
{ "type": "Feature", "properties": { "fid": 1232, "P29_001": "40137", "P29_002": "D140213000173", "P29_003": "16004", "P29_004": "福岡県立福岡工業高等学校", "P29_005": "福岡県福岡市早良区荒江2-19-1", "city": "福岡市早良区" }, "geometry": { "type": "Point", "coordinates": [ 130.354893823838921, 33.573186535655395 ] } },
{ "type": "Feature", "properties": { "fid": 1233, "P29_001": "40137", "P29_002": "D140213000182", "P29_003": "16004", "P29_004": "福岡県立福岡講倫館高等学校", "P29_005": "福岡県福岡市早良区有田3-9-1", "city": "福岡市早良区" }, "geometry": { "type": "Point", "coordinates": [ 130.333694729593276, 33.558525926346249 ] } },
{ "type": "Feature", "properties": { "fid": 1234, "P29_001": "40137", "P29_002": "D140213000191", "P29_003": "16004", "P29_004": "福岡県立早良高等学校", "P29_005": "福岡県福岡市早良区大字小笠木403", "city": "福岡市早良区" }, "geometry": { "type": "Point", "coordinates": [ 130.364840673218737, 33.489569171288601 ] } },
{ "type": "Feature", "properties": { "fid": 1235, "P29_001": "40202", "P29_002": "D140220200032", "P29_003": "16004", "P29_004": "福岡県立大牟田北高等学校", "P29_005": "福岡県大牟田市吉野555", "city": "大牟田市" }, "geometry": { "type": "Point", "coordinates": [ 130.471705466621557, 33.076404160666037 ] } },
{ "type": "Feature", "properties": { "fid": 1236, "P29_001": "40203", "P29_002": "D140220300068", "P29_003": "16004", "P29_004": "久留米市立南筑高等学校", "P29_005": "福岡県久留米市御井町1360-5", "city": "久留米市" }, "geometry": { "type": "Point", "coordinates": [ 130.550039501106085, 33.309883223649656 ] } },
{ "type": "Feature", "properties": { "fid": 1237, "P29_001": "40203", "P29_002": "D140220300077", "P29_003": "16004", "P29_004": "久留米市立久留米商業高等学校", "P29_005": "福岡県久留米市南1-1-1", "city": "久留米市" }, "geometry": { "type": "Point", "coordinates": [ 130.514639863842888, 33.293362437276713 ] } },
{ "type": "Feature", "properties": { "fid": 1238, "P29_001": "40204", "P29_002": "D140220400012", "P29_003": "16004", "P29_004": "福岡県立鞍手高等学校", "P29_005": "福岡県直方市大字山部810-7", "city": "直方市" }, "geometry": { "type": "Point", "coordinates": [ 130.717514901082154, 33.746616860349718 ] } },
{ "type": "Feature", "properties": { "fid": 1239, "P29_001": "40204", "P29_002": "D140220400021", "P29_003": "16004", "P29_004": "福岡県立直方高等学校", "P29_005": "福岡県直方市大字頓野3459-2", "city": "直方市" }, "geometry": { "type": "Point", "coordinates": [ 130.74147899474977, 33.745887899069309 ] } },
{ "type": "Feature", "properties": { "fid": 1240, "P29_001": "40205", "P29_002": "D140220500011", "P29_003": "16004", "P29_004": "福岡県立嘉穂高等学校", "P29_005": "福岡県飯塚市潤野8-12", "city": "飯塚市" }, "geometry": { "type": "Point", "coordinates": [ 130.663746663352157, 33.631911868727073 ] } },
{ "type": "Feature", "properties": { "fid": 1241, "P29_001": "40206", "P29_002": "D140220600010", "P29_003": "16004", "P29_004": "福岡県立東鷹高等学校", "P29_005": "福岡県田川市伊田2362-3", "city": "田川市" }, "geometry": { "type": "Point", "coordinates": [ 130.819686846685556, 33.631273111001555 ] } },
{ "type": "Feature", "properties": { "fid": 1242, "P29_001": "40210", "P29_002": "D140221000023", "P29_003": "16004", "P29_004": "福岡県立八女農業高等学校", "P29_005": "福岡県八女市大字本町2-160", "city": "八女市" }, "geometry": { "type": "Point", "coordinates": [ 130.558623232839125, 33.20618167955584 ] } },
{ "type": "Feature", "properties": { "fid": 1243, "P29_001": "40211", "P29_002": "D140221100022", "P29_003": "16004", "P29_004": "福岡県立八女工業高等学校", "P29_005": "福岡県筑後市羽犬塚301-4", "city": "筑後市" }, "geometry": { "type": "Point", "coordinates": [ 130.497514386073334, 33.215586079712494 ] } },
{ "type": "Feature", "properties": { "fid": 1244, "P29_001": "40213", "P29_002": "D140221300020", "P29_003": "16004", "P29_004": "福岡県立行橋高等学校", "P29_005": "福岡県行橋市泉中央1-17-1", "city": "行橋市" }, "geometry": { "type": "Point", "coordinates": [ 130.978770236539532, 33.714620928654874 ] } },
{ "type": "Feature", "properties": { "fid": 1245, "P29_001": "40215", "P29_002": "D140221500019", "P29_003": "16004", "P29_004": "福岡県立中間高等学校", "P29_005": "福岡県中間市朝霧5-1-1", "city": "中間市" }, "geometry": { "type": "Point", "coordinates": [ 130.733163207119759, 33.813573459897931 ] } },
{ "type": "Feature", "properties": { "fid": 1246, "P29_001": "40217", "P29_002": "D140221700017", "P29_003": "16004", "P29_004": "福岡県立筑紫高等学校", "P29_005": "福岡県筑紫野市針摺東2-4-1", "city": "筑紫野市" }, "geometry": { "type": "Point", "coordinates": [ 130.54074299750144, 33.489168861243165 ] } },
{ "type": "Feature", "properties": { "fid": 1247, "P29_001": "40221", "P29_002": "D140222100011", "P29_003": "16004", "P29_004": "福岡県立福岡農業高等学校", "P29_005": "福岡県太宰府市大佐野250", "city": "太宰府市" }, "geometry": { "type": "Point", "coordinates": [ 130.49583788168863, 33.498956606057682 ] } },
{ "type": "Feature", "properties": { "fid": 1248, "P29_001": "40221", "P29_002": "D140222100020", "P29_003": "16004", "P29_004": "福岡県立太宰府高等学校", "P29_005": "福岡県太宰府市高雄3-4114", "city": "太宰府市" }, "geometry": { "type": "Point", "coordinates": [ 130.543966012406628, 33.503772035261541 ] } },
{ "type": "Feature", "properties": { "fid": 1249, "P29_001": "40223", "P29_002": "D140222300028", "P29_003": "16004", "P29_004": "福岡県公立古賀竟成館高等学校", "P29_005": "福岡県古賀市中央2-12-1", "city": "古賀市" }, "geometry": { "type": "Point", "coordinates": [ 130.472267629637287, 33.733413673433446 ] } },
{ "type": "Feature", "properties": { "fid": 1250, "P29_001": "40226", "P29_002": "D140222600016", "P29_003": "16004", "P29_004": "福岡県立鞍手竜徳高等学校", "P29_005": "福岡県宮若市龍徳161", "city": "宮若市" }, "geometry": { "type": "Point", "coordinates": [ 130.703718618650441, 33.736510741979473 ] } },
{ "type": "Feature", "properties": { "fid": 1251, "P29_001": "40621", "P29_002": "D140262100017", "P29_003": "16004", "P29_004": "福岡県立苅田工業高等学校", "P29_005": "福岡県京都郡苅田町集2569", "city": "苅田町" }, "geometry": { "type": "Point", "coordinates": [ 130.967778915835453, 33.767435902253396 ] } },
{ "type": "Feature", "properties": { "fid": 1252, "P29_001": "40625", "P29_002": "D140262500013", "P29_003": "16004", "P29_004": "福岡県立育徳館高等学校", "P29_005": "福岡県京都郡みやこ町豊津973", "city": "みやこ町" }, "geometry": { "type": "Point", "coordinates": [ 130.975600663418248, 33.67141852427838 ] } },
{ "type": "Feature", "properties": { "fid": 1253, "P29_001": "40101", "P29_002": "D140310000024", "P29_003": "16004", "P29_004": "敬愛高等学校", "P29_005": "福岡県北九州市門司区別院6-1", "city": "北九州市門司区" }, "geometry": { "type": "Point", "coordinates": [ 130.934788235865284, 33.894571808504551 ] } },
{ "type": "Feature", "properties": { "fid": 1254, "P29_001": "40106", "P29_002": "D140310000051", "P29_003": "16004", "P29_004": "西南女学院高等学校", "P29_005": "福岡県北九州市小倉北区上到津1-10-1", "city": "北九州市小倉北区" }, "geometry": { "type": "Point", "coordinates": [ 130.852309409981473, 33.879818620726695 ] } },
{ "type": "Feature", "properties": { "fid": 1255, "P29_001": "40106", "P29_002": "D140310000060", "P29_003": "16004", "P29_004": "美萩野女子高等学校", "P29_005": "福岡県北九州市小倉北区片野新町1-3-1", "city": "北九州市小倉北区" }, "geometry": { "type": "Point", "coordinates": [ 130.885049505955351, 33.864612274484685 ] } },
{ "type": "Feature", "properties": { "fid": 1256, "P29_001": "40109", "P29_002": "D140310000140", "P29_003": "16004", "P29_004": "自由ケ丘高等学校", "P29_005": "福岡県北九州市八幡西区自由ケ丘1-3", "city": "北九州市八幡西区" }, "geometry": { "type": "Point", "coordinates": [ 130.705302837964751, 33.86640688181285 ] } },
{ "type": "Feature", "properties": { "fid": 1257, "P29_001": "40133", "P29_002": "D140313000126", "P29_003": "16004", "P29_004": "福岡雙葉高等学校", "P29_005": "福岡県福岡市中央区御所ヶ谷7-1", "city": "福岡市中央区" }, "geometry": { "type": "Point", "coordinates": [ 130.391513362423012, 33.575074749950971 ] } },
{ "type": "Feature", "properties": { "fid": 1258, "P29_001": "40134", "P29_002": "D140313000180", "P29_003": "16004", "P29_004": "第一薬科大学付属高等学校", "P29_005": "福岡県福岡市南区玉川町22-1", "city": "福岡市南区" }, "geometry": { "type": "Point", "coordinates": [ 130.419375542791585, 33.56423810894109 ] } },
{ "type": "Feature", "properties": { "fid": 1259, "P29_001": "40135", "P29_002": "D140313000215", "P29_003": "16004", "P29_004": "中村学園三陽高等学校", "P29_005": "福岡県福岡市西区今宿青木1042-33", "city": "福岡市西区" }, "geometry": { "type": "Point", "coordinates": [ 130.289365284394393, 33.566026233473934 ] } },
{ "type": "Feature", "properties": { "fid": 1260, "P29_001": "40132", "P29_002": "D140313000242", "P29_003": "16004", "P29_004": "福岡芸術高等学校", "P29_005": "福岡県福岡市博多区博多駅前3-11-10", "city": "福岡市博多区" }, "geometry": { "type": "Point", "coordinates": [ 130.414690096233244, 33.586807936930413 ] } },
{ "type": "Feature", "properties": { "fid": 1261, "P29_001": "40202", "P29_002": "D140320200021", "P29_003": "16004", "P29_004": "誠修高等学校", "P29_005": "福岡県大牟田市大字田隈956", "city": "大牟田市" }, "geometry": { "type": "Point", "coordinates": [ 130.467544876149873, 33.059995852254509 ] } },
{ "type": "Feature", "properties": { "fid": 1262, "P29_001": "40203", "P29_002": "D140320300020", "P29_003": "16004", "P29_004": "久留米大学附設高等学校", "P29_005": "福岡県久留米市野中町20-2", "city": "久留米市" }, "geometry": { "type": "Point", "coordinates": [ 130.544450511411185, 33.304591537198874 ] } },
{ "type": "Feature", "properties": { "fid": 1263, "P29_001": "40203", "P29_002": "D140320300048", "P29_003": "16004", "P29_004": "祐誠高等学校", "P29_005": "福岡県久留米市上津町2192", "city": "久留米市" }, "geometry": { "type": "Point", "coordinates": [ 130.540528384316787, 33.274761725843554 ] } },
{ "type": "Feature", "properties": { "fid": 1264, "P29_001": "40205", "P29_002": "D140320500019", "P29_003": "16004", "P29_004": "近畿大学附属福岡高等学校", "P29_005": "福岡県飯塚市柏の森11-6", "city": "飯塚市" }, "geometry": { "type": "Point", "coordinates": [ 130.715864493364421, 33.64331267553807 ] } },
{ "type": "Feature", "properties": { "fid": 1265, "P29_001": "40205", "P29_002": "D140320500028", "P29_003": "16004", "P29_004": "飯塚高等学校", "P29_005": "福岡県飯塚市立岩1224", "city": "飯塚市" }, "geometry": { "type": "Point", "coordinates": [ 130.699017563026217, 33.649564301001391 ] } },
{ "type": "Feature", "properties": { "fid": 1266, "P29_001": "40206", "P29_002": "D140320600018", "P29_003": "16004", "P29_004": "福智高等学校", "P29_005": "福岡県田川市大字伊田3934", "city": "田川市" }, "geometry": { "type": "Point", "coordinates": [ 130.81854468101659, 33.652523063437066 ] } },
{ "type": "Feature", "properties": { "fid": 1267, "P29_001": "40210", "P29_002": "D140321000012", "P29_003": "16004", "P29_004": "八女学院高等学校", "P29_005": "福岡県八女市本村425", "city": "八女市" }, "geometry": { "type": "Point", "coordinates": [ 130.556019890671479, 33.213470527818892 ] } },
{ "type": "Feature", "properties": { "fid": 1268, "P29_001": "40217", "P29_002": "D140321700024", "P29_003": "16004", "P29_004": "福岡常葉高等学校", "P29_005": "福岡県筑紫野市筑紫901", "city": "筑紫野市" }, "geometry": { "type": "Point", "coordinates": [ 130.543840187757041, 33.459082880223967 ] } },
{ "type": "Feature", "properties": { "fid": 1269, "P29_001": "40220", "P29_002": "D140322000010", "P29_003": "16004", "P29_004": "東海大学付属福岡高等学校", "P29_005": "福岡県宗像市田久1-9-2", "city": "宗像市" }, "geometry": { "type": "Point", "coordinates": [ 130.567067049175421, 33.800862572236476 ] } },
{ "type": "Feature", "properties": { "fid": 1270, "P29_001": "40221", "P29_002": "D140322100019", "P29_003": "16004", "P29_004": "筑陽学園高等学校", "P29_005": "福岡県太宰府市朱雀5-6-1", "city": "太宰府市" }, "geometry": { "type": "Point", "coordinates": [ 130.51678377549436, 33.510435742699492 ] } },
{ "type": "Feature", "properties": { "fid": 1271, "P29_001": "40221", "P29_002": "D140322100028", "P29_003": "16004", "P29_004": "筑紫台高等学校", "P29_005": "福岡県太宰府市連歌屋1-1-1", "city": "太宰府市" }, "geometry": { "type": "Point", "coordinates": [ 130.526908647826275, 33.520752939430537 ] } },
{ "type": "Feature", "properties": { "fid": 1272, "P29_001": "40101", "P29_002": "E140210000032", "P29_003": "16012", "P29_004": "北九州市立門司総合特別支援学校", "P29_005": "福岡県北九州市門司区矢筈町13-1", "city": "北九州市門司区" }, "geometry": { "type": "Point", "coordinates": [ 130.944844140231396, 33.916769511915071 ] } },
{ "type": "Feature", "properties": { "fid": 1273, "P29_001": "40103", "P29_002": "E140210000041", "P29_003": "16012", "P29_004": "北九州市立小池特別支援学校", "P29_005": "福岡県北九州市若松区小敷583-1", "city": "北九州市若松区" }, "geometry": { "type": "Point", "coordinates": [ 130.705067041173322, 33.885336989128078 ] } },
{ "type": "Feature", "properties": { "fid": 1274, "P29_001": "40109", "P29_002": "E140210000103", "P29_003": "16012", "P29_004": "北九州市立八幡西特別支援学校", "P29_005": "福岡県北九州市八幡西区下上津役4-8-2", "city": "北九州市八幡西区" }, "geometry": { "type": "Point", "coordinates": [ 130.748731954488704, 33.82686484302323 ] } },
{ "type": "Feature", "properties": { "fid": 1275, "P29_001": "40137", "P29_002": "E140213000018", "P29_003": "16012", "P29_004": "福岡県立福岡聴覚特別支援学校", "P29_005": "福岡県福岡市早良区荒江3-2-1", "city": "福岡市早良区" }, "geometry": { "type": "Point", "coordinates": [ 130.35367207599171, 33.571539291396725 ] } },
{ "type": "Feature", "properties": { "fid": 1276, "P29_001": "40137", "P29_002": "E140213000027", "P29_003": "16012", "P29_004": "福岡県立福岡高等聴覚特別支援学校", "P29_005": "福岡県福岡市早良区荒江3-2-2", "city": "福岡市早良区" }, "geometry": { "type": "Point", "coordinates": [ 130.353654449332026, 33.571801227213896 ] } },
{ "type": "Feature", "properties": { "fid": 1277, "P29_001": "40132", "P29_002": "E140213000054", "P29_003": "16012", "P29_004": "福岡市立特別支援学校「博多高等学園」", "P29_005": "福岡県福岡市博多区下呉服町10-40", "city": "福岡市博多区" }, "geometry": { "type": "Point", "coordinates": [ 130.408213281038286, 33.602741422460049 ] } },
{ "type": "Feature", "properties": { "fid": 1278, "P29_001": "40135", "P29_002": "E140213000090", "P29_003": "16012", "P29_004": "福岡市立今津特別支援学校", "P29_005": "福岡県福岡市西区大字今津5413", "city": "福岡市西区" }, "geometry": { "type": "Point", "coordinates": [ 130.251566226828231, 33.601244958052717 ] } },
{ "type": "Feature", "properties": { "fid": 1279, "P29_001": "40135", "P29_002": "E140213000107", "P29_003": "16012", "P29_004": "福岡市立生の松原特別支援学校", "P29_005": "福岡県福岡市西区野方7-825", "city": "福岡市西区" }, "geometry": { "type": "Point", "coordinates": [ 130.302577448658212, 33.557423795610639 ] } },
{ "type": "Feature", "properties": { "fid": 1280, "P29_001": "40134", "P29_002": "E140213000117", "P29_003": "16012", "P29_004": "福岡市立特別支援学校「清水高等学園」", "P29_005": "福岡県福岡市南区清水1-8-4", "city": "福岡市南区" }, "geometry": { "type": "Point", "coordinates": [ 130.421168214035362, 33.571875648630666 ] } },
{ "type": "Feature", "properties": { "fid": 1281, "P29_001": "40204", "P29_002": "E140220400019", "P29_003": "16012", "P29_004": "福岡県立直方特別支援学校", "P29_005": "福岡県直方市大字下境410-2", "city": "直方市" }, "geometry": { "type": "Point", "coordinates": [ 130.753401875354257, 33.731856039290726 ] } },
{ "type": "Feature", "properties": { "fid": 1282, "P29_001": "40207", "P29_002": "E140220700016", "P29_003": "16012", "P29_004": "福岡県立柳河特別支援学校", "P29_005": "福岡県柳川市三橋町今古賀170", "city": "柳川市" }, "geometry": { "type": "Point", "coordinates": [ 130.415679084499999, 33.162549124899421 ] } },
{ "type": "Feature", "properties": { "fid": 1283, "P29_001": "40216", "P29_002": "E140221600015", "P29_003": "16012", "P29_004": "福岡県立小郡特別支援学校", "P29_005": "福岡県小郡市下岩田2341-3", "city": "小郡市" }, "geometry": { "type": "Point", "coordinates": [ 130.582729633217014, 33.391033282524475 ] } },
{ "type": "Feature", "properties": { "fid": 1284, "P29_001": "40217", "P29_002": "E140221700023", "P29_003": "16012", "P29_004": "福岡県立福岡高等視覚特別支援学校", "P29_005": "福岡県筑紫野市大字牛島151", "city": "筑紫野市" }, "geometry": { "type": "Point", "coordinates": [ 130.546838705152055, 33.485599676541455 ] } },
{ "type": "Feature", "properties": { "fid": 1285, "P29_001": "40605", "P29_002": "E140260500014", "P29_003": "16012", "P29_004": "福岡県立川崎特別支援学校", "P29_005": "福岡県田川郡川崎町大字川崎2343", "city": "川崎町" }, "geometry": { "type": "Point", "coordinates": [ 130.816264846725232, 33.576418424431523 ] } },
{ "type": "Feature", "properties": { "fid": 1286, "P29_001": "40202", "P29_002": "E140220700016", "P29_003": "16012", "P29_004": "福岡県立柳河特別支援学校", "P29_005": "福岡県大牟田市橘1044-1", "city": "大牟田市" }, "geometry": { "type": "Point", "coordinates": [ 130.472952268727994, 33.072807930293841 ] } }
]
}
